reach,depth_min,depth_q1,depth_q5,depth_q25,depth_q50,depth_avg,depth_q75,depth_q95,depth_q99,depth_max,wwidth_min,wwidth_q1,wwidth_q5,wwidth_q25,wwidth_q50,wwidth_avg,wwidth_q75,wwidth_q95,wwidth_q99,wwidth_max,flow_min,flow_q1,flow_q5,flow_q25,flow_q50,flow_avg,flow_q75,flow_q95,flow_q99,flow_max,rtime_min,rtime_q1,rtime_q5,rtime_q25,rtime_q50,rtime_avg,rtime_q75,rtime_q95,rtime_q99,rtime_max,velocity_min,velocity_q1,velocity_q5,velocity_q25,velocity_q50,velocity_avg,velocity_q75,velocity_q95,velocity_q99,velocity_max
1.000,0.021,0.027,0.030,0.034,0.040,0.048,0.052,0.096,0.148,0.296,0.243,0.255,0.259,0.269,0.281,0.297,0.304,0.392,0.495,0.793,24.232,36.636,41.510,53.197,70.183,112.624,108.629,322.178,718.023,2933.772,0.005,0.007,0.009,0.012,0.014,0.013,0.015,0.016,0.017,0.020,0.059,0.068,0.071,0.077,0.084,0.090,0.096,0.131,0.163,0.232
10.000,0.061,0.074,0.079,0.089,0.101,0.116,0.124,0.206,0.296,0.548,1.122,1.148,1.157,1.177,1.202,1.231,1.248,1.411,1.592,2.096,59.460,88.338,100.054,128.231,169.175,271.473,261.795,776.585,1730.578,7020.487,0.012,0.022,0.032,0.053,0.066,0.063,0.075,0.085,0.090,0.109,0.011,0.013,0.014,0.015,0.018,0.020,0.022,0.036,0.053,0.096
100.000,0.169,0.211,0.229,0.271,0.326,0.404,0.436,0.869,1.382,2.844,0.338,0.422,0.458,0.541,0.652,0.808,0.872,1.737,2.763,5.688,2988.030,4191.194,4733.096,6075.160,8010.556,12842.690,12396.494,36715.752,81739.290,327629.562,0.003,0.005,0.006,0.008,0.009,0.009,0.010,0.010,0.011,0.012,0.099,0.110,0.114,0.122,0.132,0.141,0.149,0.202,0.255,0.391
1000.000,0.037,0.046,0.049,0.057,0.067,0.080,0.086,0.156,0.246,0.717,0.273,0.292,0.299,0.314,0.334,0.360,0.371,0.512,0.693,1.633,27.510,40.660,45.999,58.979,77.806,124.806,120.375,357.176,795.301,3159.840,0.012,0.014,0.016,0.020,0.023,0.022,0.025,0.027,0.028,0.031,0.037,0.042,0.043,0.047,0.051,0.053,0.057,0.074,0.083,0.100
1001.000,0.046,0.059,0.063,0.074,0.089,0.119,0.118,0.265,0.594,1.882,0.292,0.317,0.327,0.348,0.378,0.438,0.437,0.729,1.388,3.964,27.633,40.661,46.000,58.984,77.818,124.807,120.443,358.082,795.910,3068.038,0.018,0.028,0.030,0.032,0.033,0.034,0.035,0.037,0.061,0.129,0.009,0.019,0.031,0.033,0.035,0.035,0.036,0.038,0.041,0.063
1002.000,0.264,0.307,0.326,0.369,0.423,0.491,0.525,0.901,1.344,2.647,0.727,0.815,0.853,0.938,1.047,1.182,1.251,2.002,2.889,5.495,33.425,48.223,54.496,69.915,92.247,147.509,142.797,420.546,929.208,3670.466,0.057,0.207,0.230,0.267,0.287,0.283,0.302,0.318,0.329,0.367,0.003,0.004,0.004,0.004,0.004,0.004,0.004,0.005,0.006,0.020
1003.000,0.265,0.308,0.327,0.370,0.424,0.492,0.526,0.903,1.346,2.650,0.729,0.816,0.854,0.940,1.049,1.184,1.253,2.005,2.893,5.500,34.167,48.348,54.586,69.964,92.411,147.508,143.031,417.785,925.328,3891.700,0.081,0.215,0.237,0.268,0.287,0.283,0.302,0.317,0.326,0.508,0.002,0.004,0.004,0.004,0.004,0.004,0.004,0.005,0.005,0.014
1004.000,0.265,0.309,0.328,0.371,0.425,0.493,0.527,0.904,1.349,2.653,0.731,0.818,0.856,0.941,1.050,1.186,1.255,2.008,2.897,5.505,40.120,55.792,63.036,80.777,106.656,170.190,164.743,479.766,1071.661,4623.732,0.102,0.180,0.203,0.234,0.250,0.246,0.262,0.275,0.284,1.230,0.001,0.004,0.004,0.004,0.005,0.005,0.005,0.006,0.006,0.011
1005.000,0.265,0.309,0.328,0.371,0.425,0.493,0.528,0.905,1.351,2.655,0.730,0.818,0.856,0.942,1.051,1.186,1.256,2.010,2.901,5.510,-395.834,55.703,63.003,80.728,106.354,170.190,163.065,480.269,1089.199,4903.079,-12.004,0.168,0.196,0.234,0.252,0.249,0.264,0.278,0.321,34.166,-0.006,0.004,0.004,0.004,0.005,0.005,0.005,0.006,0.007,0.011
1006.000,0.265,0.309,0.328,0.371,0.425,0.493,0.528,0.906,1.352,2.657,0.730,0.818,0.856,0.942,1.051,1.187,1.256,2.012,2.904,5.514,-694.373,62.896,71.365,91.436,120.178,192.899,184.171,544.668,1245.366,5650.844,-111.230,0.145,0.170,0.206,0.222,0.222,0.234,0.248,0.314,390.934,-0.013,0.004,0.005,0.005,0.005,0.005,0.006,0.007,0.008,0.012
1007.000,0.264,0.308,0.327,0.370,0.425,0.493,0.528,0.906,1.353,2.659,0.728,0.816,0.854,0.941,1.050,1.186,1.256,2.013,2.905,5.517,-974.223,62.482,71.250,91.139,119.707,192.902,183.620,545.686,1257.655,5777.520,-90.461,0.100,0.119,0.146,0.158,0.156,0.167,0.179,0.248,163.549,-0.015,0.003,0.005,0.005,0.005,0.005,0.006,0.007,0.008,0.013
1008.000,0.039,0.049,0.053,0.061,0.072,0.085,0.092,0.165,0.248,0.483,0.277,0.298,0.306,0.322,0.343,0.369,0.383,0.530,0.696,1.166,29.336,44.291,50.180,64.309,84.840,136.143,131.301,389.416,868.254,3537.250,0.009,0.013,0.015,0.020,0.023,0.022,0.025,0.027,0.028,0.031,0.037,0.042,0.044,0.047,0.051,0.054,0.057,0.075,0.091,0.125
1009.000,0.073,0.091,0.097,0.111,0.129,0.148,0.161,0.273,0.392,0.715,0.345,0.382,0.395,0.422,0.457,0.497,0.522,0.745,0.985,1.629,58.799,88.595,100.361,128.617,169.683,272.288,262.607,779.080,1735.778,7057.844,0.009,0.013,0.017,0.022,0.025,0.024,0.027,0.029,0.030,0.034,0.035,0.039,0.040,0.043,0.047,0.050,0.053,0.070,0.087,0.126
101.000,0.235,0.283,0.303,0.350,0.410,0.489,0.527,0.966,1.473,2.915,0.469,0.566,0.607,0.700,0.821,0.979,1.055,1.933,2.946,5.829,3025.669,4235.864,4783.281,6139.716,8095.816,12979.613,12527.223,37108.729,82546.798,331031.812,0.003,0.005,0.006,0.010,0.011,0.011,0.012,0.014,0.014,0.016,0.071,0.081,0.085,0.094,0.104,0.114,0.122,0.180,0.238,0.382
1010.000,0.061,0.077,0.082,0.095,0.110,0.129,0.139,0.243,0.356,0.667,0.322,0.354,0.365,0.389,0.420,0.457,0.479,0.685,0.912,1.533,58.985,88.600,100.361,128.617,169.695,272.286,262.604,779.132,1734.765,7038.905,0.008,0.011,0.014,0.018,0.020,0.020,0.022,0.023,0.024,0.027,0.043,0.048,0.050,0.054,0.058,0.061,0.065,0.084,0.102,0.142
1011.000,0.094,0.116,0.124,0.140,0.161,0.184,0.199,0.328,0.462,0.813,0.387,0.432,0.447,0.481,0.522,0.567,0.598,0.856,1.124,1.825,64.176,95.984,108.724,139.336,183.830,295.017,284.505,844.330,1880.401,7617.178,0.011,0.016,0.020,0.028,0.032,0.031,0.034,0.037,0.038,0.043,0.027,0.030,0.032,0.034,0.037,0.039,0.042,0.057,0.071,0.108
1012.000,0.059,0.074,0.079,0.091,0.106,0.124,0.135,0.236,0.348,0.657,0.317,0.348,0.358,0.382,0.413,0.449,0.469,0.672,0.895,1.514,69.223,103.372,117.087,150.054,197.969,317.713,306.366,908.741,2025.167,8210.734,0.007,0.009,0.011,0.015,0.016,0.016,0.018,0.019,0.020,0.022,0.053,0.060,0.062,0.066,0.071,0.075,0.079,0.103,0.124,0.170
1013.000,0.182,0.214,0.225,0.248,0.277,0.306,0.328,0.492,0.655,1.063,0.564,0.628,0.650,0.697,0.754,0.811,0.857,1.184,1.510,2.327,74.695,110.780,125.451,160.786,212.132,340.366,328.298,974.266,2169.156,8802.990,0.015,0.026,0.035,0.053,0.062,0.060,0.069,0.076,0.080,0.093,0.013,0.015,0.015,0.017,0.019,0.021,0.022,0.033,0.045,0.076
1014.000,0.055,0.069,0.074,0.086,0.100,0.117,0.127,0.223,0.329,0.622,0.310,0.339,0.349,0.371,0.400,0.434,0.454,0.646,0.857,1.444,74.661,110.762,125.451,160.787,212.121,340.366,328.306,974.392,2167.801,8803.558,0.006,0.008,0.010,0.013,0.014,0.014,0.015,0.016,0.017,0.019,0.062,0.069,0.071,0.076,0.082,0.087,0.092,0.120,0.145,0.200
1015.000,0.190,0.222,0.234,0.258,0.288,0.317,0.341,0.510,0.678,1.095,0.579,0.645,0.668,0.717,0.776,0.835,0.882,1.220,1.556,2.389,80.277,118.173,133.814,171.524,226.291,363.172,350.171,1038.381,2314.204,9368.101,0.015,0.026,0.035,0.053,0.062,0.060,0.069,0.076,0.080,0.092,0.013,0.015,0.015,0.017,0.019,0.021,0.022,0.033,0.045,0.077
1016.000,0.051,0.064,0.069,0.079,0.093,0.109,0.118,0.208,0.308,0.585,0.303,0.329,0.338,0.359,0.386,0.418,0.436,0.616,0.816,1.370,80.311,118.171,133.814,171.516,226.278,363.170,350.196,1038.478,2313.927,9366.238,0.005,0.007,0.008,0.011,0.012,0.012,0.013,0.014,0.014,0.016,0.072,0.081,0.084,0.090,0.097,0.102,0.109,0.142,0.172,0.237
1017.000,0.197,0.230,0.242,0.267,0.298,0.329,0.353,0.533,0.715,1.182,0.594,0.660,0.684,0.734,0.796,0.859,0.906,1.265,1.629,2.565,100.940,147.814,167.268,214.442,282.894,453.883,437.722,1298.046,2891.956,11684.351,0.014,0.023,0.030,0.045,0.052,0.051,0.058,0.064,0.067,0.077,0.015,0.017,0.018,0.020,0.022,0.024,0.026,0.039,0.051,0.083
1018.000,0.095,0.118,0.126,0.143,0.166,0.191,0.207,0.351,0.507,0.932,0.389,0.435,0.451,0.487,0.532,0.583,0.614,0.902,1.214,2.065,203.576,303.015,342.899,439.611,579.906,930.234,897.362,2660.564,5924.892,23995.037,0.004,0.006,0.007,0.009,0.010,0.010,0.011,0.012,0.012,0.014,0.085,0.094,0.097,0.104,0.111,0.117,0.124,0.160,0.192,0.264
1019.000,0.268,0.313,0.328,0.361,0.401,0.441,0.472,0.701,0.930,1.505,0.737,0.826,0.857,0.923,1.003,1.082,1.145,1.602,2.059,3.211,209.712,310.436,351.262,450.356,594.154,953.155,919.262,2726.330,6071.123,24548.125,0.010,0.017,0.023,0.035,0.041,0.039,0.045,0.049,0.052,0.060,0.019,0.022,0.024,0.026,0.029,0.032,0.034,0.050,0.067,0.111
102.000,0.189,0.238,0.258,0.304,0.364,0.441,0.479,0.906,1.398,2.807,0.379,0.475,0.515,0.608,0.728,0.881,0.958,1.813,2.796,5.613,3024.664,4236.152,4783.281,6139.289,8095.872,12979.561,12527.137,37118.503,82536.424,331047.906,0.003,0.005,0.006,0.009,0.010,0.009,0.011,0.011,0.012,0.013,0.089,0.098,0.101,0.109,0.119,0.129,0.136,0.194,0.254,0.403
1020.000,0.125,0.153,0.163,0.185,0.212,0.241,0.261,0.429,0.606,1.072,0.450,0.506,0.526,0.570,0.624,0.683,0.723,1.059,1.411,2.344,210.188,310.426,351.262,450.349,594.083,953.154,919.376,2727.846,6068.997,24526.629,0.006,0.008,0.010,0.013,0.015,0.014,0.016,0.017,0.017,0.019,0.060,0.067,0.069,0.074,0.079,0.084,0.089,0.117,0.145,0.209
1021.000,0.099,0.122,0.131,0.149,0.172,0.197,0.214,0.359,0.515,0.934,0.398,0.445,0.461,0.498,0.543,0.595,0.628,0.918,1.230,2.068,220.279,325.240,367.989,471.809,622.378,998.436,963.028,2857.482,6358.696,25686.658,0.004,0.006,0.007,0.009,0.010,0.010,0.011,0.012,0.012,0.013,0.086,0.096,0.099,0.106,0.113,0.120,0.127,0.165,0.201,0.282
1022.000,0.119,0.146,0.156,0.177,0.203,0.231,0.251,0.414,0.585,1.037,0.438,0.492,0.511,0.553,0.606,0.663,0.701,1.027,1.371,2.274,220.724,325.219,367.989,471.801,622.396,998.432,963.003,2857.181,6359.371,25666.545,0.005,0.007,0.009,0.012,0.013,0.013,0.014,0.015,0.016,0.017,0.067,0.075,0.077,0.082,0.089,0.094,0.099,0.131,0.161,0.233
1023.000,0.102,0.126,0.134,0.153,0.176,0.202,0.219,0.368,0.528,0.965,0.404,0.452,0.469,0.506,0.553,0.605,0.639,0.936,1.255,2.130,260.055,384.367,434.896,557.606,735.525,1180.062,1138.364,3376.872,7515.148,30357.201,0.004,0.005,0.006,0.008,0.009,0.009,0.010,0.010,0.011,0.012,0.098,0.109,0.113,0.120,0.129,0.136,0.144,0.188,0.228,0.315
1024.000,0.123,0.151,0.162,0.184,0.211,0.242,0.262,0.438,0.634,1.241,0.447,0.503,0.523,0.567,0.622,0.685,0.724,1.077,1.468,2.682,265.402,391.764,443.259,568.327,749.695,1202.894,1159.966,3441.208,7663.619,30907.400,0.006,0.007,0.008,0.010,0.012,0.011,0.012,0.013,0.014,0.015,0.077,0.086,0.088,0.094,0.100,0.106,0.112,0.143,0.168,0.211
1025.000,0.167,0.205,0.218,0.248,0.287,0.333,0.358,0.617,0.933,2.028,0.533,0.609,0.637,0.697,0.773,0.867,0.915,1.434,2.067,4.256,266.165,391.684,443.261,568.349,749.756,1202.893,1160.274,3439.394,7662.300,30822.635,0.011,0.014,0.015,0.017,0.019,0.018,0.020,0.021,0.021,0.023,0.051,0.055,0.056,0.059,0.063,0.064,0.068,0.079,0.086,0.106
1026.000,0.372,0.431,0.452,0.498,0.555,0.620,0.659,1.020,1.433,2.670,0.945,1.062,1.104,1.197,1.311,1.439,1.519,2.239,3.066,5.540,272.524,399.261,451.646,579.187,764.028,1225.362,1182.612,3508.283,7795.153,31303.150,0.020,0.029,0.036,0.048,0.055,0.053,0.060,0.065,0.068,0.078,0.015,0.017,0.018,0.019,0.021,0.023,0.024,0.033,0.040,0.057
1027.000,0.356,0.412,0.432,0.477,0.532,0.596,0.634,0.992,1.410,2.657,0.912,1.023,1.064,1.154,1.265,1.393,1.469,2.184,3.019,5.514,272.782,399.426,451.668,579.269,764.267,1225.359,1182.574,3507.127,7795.489,31201.799,0.020,0.028,0.034,0.045,0.051,0.050,0.056,0.060,0.063,0.073,0.016,0.018,0.019,0.021,0.023,0.024,0.026,0.034,0.041,0.058
1028.000,0.334,0.386,0.405,0.449,0.503,0.567,0.602,0.960,1.383,2.643,0.867,0.971,1.011,1.097,1.205,1.334,1.405,2.121,2.966,5.487,300.933,436.462,493.530,633.064,835.154,1338.762,1292.850,3831.631,8501.233,33945.266,0.013,0.018,0.021,0.027,0.031,0.030,0.034,0.036,0.038,0.043,0.020,0.022,0.023,0.025,0.027,0.029,0.031,0.040,0.047,0.066
1029.000,0.015,0.020,0.021,0.025,0.029,0.035,0.038,0.071,0.111,0.229,0.231,0.240,0.243,0.249,0.258,0.270,0.276,0.342,0.421,0.658,9.775,14.762,16.727,21.436,28.280,45.396,43.770,129.804,289.377,1180.582,0.008,0.012,0.015,0.021,0.024,0.023,0.026,0.028,0.029,0.034,0.034,0.039,0.041,0.045,0.049,0.053,0.057,0.079,0.098,0.140
103.000,0.307,0.362,0.384,0.433,0.495,0.570,0.611,1.030,1.506,2.881,0.615,0.723,0.767,0.866,0.990,1.139,1.222,2.059,3.013,5.761,3108.577,4338.790,4898.529,6287.798,8290.547,13290.377,12828.603,38009.500,84507.930,338832.562,0.003,0.005,0.007,0.011,0.013,0.013,0.015,0.017,0.018,0.021,0.055,0.064,0.068,0.076,0.087,0.098,0.106,0.171,0.237,0.398
1030.000,0.021,0.026,0.028,0.033,0.039,0.047,0.051,0.095,0.149,0.309,0.241,0.253,0.257,0.266,0.278,0.294,0.301,0.391,0.498,0.819,14.692,22.147,25.090,32.154,42.420,68.072,65.649,194.788,434.240,1764.834,0.009,0.012,0.014,0.019,0.022,0.021,0.024,0.026,0.027,0.031,0.038,0.043,0.045,0.049,0.053,0.056,0.060,0.080,0.097,0.130
1031.000,0.181,0.214,0.226,0.251,0.282,0.312,0.336,0.511,0.686,1.123,0.561,0.629,0.652,0.702,0.763,0.824,0.872,1.222,1.572,2.446,49.497,73.888,83.634,107.210,141.442,226.939,218.892,649.619,1445.723,5863.090,0.025,0.042,0.056,0.082,0.096,0.092,0.106,0.115,0.120,0.139,0.008,0.010,0.010,0.011,0.012,0.013,0.014,0.021,0.028,0.046
1032.000,0.172,0.204,0.215,0.239,0.268,0.297,0.320,0.487,0.654,1.072,0.543,0.607,0.629,0.677,0.735,0.793,0.839,1.173,1.507,2.343,59.869,88.677,100.361,128.672,169.752,272.289,262.677,778.738,1735.253,7022.782,0.019,0.032,0.043,0.063,0.074,0.071,0.081,0.089,0.093,0.107,0.011,0.013,0.013,0.014,0.016,0.017,0.018,0.027,0.036,0.060
1033.000,0.169,0.198,0.208,0.230,0.256,0.283,0.304,0.455,0.607,0.986,0.539,0.596,0.617,0.660,0.713,0.766,0.807,1.110,1.414,2.172,60.463,88.720,100.361,128.680,169.760,272.290,262.671,779.378,1734.005,7006.977,0.017,0.028,0.038,0.058,0.069,0.066,0.077,0.085,0.089,0.104,0.011,0.013,0.014,0.015,0.017,0.019,0.020,0.030,0.041,0.070
1034.000,0.054,0.067,0.072,0.083,0.097,0.113,0.123,0.216,0.318,0.602,0.307,0.334,0.344,0.366,0.393,0.427,0.445,0.631,0.837,1.404,84.965,125.683,142.178,182.286,240.495,385.821,372.112,1103.568,2457.685,9942.961,0.005,0.007,0.008,0.011,0.012,0.012,0.013,0.014,0.014,0.016,0.073,0.082,0.084,0.090,0.097,0.103,0.109,0.143,0.173,0.240
1035.000,0.193,0.225,0.237,0.261,0.290,0.320,0.343,0.512,0.682,1.108,0.586,0.651,0.673,0.722,0.781,0.840,0.886,1.225,1.564,2.415,85.684,125.700,142.178,182.301,240.498,385.823,372.119,1103.579,2457.632,9923.380,0.015,0.024,0.033,0.050,0.059,0.057,0.066,0.073,0.076,0.089,0.013,0.015,0.016,0.018,0.020,0.022,0.023,0.035,0.047,0.080
1036.000,0.071,0.088,0.094,0.108,0.125,0.145,0.157,0.270,0.392,0.729,0.342,0.376,0.388,0.415,0.450,0.490,0.514,0.739,0.984,1.658,90.770,133.091,150.541,193.024,254.640,408.512,394.020,1167.962,2601.452,10500.604,0.006,0.009,0.011,0.014,0.016,0.015,0.017,0.018,0.019,0.021,0.055,0.061,0.063,0.068,0.073,0.077,0.082,0.107,0.130,0.181
1037.000,0.077,0.095,0.101,0.116,0.135,0.156,0.169,0.289,0.421,0.824,0.354,0.390,0.403,0.432,0.469,0.512,0.538,0.778,1.041,1.848,90.791,133.079,150.541,193.050,254.650,408.514,394.014,1167.927,2600.320,10503.562,0.008,0.010,0.012,0.016,0.018,0.017,0.019,0.020,0.021,0.023,0.050,0.055,0.057,0.061,0.066,0.070,0.074,0.096,0.116,0.151
1038.000,0.077,0.095,0.102,0.117,0.136,0.161,0.173,0.307,0.473,1.154,0.353,0.390,0.404,0.434,0.472,0.522,0.545,0.814,1.146,2.509,90.804,133.095,150.541,193.035,254.654,408.512,394.043,1168.370,2600.553,10477.353,0.010,0.012,0.013,0.016,0.018,0.018,0.019,0.020,0.021,0.023,0.050,0.055,0.057,0.061,0.065,0.067,0.071,0.087,0.095,0.114
1039.000,0.150,0.184,0.197,0.226,0.265,0.318,0.339,0.631,0.993,2.109,0.499,0.568,0.594,0.653,0.729,0.835,0.878,1.463,2.185,4.417,93.898,136.824,154.734,198.461,261.836,419.777,405.224,1201.686,2667.853,10676.898,0.026,0.037,0.042,0.046,0.047,0.047,0.049,0.051,0.052,0.064,0.018,0.022,0.023,0.024,0.025,0.025,0.025,0.028,0.031,0.045
104.000,0.285,0.336,0.357,0.403,0.461,0.532,0.570,0.964,1.416,2.742,0.571,0.672,0.714,0.806,0.923,1.063,1.140,1.928,2.832,5.484,3109.686,4338.774,4898.535,6287.607,8291.727,13290.462,12830.395,38011.368,84481.063,338844.531,0.003,0.005,0.006,0.010,0.012,0.012,0.014,0.016,0.017,0.020,0.059,0.069,0.073,0.082,0.094,0.106,0.114,0.185,0.256,0.426
1040.000,0.205,0.244,0.259,0.295,0.340,0.398,0.427,0.749,1.127,2.252,0.610,0.687,0.718,0.789,0.880,0.997,1.054,1.698,2.454,4.704,94.284,136.905,154.766,198.562,261.980,419.779,405.688,1200.910,2662.206,10589.791,0.032,0.050,0.058,0.066,0.070,0.070,0.074,0.078,0.080,0.096,0.012,0.014,0.015,0.016,0.016,0.017,0.018,0.020,0.023,0.037
1041.000,0.180,0.218,0.234,0.272,0.320,0.380,0.411,0.743,1.125,2.254,1.359,1.436,1.469,1.545,1.641,1.760,1.823,2.485,3.250,5.507,98.119,140.888,159.136,204.213,269.381,431.161,417.198,1229.336,2727.519,10731.186,0.030,0.051,0.061,0.082,0.093,0.090,0.101,0.108,0.113,0.128,0.005,0.006,0.006,0.007,0.007,0.008,0.008,0.011,0.013,0.023
1042.000,0.008,0.010,0.011,0.013,0.016,0.020,0.021,0.042,0.076,0.577,0.216,0.221,0.222,0.226,0.231,0.240,0.241,0.285,0.352,1.353,2.452,3.692,4.182,5.359,7.070,11.349,10.943,32.477,72.394,286.778,0.023,0.029,0.032,0.041,0.047,0.046,0.052,0.056,0.059,0.166,0.007,0.020,0.021,0.022,0.025,0.026,0.028,0.036,0.040,0.050
1043.000,0.170,0.208,0.225,0.263,0.311,0.371,0.402,0.733,1.115,2.244,0.541,0.617,0.650,0.726,0.822,0.941,1.003,1.666,2.431,4.688,-274.202,-8.093,3.690,5.115,6.835,11.348,10.655,35.157,86.943,495.515,-3511.293,-4.475,1.335,1.824,2.010,2.140,2.121,3.067,8.092,28140.398,-0.002,-0.000,0.000,0.000,0.001,0.001,0.001,0.001,0.001,0.010
1044.000,0.105,0.128,0.136,0.155,0.179,0.224,0.230,0.479,0.815,1.842,0.410,0.456,0.472,0.509,0.558,0.648,0.660,1.157,1.831,3.884,3.824,7.374,8.364,10.728,14.177,22.699,22.081,63.790,141.940,625.635,0.314,0.435,0.444,0.459,0.486,0.494,0.518,0.556,0.634,14.751,0.000,0.002,0.002,0.002,0.002,0.002,0.003,0.003,0.003,0.004
1045.000,0.122,0.145,0.153,0.172,0.196,0.241,0.247,0.497,0.834,1.861,0.443,0.490,0.506,0.543,0.592,0.682,0.694,1.194,1.868,3.923,25.103,36.987,41.820,53.656,70.832,113.473,109.970,325.022,712.256,2758.934,0.054,0.085,0.096,0.104,0.112,0.112,0.120,0.129,0.135,0.156,0.007,0.009,0.009,0.010,0.010,0.010,0.011,0.012,0.014,0.022
1046.000,0.111,0.131,0.139,0.156,0.180,0.228,0.234,0.495,0.835,1.865,0.422,0.462,0.477,0.512,0.560,0.656,0.667,1.190,1.871,3.930,25.389,36.997,41.822,53.681,70.891,113.474,110.186,323.952,705.010,2850.576,0.052,0.081,0.090,0.095,0.100,0.101,0.106,0.114,0.123,0.180,0.006,0.009,0.010,0.011,0.012,0.012,0.012,0.013,0.014,0.023
1047.000,0.067,0.087,0.095,0.116,0.146,0.198,0.211,0.492,0.835,1.867,0.334,0.374,0.391,0.432,0.492,0.596,0.622,1.183,1.870,3.935,25.447,37.010,41.829,53.708,70.935,113.474,110.296,322.893,705.484,2940.738,0.027,0.050,0.053,0.055,0.057,0.062,0.064,0.084,0.099,0.211,0.004,0.009,0.011,0.015,0.016,0.016,0.017,0.018,0.019,0.035
1048.000,0.055,0.068,0.073,0.087,0.112,0.165,0.176,0.451,0.775,1.741,0.311,0.336,0.346,0.375,0.425,0.531,0.552,1.102,1.751,3.682,-86.891,7.382,8.364,10.750,14.204,22.698,21.818,63.997,145.553,675.925,-28.563,0.223,0.232,0.236,0.249,0.286,0.301,0.439,0.629,61.671,-0.005,0.002,0.003,0.004,0.005,0.004,0.005,0.005,0.005,0.009
1049.000,0.045,0.058,0.064,0.080,0.108,0.161,0.175,0.452,0.778,1.743,0.289,0.316,0.327,0.360,0.416,0.522,0.549,1.104,1.755,3.687,-317.909,6.983,8.363,10.680,13.977,22.698,21.122,64.657,157.376,827.377,-701.550,0.200,0.201,0.208,0.232,0.269,0.290,0.445,0.976,170.245,-0.012,0.001,0.003,0.004,0.005,0.005,0.006,0.006,0.006,0.011
105.000,0.260,0.306,0.325,0.368,0.421,0.486,0.521,0.883,1.304,2.570,0.520,0.613,0.650,0.735,0.842,0.971,1.041,1.766,2.607,5.140,3122.168,4353.825,4915.265,6309.566,8320.614,13337.088,12872.639,38136.935,84802.766,339982.031,0.002,0.004,0.006,0.009,0.011,0.011,0.013,0.014,0.015,0.018,0.066,0.077,0.081,0.091,0.104,0.118,0.127,0.206,0.285,0.468
1050.000,0.048,0.063,0.070,0.090,0.121,0.174,0.191,0.471,0.797,1.763,0.295,0.327,0.341,0.381,0.443,0.548,0.581,1.141,1.794,3.726,-654.015,-11.074,8.016,10.359,13.541,22.700,20.744,68.642,177.454,1030.948,-7383.940,-0.658,0.225,0.240,0.267,0.415,0.316,0.502,1.387,28391.826,-0.018,-0.001,0.002,0.004,0.004,0.004,0.005,0.005,0.005,0.013
1051.000,0.092,0.113,0.121,0.144,0.178,0.230,0.249,0.531,0.858,1.825,0.384,0.425,0.443,0.488,0.555,0.660,0.698,1.263,1.916,3.850,-300.818,29.564,33.461,43.019,56.801,90.789,87.144,256.469,582.100,2672.089,-4.069,0.110,0.114,0.116,0.118,0.125,0.126,0.149,0.205,72.086,-0.012,0.006,0.008,0.009,0.010,0.009,0.010,0.010,0.011,0.024
1052.000,0.068,0.097,0.110,0.140,0.180,0.233,0.259,0.546,0.875,1.842,0.337,0.394,0.419,0.480,0.561,0.665,0.717,1.292,1.949,3.885,-335.741,29.538,33.461,43.016,56.768,90.790,86.874,256.615,585.072,2727.449,-10.628,0.022,0.024,0.026,0.028,0.029,0.031,0.037,0.053,4.329,-0.013,0.005,0.007,0.009,0.010,0.010,0.011,0.011,0.012,0.034
1053.000,0.186,0.233,0.252,0.294,0.346,0.409,0.445,0.796,1.194,2.332,0.572,0.666,0.704,0.787,0.893,1.018,1.089,1.792,2.587,4.864,-562.650,-66.753,-12.508,-0.457,0.278,0.000,1.816,13.327,48.057,362.631,-inf,-1195.908,-101.885,-6.808,6.869,nan,24.194,1048.034,inf,inf,-0.025,-0.001,-0.000,-0.000,0.000,0.000,0.000,0.000,0.001,0.002
1054.000,0.228,0.275,0.294,0.336,0.389,0.451,0.487,0.838,1.236,2.374,1.457,1.551,1.588,1.672,1.777,1.903,1.974,2.676,3.471,5.749,207.277,303.400,342.906,439.952,580.381,930.261,898.084,2660.724,5909.809,23569.342,0.034,0.047,0.058,0.081,0.093,0.090,0.102,0.111,0.116,0.135,0.009,0.010,0.010,0.011,0.013,0.013,0.014,0.020,0.025,0.035
1055.000,0.245,0.291,0.310,0.352,0.404,0.467,0.502,0.853,1.251,2.390,1.489,1.582,1.620,1.703,1.808,1.934,2.005,2.707,3.502,5.779,-161.381,303.523,342.912,440.087,580.333,930.270,898.201,2660.997,5915.995,23674.342,-0.122,0.012,0.015,0.021,0.025,0.024,0.028,0.030,0.032,0.042,-0.002,0.009,0.010,0.011,0.012,0.013,0.014,0.020,0.024,0.034
1056.000,0.063,0.080,0.086,0.099,0.115,0.135,0.146,0.256,0.379,0.805,0.326,0.360,0.371,0.397,0.430,0.469,0.491,0.711,0.958,1.809,58.653,88.577,100.361,128.617,169.678,272.287,262.623,778.793,1736.617,7046.234,0.011,0.013,0.015,0.019,0.021,0.021,0.023,0.024,0.025,0.028,0.041,0.046,0.048,0.051,0.055,0.057,0.061,0.078,0.092,0.110
1057.000,0.166,0.197,0.208,0.230,0.258,0.287,0.308,0.473,0.654,1.417,0.533,0.594,0.616,0.661,0.716,0.775,0.816,1.147,1.508,3.035,64.139,95.988,108.724,139.344,183.852,295.015,284.525,844.544,1880.180,7569.591,0.024,0.030,0.038,0.055,0.064,0.062,0.071,0.078,0.082,0.095,0.012,0.014,0.015,0.016,0.018,0.020,0.021,0.031,0.039,0.048
1058.000,0.114,0.137,0.146,0.164,0.186,0.214,0.228,0.378,0.559,1.396,1.228,1.274,1.291,1.327,1.373,1.427,1.457,1.756,2.118,3.792,204.813,302.848,342.899,439.552,579.901,930.235,897.410,2663.711,5930.526,23724.102,0.012,0.015,0.020,0.031,0.038,0.037,0.043,0.049,0.052,0.062,0.019,0.023,0.024,0.027,0.031,0.034,0.037,0.059,0.079,0.096
1059.000,0.101,0.120,0.127,0.143,0.162,0.186,0.197,0.327,0.499,1.379,1.202,1.241,1.255,1.285,1.323,1.372,1.394,1.654,1.999,3.758,204.923,302.943,342.899,439.583,579.911,930.238,897.341,2661.630,5931.809,23690.939,0.011,0.013,0.016,0.026,0.032,0.031,0.037,0.042,0.045,0.054,0.021,0.026,0.028,0.031,0.036,0.040,0.044,0.071,0.091,0.107
106.000,0.239,0.279,0.295,0.331,0.377,0.434,0.463,0.778,1.154,2.342,0.478,0.558,0.590,0.663,0.754,0.868,0.926,1.556,2.308,4.685,3128.222,4360.527,4923.631,6320.350,8334.115,13359.579,12893.176,38198.321,84899.124,340553.031,0.002,0.004,0.005,0.008,0.010,0.010,0.011,0.013,0.014,0.016,0.072,0.085,0.090,0.102,0.117,0.134,0.145,0.239,0.332,0.533
1060.000,0.038,0.049,0.053,0.062,0.075,0.098,0.100,0.218,0.414,1.365,1.077,1.098,1.106,1.125,1.150,1.195,1.201,1.436,1.828,3.729,205.247,302.907,342.899,439.586,579.900,930.246,897.413,2662.157,5931.652,23628.838,0.008,0.009,0.009,0.011,0.013,0.012,0.014,0.015,0.015,0.018,0.060,0.068,0.071,0.077,0.084,0.087,0.094,0.115,0.121,0.140
1061.000,0.062,0.078,0.084,0.096,0.112,0.130,0.141,0.245,0.359,0.677,0.323,0.356,0.367,0.392,0.423,0.460,0.482,0.690,0.918,1.553,78.140,118.091,133.814,171.490,226.239,363.164,350.166,1038.699,2314.766,9449.677,0.006,0.009,0.010,0.014,0.015,0.015,0.017,0.018,0.018,0.021,0.056,0.063,0.066,0.070,0.076,0.080,0.085,0.111,0.134,0.185
1062.000,0.088,0.110,0.118,0.135,0.156,0.181,0.196,0.334,0.485,0.897,0.376,0.420,0.436,0.470,0.512,0.561,0.591,0.869,1.170,1.993,78.442,118.134,133.814,171.490,226.238,363.166,350.163,1038.864,2312.856,9393.562,0.010,0.014,0.017,0.022,0.025,0.024,0.026,0.028,0.029,0.032,0.036,0.040,0.042,0.044,0.047,0.050,0.053,0.068,0.081,0.111
1063.000,0.110,0.138,0.147,0.168,0.194,0.223,0.242,0.404,0.575,1.016,0.421,0.476,0.495,0.536,0.588,0.645,0.683,1.008,1.349,2.232,83.737,125.502,142.178,182.208,240.406,385.821,372.075,1104.474,2459.200,9962.715,0.012,0.018,0.022,0.029,0.032,0.031,0.034,0.036,0.037,0.041,0.028,0.031,0.032,0.034,0.037,0.039,0.041,0.053,0.064,0.094
1064.000,0.157,0.189,0.200,0.224,0.253,0.282,0.305,0.473,0.642,1.062,0.513,0.578,0.601,0.648,0.706,0.764,0.810,1.146,1.483,2.325,84.266,125.521,142.178,182.219,240.414,385.823,372.030,1103.373,2458.539,9954.220,0.013,0.022,0.029,0.041,0.048,0.046,0.052,0.056,0.059,0.066,0.018,0.020,0.021,0.022,0.024,0.027,0.028,0.040,0.053,0.086
1065.000,0.050,0.063,0.068,0.078,0.091,0.107,0.116,0.202,0.298,0.558,0.301,0.326,0.336,0.356,0.382,0.413,0.431,0.605,0.796,1.317,89.366,132.907,150.541,192.939,254.556,408.514,393.911,1168.745,2603.383,10542.518,0.004,0.006,0.007,0.009,0.010,0.010,0.011,0.012,0.013,0.014,0.082,0.093,0.096,0.103,0.112,0.119,0.126,0.167,0.204,0.289
1066.000,0.042,0.052,0.056,0.065,0.076,0.089,0.097,0.172,0.256,0.488,0.283,0.305,0.313,0.330,0.352,0.379,0.394,0.544,0.712,1.175,89.467,132.904,150.541,192.946,254.550,408.515,393.974,1168.496,2603.255,10548.063,0.003,0.004,0.005,0.007,0.008,0.008,0.009,0.010,0.010,0.011,0.103,0.117,0.121,0.130,0.141,0.150,0.159,0.212,0.259,0.366
1067.000,0.053,0.066,0.071,0.082,0.095,0.111,0.121,0.212,0.312,0.587,0.306,0.333,0.342,0.364,0.391,0.423,0.442,0.623,0.823,1.373,92.054,136.609,154.723,198.311,261.648,419.772,404.956,1201.289,2674.944,10843.747,0.004,0.006,0.007,0.010,0.011,0.010,0.012,0.012,0.013,0.015,0.080,0.090,0.093,0.100,0.108,0.115,0.121,0.160,0.195,0.273
1068.000,0.075,0.094,0.101,0.115,0.134,0.155,0.168,0.287,0.416,0.771,0.350,0.388,0.401,0.430,0.467,0.509,0.535,0.774,1.033,1.742,131.272,195.710,221.630,284.047,374.796,601.452,579.974,1719.901,3831.767,15505.149,0.005,0.007,0.008,0.011,0.012,0.012,0.013,0.014,0.014,0.016,0.074,0.082,0.085,0.091,0.098,0.104,0.109,0.143,0.174,0.241
1069.000,0.100,0.124,0.133,0.151,0.175,0.201,0.218,0.366,0.526,0.978,0.401,0.449,0.466,0.503,0.550,0.602,0.635,0.933,1.253,2.156,131.615,195.717,221.630,284.097,374.775,601.454,579.994,1720.387,3831.550,15484.784,0.007,0.010,0.012,0.016,0.017,0.017,0.019,0.020,0.021,0.023,0.051,0.056,0.058,0.062,0.067,0.070,0.074,0.096,0.116,0.157
107.000,0.095,0.116,0.126,0.147,0.175,0.219,0.232,0.473,0.803,1.947,0.189,0.233,0.251,0.294,0.350,0.439,0.463,0.945,1.606,3.893,3127.855,4360.198,4923.632,6320.356,8334.062,13359.589,12892.231,38204.633,84848.118,340557.781,0.002,0.002,0.003,0.004,0.004,0.004,0.005,0.005,0.005,0.006,0.188,0.212,0.221,0.241,0.265,0.284,0.306,0.420,0.512,0.684
1070.000,0.111,0.138,0.147,0.168,0.193,0.222,0.241,0.406,0.582,1.131,0.422,0.475,0.494,0.535,0.587,0.645,0.682,1.011,1.364,2.462,132.013,195.760,221.630,284.095,374.776,601.457,579.998,1720.690,3828.179,15464.501,0.009,0.012,0.014,0.018,0.020,0.020,0.022,0.023,0.024,0.026,0.044,0.049,0.051,0.054,0.057,0.060,0.063,0.081,0.098,0.123
1071.000,0.208,0.245,0.258,0.285,0.318,0.351,0.376,0.567,0.761,1.461,0.616,0.690,0.715,0.769,0.835,0.902,0.953,1.333,1.721,3.122,132.183,195.719,221.630,284.100,374.794,601.456,580.051,1721.195,3831.297,15448.645,0.014,0.018,0.024,0.035,0.042,0.040,0.046,0.050,0.053,0.061,0.018,0.021,0.022,0.024,0.027,0.029,0.031,0.046,0.061,0.080
1072.000,0.014,0.017,0.019,0.022,0.026,0.031,0.033,0.063,0.099,0.213,0.227,0.235,0.237,0.243,0.251,0.262,0.266,0.326,0.399,0.626,2.466,3.692,4.182,5.359,7.071,11.349,10.943,32.486,72.318,292.720,0.030,0.041,0.051,0.071,0.082,0.079,0.089,0.097,0.102,0.117,0.010,0.011,0.012,0.013,0.014,0.015,0.016,0.023,0.028,0.039
1073.000,0.017,0.022,0.023,0.027,0.032,0.039,0.041,0.078,0.121,0.269,0.234,0.244,0.247,0.254,0.264,0.277,0.283,0.355,0.442,0.738,7.377,11.077,12.545,16.077,21.212,34.037,32.827,97.421,216.860,878.433,0.014,0.018,0.022,0.031,0.035,0.034,0.038,0.042,0.044,0.050,0.023,0.027,0.028,0.030,0.033,0.036,0.038,0.052,0.065,0.084
1074.000,0.020,0.026,0.028,0.033,0.039,0.048,0.051,0.099,0.163,0.663,0.240,0.252,0.256,0.265,0.277,0.296,0.301,0.398,0.527,1.526,7.423,11.079,12.545,16.079,21.212,34.038,32.830,97.358,216.944,862.166,0.020,0.028,0.031,0.039,0.044,0.043,0.047,0.051,0.053,0.067,0.017,0.022,0.023,0.025,0.027,0.028,0.030,0.038,0.042,0.059
1075.000,0.097,0.121,0.129,0.147,0.170,0.197,0.212,0.361,0.542,1.377,0.395,0.442,0.458,0.494,0.540,0.594,0.624,0.923,1.284,2.954,6.857,11.071,12.545,16.077,21.209,34.039,32.823,97.409,216.798,934.136,0.041,0.157,0.177,0.225,0.251,0.245,0.270,0.287,0.298,0.523,0.002,0.003,0.003,0.004,0.004,0.004,0.004,0.006,0.006,0.024
1076.000,0.020,0.026,0.028,0.033,0.039,0.050,0.051,0.100,0.183,1.318,0.240,0.252,0.256,0.265,0.278,0.300,0.302,0.399,0.566,2.836,4.906,7.385,8.363,10.718,14.141,22.698,21.886,64.940,145.590,623.379,0.038,0.043,0.047,0.059,0.066,0.065,0.071,0.076,0.080,0.441,0.003,0.014,0.015,0.016,0.018,0.018,0.020,0.025,0.027,0.031
1077.000,0.067,0.080,0.085,0.095,0.108,0.126,0.132,0.212,0.368,1.576,1.133,1.160,1.169,1.190,1.216,1.252,1.264,1.424,1.736,4.153,70.766,103.498,117.087,150.122,198.042,317.716,306.407,908.821,2025.888,8117.070,0.020,0.023,0.029,0.049,0.061,0.058,0.069,0.078,0.083,0.101,0.012,0.014,0.015,0.017,0.019,0.022,0.024,0.040,0.050,0.057
1078.000,0.014,0.018,0.019,0.023,0.027,0.043,0.037,0.097,0.352,1.592,1.028,1.035,1.038,1.045,1.055,1.087,1.075,1.194,1.703,4.184,70.759,103.498,117.087,150.128,198.046,317.716,306.401,908.899,2025.716,8127.881,0.007,0.009,0.009,0.010,0.012,0.012,0.013,0.014,0.019,0.042,0.022,0.049,0.069,0.075,0.081,0.082,0.090,0.101,0.104,0.133
1079.000,0.029,0.038,0.040,0.047,0.055,0.065,0.070,0.128,0.194,0.380,0.259,0.275,0.281,0.293,0.310,0.330,0.341,0.456,0.587,0.960,29.306,44.284,50.180,64.309,84.839,136.143,131.315,389.514,868.035,3544.018,0.006,0.009,0.011,0.014,0.016,0.016,0.018,0.019,0.020,0.023,0.051,0.058,0.060,0.065,0.071,0.075,0.080,0.108,0.132,0.187
108.000,0.167,0.203,0.218,0.253,0.298,0.361,0.387,0.736,1.154,2.420,0.334,0.406,0.436,0.506,0.597,0.723,0.775,1.472,2.308,4.840,3202.958,4457.994,5032.425,6460.339,8518.659,13657.454,13177.402,39042.150,86759.478,347898.188,0.002,0.003,0.004,0.006,0.008,0.007,0.008,0.009,0.010,0.011,0.107,0.122,0.127,0.140,0.154,0.168,0.180,0.261,0.339,0.521
1080.000,0.038,0.049,0.052,0.060,0.071,0.084,0.090,0.162,0.244,0.474,0.276,0.297,0.304,0.321,0.341,0.367,0.381,0.525,0.688,1.148,39.152,59.055,66.907,85.745,113.120,181.584,175.062,519.330,1157.345,4711.182,0.007,0.009,0.011,0.015,0.017,0.016,0.018,0.020,0.020,0.023,0.050,0.057,0.059,0.064,0.069,0.073,0.078,0.103,0.124,0.171
1081.000,0.069,0.087,0.094,0.108,0.126,0.148,0.161,0.284,0.421,0.795,0.337,0.374,0.387,0.416,0.453,0.497,0.522,0.769,1.042,1.789,44.249,66.453,75.270,96.464,127.274,204.258,196.986,584.665,1301.148,5276.073,0.015,0.020,0.024,0.029,0.032,0.032,0.034,0.037,0.038,0.042,0.028,0.031,0.032,0.034,0.036,0.038,0.039,0.049,0.058,0.078
1082.000,0.166,0.198,0.209,0.232,0.261,0.289,0.312,0.476,0.639,1.045,0.533,0.595,0.617,0.664,0.722,0.778,0.824,1.152,1.478,2.289,49.759,73.868,83.634,107.209,141.443,226.940,218.856,649.057,1445.832,5847.079,0.022,0.037,0.050,0.073,0.085,0.082,0.094,0.102,0.106,0.122,0.009,0.011,0.011,0.012,0.014,0.015,0.016,0.023,0.031,0.052
1083.000,0.169,0.198,0.208,0.230,0.257,0.283,0.304,0.456,0.607,0.981,0.538,0.596,0.617,0.660,0.713,0.766,0.808,1.112,1.414,2.162,55.201,81.271,91.997,117.939,155.600,249.611,240.751,714.466,1589.726,6424.544,0.018,0.031,0.042,0.064,0.075,0.073,0.084,0.092,0.097,0.113,0.010,0.012,0.013,0.014,0.015,0.017,0.018,0.028,0.038,0.064
1084.000,0.037,0.047,0.051,0.058,0.068,0.081,0.087,0.157,0.235,0.451,0.275,0.294,0.301,0.317,0.337,0.362,0.375,0.514,0.669,1.102,60.199,88.671,100.361,128.662,169.733,272.292,262.648,779.346,1734.382,7004.449,0.004,0.006,0.007,0.010,0.011,0.010,0.012,0.013,0.013,0.015,0.079,0.089,0.092,0.099,0.108,0.114,0.122,0.162,0.198,0.277
1085.000,0.085,0.105,0.113,0.128,0.148,0.170,0.184,0.308,0.437,0.767,0.371,0.411,0.425,0.457,0.496,0.539,0.569,0.816,1.074,1.734,60.477,88.685,100.361,128.667,169.744,272.293,262.649,778.869,1734.126,7011.824,0.011,0.016,0.020,0.027,0.030,0.029,0.033,0.035,0.036,0.040,0.029,0.032,0.033,0.036,0.038,0.041,0.043,0.058,0.072,0.110
1086.000,0.044,0.055,0.059,0.068,0.080,0.094,0.102,0.180,0.268,0.520,0.289,0.311,0.319,0.337,0.360,0.388,0.404,0.561,0.735,1.239,65.468,96.090,108.724,139.396,183.903,295.019,284.568,843.685,1878.959,7591.395,0.005,0.007,0.008,0.011,0.012,0.012,0.013,0.014,0.015,0.017,0.070,0.079,0.082,0.088,0.095,0.101,0.108,0.143,0.174,0.237
1087.000,0.053,0.066,0.071,0.081,0.095,0.111,0.120,0.210,0.314,0.956,0.306,0.332,0.342,0.363,0.390,0.423,0.440,0.619,0.828,2.113,65.517,96.085,108.724,139.397,183.890,295.020,284.516,843.858,1879.288,7584.483,0.002,0.002,0.002,0.003,0.004,0.004,0.004,0.004,0.004,0.005,0.057,0.064,0.066,0.071,0.076,0.081,0.086,0.114,0.133,0.146
1088.000,0.079,0.099,0.106,0.120,0.138,0.158,0.172,0.283,0.399,0.697,0.359,0.398,0.411,0.440,0.477,0.516,0.543,0.767,0.998,1.594,34.360,51.686,58.544,75.027,98.980,158.856,153.162,454.495,1012.036,4117.547,0.015,0.024,0.030,0.042,0.047,0.046,0.051,0.055,0.057,0.065,0.018,0.020,0.021,0.023,0.025,0.026,0.028,0.039,0.049,0.077
1089.000,0.037,0.047,0.050,0.058,0.068,0.081,0.087,0.157,0.236,0.460,0.274,0.294,0.301,0.316,0.336,0.361,0.374,0.514,0.672,1.120,39.329,59.071,66.907,85.745,113.130,181.582,175.066,519.468,1156.267,4695.366,0.006,0.009,0.011,0.014,0.016,0.016,0.017,0.019,0.020,0.022,0.052,0.060,0.062,0.067,0.072,0.077,0.081,0.108,0.131,0.180
109.000,0.151,0.186,0.201,0.235,0.279,0.339,0.366,0.696,1.087,2.297,0.301,0.372,0.401,0.470,0.559,0.678,0.731,1.391,2.175,4.595,3208.554,4464.784,5040.791,6471.146,8532.291,13679.779,13198.703,39110.648,86875.388,348465.500,0.002,0.003,0.004,0.006,0.007,0.007,0.008,0.008,0.009,0.010,0.119,0.133,0.139,0.151,0.166,0.181,0.192,0.278,0.365,0.560
1090.000,0.069,0.088,0.094,0.109,0.127,0.150,0.162,0.287,0.428,0.822,0.339,0.375,0.389,0.417,0.454,0.499,0.524,0.775,1.056,1.843,49.300,73.830,83.634,107.183,141.422,226.938,218.887,649.721,1445.886,5858.051,0.014,0.019,0.022,0.027,0.029,0.029,0.031,0.033,0.034,0.038,0.031,0.034,0.035,0.037,0.040,0.041,0.043,0.054,0.063,0.082
1091.000,0.188,0.221,0.233,0.259,0.290,0.322,0.346,0.527,0.707,1.159,0.575,0.643,0.666,0.718,0.781,0.844,0.892,1.253,1.614,2.517,54.914,81.290,91.997,117.953,155.614,249.609,240.797,714.071,1590.284,6424.784,0.024,0.040,0.054,0.079,0.091,0.088,0.101,0.110,0.115,0.132,0.009,0.010,0.011,0.012,0.013,0.014,0.015,0.022,0.029,0.048
1092.000,0.175,0.207,0.218,0.243,0.273,0.302,0.326,0.498,0.670,1.102,0.550,0.614,0.636,0.685,0.745,0.805,0.851,1.196,1.540,2.405,55.350,81.325,91.997,117.969,155.637,249.610,240.810,713.828,1588.737,6412.199,0.022,0.037,0.049,0.071,0.083,0.080,0.091,0.099,0.104,0.119,0.010,0.011,0.012,0.013,0.014,0.015,0.016,0.024,0.032,0.052
1093.000,0.164,0.194,0.204,0.227,0.256,0.284,0.306,0.469,0.633,1.044,0.528,0.587,0.608,0.655,0.711,0.768,0.812,1.139,1.465,2.288,55.774,81.356,91.998,117.993,155.653,249.610,240.823,714.138,1589.070,6414.918,0.020,0.033,0.044,0.064,0.075,0.072,0.082,0.090,0.094,0.107,0.011,0.012,0.013,0.014,0.016,0.017,0.018,0.026,0.035,0.057
1094.000,0.158,0.185,0.194,0.215,0.241,0.266,0.286,0.434,0.582,0.957,0.517,0.570,0.589,0.630,0.681,0.733,0.772,1.068,1.364,2.114,56.004,81.361,91.998,117.997,155.662,249.612,240.804,713.887,1588.138,6413.875,0.017,0.029,0.039,0.058,0.068,0.066,0.076,0.083,0.087,0.101,0.011,0.013,0.014,0.015,0.017,0.019,0.020,0.030,0.041,0.067
1095.000,0.071,0.088,0.093,0.106,0.122,0.139,0.151,0.243,0.349,0.683,0.342,0.375,0.387,0.413,0.445,0.478,0.502,0.686,0.898,1.566,56.162,81.355,91.998,117.990,155.639,249.612,240.846,714.192,1588.379,6411.845,0.008,0.011,0.014,0.020,0.023,0.022,0.025,0.027,0.028,0.031,0.034,0.038,0.039,0.042,0.046,0.050,0.053,0.077,0.096,0.124
1096.000,0.054,0.065,0.069,0.078,0.088,0.100,0.107,0.172,0.240,0.409,0.308,0.330,0.338,0.355,0.376,0.399,0.415,0.545,0.679,1.019,4.997,7.390,8.363,10.722,14.145,22.698,21.886,64.914,144.555,585.512,0.043,0.073,0.099,0.151,0.180,0.173,0.201,0.222,0.234,0.275,0.004,0.005,0.005,0.006,0.006,0.007,0.008,0.012,0.016,0.027
1097.000,0.010,0.012,0.013,0.016,0.018,0.022,0.024,0.046,0.073,0.160,0.220,0.225,0.227,0.231,0.237,0.245,0.248,0.291,0.345,0.520,5.017,7.391,8.363,10.722,14.145,22.699,21.886,64.940,144.624,584.491,0.010,0.014,0.017,0.024,0.028,0.027,0.031,0.034,0.036,0.041,0.028,0.033,0.034,0.037,0.041,0.044,0.048,0.067,0.085,0.118
1098.000,0.047,0.058,0.061,0.070,0.081,0.095,0.102,0.177,0.264,0.764,0.294,0.315,0.323,0.340,0.362,0.390,0.404,0.555,0.728,1.729,5.018,7.391,8.363,10.722,14.145,22.699,21.886,64.945,144.636,584.371,0.000,0.000,0.000,0.001,0.001,0.001,0.001,0.001,0.001,0.001,0.005,0.006,0.006,0.007,0.007,0.008,0.008,0.011,0.014,0.016
1099.000,0.049,0.060,0.064,0.072,0.083,0.097,0.104,0.179,0.266,0.767,1.099,1.120,1.127,1.145,1.167,1.194,1.208,1.359,1.532,2.533,24.872,36.962,41.817,53.615,70.730,113.472,109.450,324.413,722.690,2907.076,0.021,0.029,0.040,0.064,0.078,0.075,0.089,0.099,0.105,0.128,0.006,0.007,0.007,0.008,0.009,0.010,0.011,0.018,0.025,0.034
11.000,0.012,0.015,0.017,0.019,0.023,0.028,0.030,0.057,0.093,0.213,1.024,1.031,1.033,1.039,1.046,1.055,1.059,1.114,1.185,1.426,74.299,110.502,125.144,160.393,211.613,339.537,327.482,971.274,2165.800,8763.825,0.003,0.005,0.006,0.009,0.011,0.011,0.012,0.014,0.014,0.017,0.070,0.082,0.086,0.095,0.105,0.116,0.125,0.187,0.249,0.395
110.000,0.237,0.277,0.293,0.329,0.375,0.431,0.461,0.771,1.131,2.272,0.474,0.553,0.586,0.659,0.751,0.861,0.922,1.542,2.262,4.544,3208.832,4464.788,5040.798,6471.188,8532.338,13679.767,13199.496,39114.008,86799.854,348466.938,0.002,0.003,0.005,0.008,0.010,0.009,0.011,0.012,0.013,0.016,0.074,0.088,0.093,0.105,0.121,0.138,0.149,0.247,0.348,0.569
1100.000,0.023,0.029,0.032,0.037,0.043,0.052,0.056,0.103,0.157,0.314,0.246,0.259,0.264,0.274,0.287,0.303,0.312,0.406,0.515,0.828,19.541,29.523,33.454,42.872,56.559,90.791,87.542,259.645,578.666,2362.380,0.007,0.010,0.012,0.016,0.019,0.018,0.020,0.022,0.023,0.026,0.044,0.051,0.053,0.057,0.062,0.067,0.071,0.097,0.120,0.170
1101.000,0.015,0.019,0.020,0.023,0.028,0.033,0.036,0.067,0.105,0.218,0.229,0.237,0.240,0.247,0.255,0.267,0.272,0.335,0.410,0.635,19.574,29.527,33.454,42.872,56.560,90.791,87.537,259.633,578.746,2357.400,0.004,0.006,0.007,0.010,0.011,0.011,0.012,0.013,0.014,0.016,0.072,0.084,0.088,0.095,0.105,0.113,0.121,0.168,0.210,0.302
1102.000,0.031,0.040,0.043,0.050,0.058,0.069,0.074,0.134,0.200,0.376,0.263,0.280,0.286,0.299,0.316,0.337,0.349,0.468,0.600,0.952,19.654,29.532,33.454,42.872,56.564,90.792,87.528,259.760,578.186,2347.729,0.009,0.014,0.017,0.023,0.026,0.026,0.029,0.031,0.032,0.037,0.032,0.036,0.037,0.040,0.044,0.047,0.050,0.068,0.084,0.126
1103.000,0.022,0.028,0.030,0.035,0.041,0.049,0.053,0.098,0.152,0.316,0.244,0.256,0.260,0.269,0.282,0.298,0.306,0.396,0.503,0.832,19.678,29.529,33.454,42.872,56.564,90.792,87.539,259.779,578.161,2346.359,0.003,0.004,0.005,0.007,0.008,0.008,0.009,0.010,0.010,0.011,0.047,0.054,0.056,0.061,0.067,0.071,0.076,0.103,0.126,0.168
1104.000,0.012,0.016,0.017,0.020,0.023,0.028,0.030,0.057,0.089,0.188,0.224,0.231,0.234,0.239,0.246,0.256,0.260,0.313,0.378,0.575,10.220,15.454,17.510,22.440,29.605,47.531,45.823,135.881,302.863,1238.123,0.006,0.009,0.011,0.015,0.017,0.017,0.019,0.021,0.022,0.025,0.046,0.053,0.056,0.061,0.067,0.072,0.077,0.109,0.137,0.198
1105.000,0.016,0.020,0.022,0.026,0.030,0.036,0.039,0.073,0.115,0.237,0.232,0.241,0.244,0.251,0.260,0.273,0.278,0.347,0.429,0.674,10.247,15.455,17.510,22.440,29.604,47.531,45.818,135.895,302.932,1233.806,0.003,0.004,0.005,0.007,0.008,0.008,0.009,0.009,0.010,0.011,0.035,0.040,0.042,0.045,0.050,0.053,0.057,0.079,0.098,0.138
1106.000,0.185,0.221,0.234,0.265,0.303,0.345,0.373,0.613,0.871,1.577,0.570,0.641,0.669,0.730,0.806,0.891,0.945,1.426,1.942,3.354,-41.965,14.835,16.727,21.497,28.333,45.393,43.787,129.513,288.127,1172.717,-2.771,0.320,0.382,0.487,0.538,0.523,0.574,0.609,0.626,1.398,-0.002,0.002,0.002,0.002,0.002,0.002,0.002,0.003,0.004,0.005
1107.000,0.187,0.223,0.237,0.267,0.305,0.348,0.375,0.616,0.874,1.580,0.575,0.646,0.674,0.735,0.811,0.896,0.950,1.431,1.947,3.359,-207.907,14.007,16.720,21.249,28.129,45.396,43.573,130.414,294.190,1275.274,-590.617,0.293,0.365,0.487,0.546,0.541,0.589,0.647,0.858,281.687,-0.010,0.001,0.002,0.002,0.002,0.002,0.002,0.003,0.004,0.006
1108.000,0.190,0.226,0.239,0.270,0.308,0.350,0.378,0.618,0.876,1.582,0.579,0.651,0.679,0.740,0.816,0.901,0.956,1.436,1.953,3.365,-381.081,7.662,15.755,20.856,27.861,45.393,43.492,132.576,307.473,1392.706,-2975.740,0.233,0.337,0.479,0.551,0.548,0.602,0.738,1.441,2055.584,-0.018,0.000,0.002,0.002,0.002,0.002,0.002,0.003,0.004,0.008
1109.000,0.207,0.243,0.257,0.288,0.326,0.368,0.396,0.636,0.895,1.601,0.615,0.687,0.715,0.776,0.852,0.937,0.992,1.472,1.989,3.402,-476.082,-1.509,15.098,20.684,27.746,45.393,43.554,134.367,315.312,1456.660,-1548.001,-0.263,0.242,0.367,0.434,0.427,0.483,0.623,1.395,1620.070,-0.019,-0.000,0.001,0.002,0.002,0.002,0.002,0.003,0.004,0.008
111.000,0.085,0.104,0.112,0.131,0.155,0.194,0.204,0.410,0.701,1.808,0.170,0.208,0.224,0.261,0.310,0.387,0.408,0.820,1.403,3.616,3232.370,4495.639,5075.574,6515.928,8591.138,13772.467,13290.503,39381.859,87412.574,350810.344,0.001,0.002,0.002,0.003,0.004,0.004,0.004,0.005,0.005,0.005,0.217,0.245,0.256,0.281,0.310,0.334,0.361,0.507,0.617,0.777
1110.000,0.011,0.014,0.016,0.018,0.021,0.026,0.028,0.052,0.084,0.198,0.222,0.229,0.231,0.236,0.242,0.252,0.255,0.305,0.367,0.597,4.895,7.382,8.363,10.718,14.140,22.698,21.883,64.913,144.669,587.452,0.013,0.016,0.020,0.029,0.033,0.032,0.037,0.040,0.042,0.048,0.024,0.028,0.029,0.032,0.035,0.038,0.041,0.057,0.071,0.087
1111.000,0.015,0.019,0.021,0.024,0.029,0.040,0.039,0.088,0.197,1.006,0.229,0.238,0.241,0.248,0.258,0.280,0.278,0.376,0.594,2.212,4.926,7.383,8.363,10.718,14.142,22.698,21.890,64.944,144.872,613.859,0.005,0.008,0.009,0.009,0.010,0.010,0.011,0.012,0.013,0.054,0.005,0.020,0.021,0.023,0.025,0.025,0.027,0.030,0.030,0.050
1112.000,0.025,0.032,0.035,0.040,0.047,0.056,0.061,0.112,0.171,0.350,0.250,0.265,0.269,0.280,0.295,0.313,0.322,0.424,0.542,0.900,19.549,29.525,33.454,42.872,56.559,90.791,87.540,259.623,578.776,2358.718,0.008,0.011,0.013,0.018,0.021,0.020,0.023,0.024,0.025,0.029,0.040,0.046,0.048,0.052,0.056,0.060,0.064,0.086,0.106,0.143
1113.000,0.050,0.061,0.065,0.074,0.085,0.099,0.106,0.182,0.269,0.765,0.300,0.322,0.330,0.348,0.370,0.398,0.412,0.564,0.737,1.729,19.551,29.525,33.454,42.873,56.559,90.791,87.541,259.614,578.888,2357.243,0.000,0.000,0.000,0.001,0.001,0.001,0.001,0.001,0.001,0.001,0.018,0.022,0.023,0.025,0.027,0.029,0.031,0.044,0.053,0.068
1114.000,0.262,0.307,0.325,0.367,0.419,0.478,0.514,0.846,1.234,2.405,0.725,0.813,0.851,0.934,1.037,1.157,1.227,1.893,2.667,5.011,-214.677,5.450,8.120,10.513,13.957,22.695,21.628,65.623,152.745,685.530,-84265.547,0.887,1.195,1.617,1.824,1.487,1.966,2.353,4.492,10715.043,-0.011,0.000,0.000,0.001,0.001,0.001,0.001,0.001,0.001,0.002
1115.000,0.268,0.313,0.331,0.373,0.425,0.484,0.520,0.852,1.240,2.411,0.737,0.825,0.862,0.946,1.049,1.169,1.239,1.905,2.679,5.023,-402.721,11.766,16.321,21.067,27.938,45.392,43.277,131.084,304.196,1357.572,-18560.465,0.434,0.577,0.781,0.882,0.764,0.952,1.127,2.090,4136.581,-0.019,0.000,0.001,0.001,0.001,0.001,0.001,0.002,0.002,0.004
1116.000,0.011,0.015,0.016,0.018,0.022,0.026,0.028,0.054,0.085,0.180,0.223,0.229,0.232,0.237,0.244,0.253,0.257,0.308,0.370,0.561,7.333,11.072,12.545,16.077,21.209,34.036,32.828,97.361,217.036,885.273,0.008,0.011,0.014,0.020,0.023,0.022,0.025,0.027,0.029,0.033,0.035,0.041,0.043,0.046,0.051,0.055,0.059,0.083,0.104,0.150
1117.000,0.070,0.085,0.090,0.100,0.114,0.128,0.138,0.218,0.299,0.498,0.340,0.369,0.379,0.401,0.427,0.455,0.476,0.635,0.797,1.197,12.289,18.458,20.908,26.795,35.352,56.735,54.706,162.339,361.448,1470.988,0.014,0.024,0.033,0.050,0.059,0.057,0.065,0.072,0.076,0.090,0.008,0.009,0.009,0.010,0.012,0.013,0.014,0.021,0.028,0.049
112.000,0.106,0.131,0.142,0.167,0.202,0.260,0.272,0.590,1.043,2.495,0.211,0.262,0.284,0.335,0.403,0.520,0.544,1.180,2.087,4.990,3232.453,4496.114,5075.576,6516.005,8590.930,13772.437,13290.239,39386.426,87437.812,350802.594,0.002,0.003,0.003,0.004,0.005,0.005,0.005,0.006,0.006,0.007,0.173,0.193,0.201,0.217,0.236,0.248,0.266,0.338,0.386,0.503
113.000,0.293,0.347,0.370,0.421,0.487,0.571,0.613,1.085,1.630,3.142,0.587,0.695,0.740,0.842,0.973,1.143,1.225,2.170,3.260,6.284,3254.922,4524.460,5107.645,6557.194,8645.600,13857.937,13374.548,39634.675,87971.714,352950.969,0.003,0.005,0.007,0.011,0.013,0.012,0.014,0.016,0.017,0.019,0.060,0.070,0.074,0.082,0.092,0.102,0.110,0.167,0.223,0.366
114.000,0.268,0.318,0.340,0.388,0.451,0.533,0.572,1.029,1.561,3.044,0.535,0.637,0.679,0.777,0.902,1.066,1.144,2.059,3.121,6.088,3278.451,4554.611,5141.103,6600.182,8701.683,13949.452,13463.290,39875.999,88540.358,355192.062,0.003,0.005,0.006,0.010,0.012,0.011,0.013,0.014,0.015,0.017,0.067,0.077,0.081,0.090,0.101,0.111,0.120,0.179,0.237,0.385
115.000,0.248,0.295,0.315,0.360,0.419,0.499,0.535,0.978,1.494,2.945,0.497,0.590,0.629,0.720,0.839,0.998,1.070,1.955,2.989,5.891,3279.521,4554.098,5141.104,6600.050,8701.455,13949.476,13465.107,39869.093,88552.062,355176.375,0.003,0.005,0.006,0.009,0.011,0.010,0.012,0.013,0.014,0.016,0.072,0.084,0.088,0.098,0.109,0.120,0.129,0.191,0.251,0.404
116.000,0.176,0.221,0.240,0.285,0.343,0.421,0.457,0.889,1.390,2.806,0.353,0.442,0.480,0.569,0.686,0.842,0.913,1.778,2.781,5.612,3291.900,4569.407,5157.838,6622.056,8730.214,13993.822,13507.907,39996.214,88897.070,356288.469,0.003,0.004,0.005,0.008,0.009,0.008,0.009,0.010,0.010,0.011,0.104,0.114,0.118,0.126,0.136,0.147,0.154,0.214,0.276,0.434
117.000,0.312,0.366,0.389,0.440,0.503,0.580,0.623,1.054,1.543,2.921,0.624,0.733,0.778,0.879,1.007,1.160,1.246,2.108,3.086,5.842,3327.001,4614.123,5208.026,6686.470,8815.215,14131.059,13639.518,40377.683,89794.402,359655.219,0.003,0.005,0.007,0.011,0.013,0.012,0.015,0.016,0.017,0.020,0.058,0.067,0.071,0.080,0.090,0.102,0.110,0.176,0.244,0.414
118.000,0.290,0.341,0.362,0.409,0.469,0.541,0.581,0.986,1.450,2.773,0.579,0.681,0.723,0.818,0.938,1.082,1.162,1.973,2.900,5.546,3327.575,4614.021,5208.034,6686.428,8815.774,14131.168,13637.906,40386.341,89811.892,359641.219,0.003,0.004,0.006,0.010,0.012,0.011,0.013,0.015,0.016,0.019,0.062,0.073,0.077,0.086,0.098,0.110,0.119,0.191,0.264,0.445
119.000,0.268,0.315,0.334,0.378,0.433,0.501,0.537,0.915,1.350,2.613,0.535,0.629,0.668,0.756,0.866,1.001,1.074,1.830,2.701,5.225,3392.874,4698.958,5303.307,6809.019,8976.680,14389.653,13886.102,41117.512,91365.227,366049.375,0.002,0.004,0.005,0.009,0.011,0.010,0.012,0.014,0.014,0.017,0.069,0.081,0.085,0.096,0.109,0.123,0.133,0.213,0.294,0.493
12.000,0.017,0.022,0.024,0.028,0.033,0.040,0.042,0.081,0.131,0.295,1.035,1.044,1.048,1.055,1.065,1.080,1.085,1.163,1.262,1.591,74.473,110.500,125.144,160.405,211.608,339.539,327.441,971.274,2164.062,8770.952,0.004,0.007,0.009,0.014,0.016,0.015,0.018,0.020,0.020,0.024,0.049,0.057,0.060,0.066,0.073,0.080,0.086,0.128,0.170,0.266
120.000,0.246,0.286,0.303,0.341,0.389,0.449,0.480,0.814,1.206,2.376,0.491,0.573,0.606,0.683,0.779,0.898,0.960,1.627,2.412,4.751,3393.448,4698.859,5303.315,6809.279,8977.540,14389.618,13888.104,41116.666,91459.892,366035.594,0.002,0.003,0.005,0.008,0.010,0.009,0.011,0.012,0.013,0.015,0.076,0.089,0.095,0.107,0.122,0.139,0.150,0.244,0.339,0.562
121.000,0.117,0.143,0.154,0.180,0.214,0.261,0.280,0.539,0.870,1.917,0.234,0.287,0.309,0.360,0.428,0.523,0.559,1.079,1.740,3.834,3393.997,4698.581,5303.320,6809.241,8977.204,14389.610,13887.924,41111.798,91470.277,366024.500,0.002,0.002,0.003,0.004,0.005,0.005,0.006,0.006,0.006,0.007,0.164,0.184,0.192,0.210,0.232,0.252,0.270,0.390,0.502,0.750
122.000,0.175,0.205,0.218,0.245,0.280,0.321,0.344,0.575,0.841,1.666,3.351,3.411,3.436,3.491,3.560,3.643,3.688,4.150,4.682,6.332,5076.031,7054.556,7963.564,10223.773,13478.746,21606.854,20857.266,61745.888,137135.086,549998.062,0.002,0.003,0.005,0.009,0.011,0.010,0.012,0.014,0.015,0.018,0.066,0.078,0.083,0.095,0.109,0.127,0.136,0.236,0.350,0.658
123.000,0.163,0.191,0.202,0.227,0.258,0.296,0.317,0.527,0.771,1.540,3.327,3.381,3.404,3.454,3.516,3.591,3.634,4.055,4.542,6.080,5076.478,7054.172,7963.577,10223.546,13478.218,21606.912,20853.677,61755.684,137187.726,549982.312,0.002,0.003,0.004,0.008,0.010,0.009,0.011,0.013,0.014,0.016,0.071,0.084,0.090,0.102,0.118,0.138,0.148,0.259,0.384,0.720
124.000,0.145,0.169,0.178,0.200,0.227,0.259,0.277,0.458,0.669,1.368,3.290,3.337,3.357,3.400,3.454,3.519,3.554,3.917,4.338,5.737,5083.458,7060.960,7971.959,10234.184,13493.278,21628.736,20877.636,61819.278,137397.916,550530.562,0.001,0.003,0.004,0.007,0.009,0.008,0.010,0.011,0.012,0.014,0.080,0.096,0.102,0.117,0.135,0.158,0.170,0.300,0.448,0.823
125.000,0.051,0.062,0.067,0.078,0.092,0.113,0.120,0.234,0.392,1.063,3.102,3.124,3.134,3.155,3.184,3.226,3.240,3.469,3.785,5.125,5083.784,7061.094,7971.972,10234.637,13493.620,21628.770,20877.403,61817.894,137424.719,550511.250,0.001,0.001,0.002,0.003,0.003,0.003,0.004,0.004,0.004,0.005,0.231,0.263,0.276,0.304,0.338,0.373,0.400,0.600,0.784,1.089
126.000,0.053,0.065,0.070,0.083,0.099,0.127,0.132,0.280,0.509,1.461,3.106,3.130,3.141,3.165,3.197,3.253,3.263,3.559,4.018,5.922,5090.637,7068.705,7980.348,10245.145,13508.025,21651.260,20900.696,61886.200,137624.060,551044.375,0.002,0.002,0.002,0.003,0.004,0.004,0.004,0.004,0.005,0.005,0.222,0.251,0.262,0.286,0.315,0.338,0.365,0.501,0.598,0.765
127.000,0.145,0.177,0.191,0.224,0.266,0.323,0.349,0.664,1.031,2.133,3.289,3.354,3.382,3.447,3.532,3.646,3.699,4.328,5.062,7.266,5091.724,7069.236,7980.350,10245.318,13507.875,21651.160,20898.406,61877.763,137654.898,551003.375,0.002,0.004,0.006,0.009,0.010,0.010,0.011,0.012,0.013,0.014,0.081,0.091,0.095,0.104,0.115,0.127,0.134,0.203,0.281,0.495
128.000,0.132,0.166,0.181,0.215,0.258,0.315,0.342,0.655,1.017,2.100,3.265,3.333,3.362,3.429,3.517,3.629,3.685,4.311,5.033,7.199,5160.925,7147.707,8069.077,10359.179,13658.337,21896.461,21131.287,62561.580,139155.671,556940.562,0.002,0.004,0.006,0.008,0.010,0.009,0.011,0.011,0.012,0.013,0.089,0.098,0.102,0.110,0.120,0.132,0.139,0.209,0.289,0.510
129.000,0.209,0.247,0.263,0.298,0.344,0.399,0.429,0.740,1.096,2.160,3.419,3.494,3.525,3.597,3.687,3.799,3.858,4.480,5.191,7.320,5161.417,7147.451,8069.057,10359.615,13658.899,21896.432,21128.601,62564.323,139107.894,556903.625,0.002,0.004,0.006,0.011,0.013,0.012,0.015,0.017,0.018,0.021,0.056,0.066,0.070,0.078,0.089,0.102,0.110,0.183,0.266,0.493
13.000,0.010,0.013,0.014,0.016,0.019,0.023,0.025,0.048,0.077,0.179,1.020,1.026,1.028,1.032,1.038,1.047,1.050,1.096,1.155,1.357,79.446,117.890,133.507,171.132,225.751,362.378,349.337,1036.119,2308.410,9353.517,0.002,0.004,0.005,0.007,0.009,0.008,0.010,0.011,0.011,0.013,0.090,0.105,0.110,0.121,0.135,0.149,0.159,0.240,0.322,0.517
130.000,0.206,0.243,0.259,0.294,0.338,0.393,0.422,0.727,1.075,2.119,3.413,3.487,3.518,3.588,3.677,3.786,3.845,4.454,5.150,7.237,5187.806,7177.643,8102.499,10403.004,13714.670,21989.707,21216.697,62824.691,139637.052,559115.000,0.002,0.004,0.006,0.010,0.013,0.012,0.015,0.016,0.017,0.020,0.057,0.067,0.071,0.080,0.091,0.105,0.112,0.187,0.273,0.506
131.000,0.217,0.253,0.269,0.303,0.347,0.400,0.429,0.725,1.064,2.083,3.435,3.507,3.537,3.606,3.693,3.800,3.858,4.451,5.129,7.166,5301.920,7312.851,8253.204,10596.542,13970.304,22391.520,21611.897,63999.987,142195.693,569096.688,0.002,0.004,0.006,0.010,0.013,0.012,0.015,0.017,0.018,0.021,0.056,0.065,0.070,0.079,0.091,0.105,0.112,0.191,0.281,0.526
132.000,0.214,0.249,0.264,0.297,0.340,0.391,0.420,0.707,1.035,2.026,3.427,3.498,3.527,3.595,3.680,3.782,3.840,4.414,5.071,7.053,5302.456,7312.607,8253.213,10596.728,13969.820,22391.719,21613.240,64028.458,142282.917,569056.625,0.002,0.004,0.006,0.010,0.013,0.012,0.014,0.016,0.017,0.021,0.057,0.067,0.071,0.080,0.092,0.107,0.115,0.197,0.290,0.543
133.000,0.208,0.243,0.257,0.290,0.331,0.381,0.408,0.685,1.002,1.963,3.417,3.485,3.514,3.580,3.662,3.762,3.817,4.371,5.005,6.926,5333.079,7350.460,8295.061,10650.692,14041.504,22504.133,21726.563,64347.470,143057.613,571806.562,0.002,0.004,0.006,0.010,0.012,0.012,0.014,0.016,0.017,0.020,0.058,0.069,0.073,0.083,0.095,0.111,0.119,0.204,0.302,0.566
134.000,0.201,0.234,0.248,0.280,0.320,0.367,0.393,0.658,0.961,1.887,3.402,3.469,3.497,3.560,3.639,3.733,3.787,4.316,4.923,6.774,5333.896,7349.995,8295.103,10650.890,14040.911,22504.037,21725.022,64344.077,143086.051,571766.312,0.002,0.004,0.005,0.009,0.012,0.011,0.014,0.015,0.016,0.019,0.060,0.071,0.076,0.086,0.099,0.115,0.124,0.213,0.316,0.593
135.000,0.192,0.224,0.237,0.267,0.305,0.350,0.375,0.626,0.913,1.799,3.385,3.448,3.475,3.535,3.610,3.700,3.750,4.251,4.826,6.598,5341.309,7356.915,8303.492,10661.523,14055.815,22526.225,21744.056,64424.669,143209.303,572290.750,0.002,0.003,0.005,0.009,0.011,0.011,0.013,0.015,0.016,0.018,0.063,0.075,0.079,0.090,0.104,0.121,0.130,0.225,0.334,0.627
136.000,0.181,0.211,0.224,0.252,0.287,0.328,0.352,0.585,0.854,1.692,3.363,3.422,3.447,3.503,3.573,3.656,3.703,4.171,4.708,6.384,5348.715,7364.071,8311.885,10672.326,14069.427,22548.953,21762.612,64490.480,143305.878,572819.750,0.002,0.003,0.005,0.008,0.010,0.010,0.012,0.014,0.015,0.017,0.067,0.079,0.085,0.096,0.111,0.129,0.139,0.242,0.360,0.673
137.000,0.169,0.196,0.208,0.233,0.265,0.303,0.325,0.539,0.785,1.571,3.338,3.392,3.415,3.466,3.530,3.607,3.649,4.077,4.570,6.142,5356.210,7372.578,8320.254,10682.837,14083.659,22570.863,21786.324,64545.813,143424.165,573348.250,0.002,0.003,0.004,0.008,0.010,0.009,0.011,0.013,0.014,0.016,0.072,0.086,0.091,0.104,0.120,0.141,0.151,0.264,0.394,0.733
138.000,0.151,0.174,0.184,0.206,0.234,0.266,0.285,0.468,0.680,1.398,3.301,3.348,3.368,3.412,3.467,3.533,3.570,3.936,4.361,5.796,5356.705,7372.222,8320.257,10683.177,14084.533,22570.924,21787.010,64550.640,143425.990,573314.500,0.001,0.003,0.004,0.007,0.008,0.008,0.010,0.011,0.012,0.014,0.082,0.097,0.103,0.118,0.137,0.161,0.173,0.306,0.459,0.837
139.000,0.045,0.054,0.059,0.069,0.082,0.102,0.108,0.219,0.381,1.095,3.089,3.109,3.117,3.137,3.163,3.204,3.215,3.438,3.761,5.189,5363.645,7379.700,8328.632,10693.770,14099.176,22593.922,21809.498,64613.364,143559.922,573886.938,0.001,0.001,0.002,0.002,0.003,0.003,0.003,0.004,0.004,0.004,0.278,0.314,0.329,0.361,0.399,0.434,0.467,0.672,0.845,1.101
14.000,0.014,0.017,0.019,0.021,0.025,0.031,0.033,0.064,0.105,0.246,1.027,1.034,1.037,1.043,1.051,1.062,1.066,1.128,1.210,1.492,79.579,117.907,133.507,171.129,225.766,362.378,349.397,1036.487,2308.753,9358.758,0.003,0.005,0.007,0.010,0.012,0.011,0.013,0.014,0.015,0.017,0.067,0.079,0.082,0.091,0.101,0.111,0.119,0.176,0.232,0.355
140.000,0.220,0.257,0.273,0.309,0.355,0.412,0.441,0.759,1.134,2.274,3.441,3.515,3.546,3.618,3.709,3.824,3.882,4.518,5.267,7.547,5375.976,7396.174,8345.365,10715.582,14126.695,22638.635,21851.765,64723.524,143807.636,575025.750,0.002,0.004,0.006,0.011,0.013,0.012,0.015,0.017,0.018,0.021,0.055,0.065,0.069,0.078,0.089,0.103,0.110,0.184,0.265,0.479
141.000,0.215,0.251,0.267,0.302,0.347,0.403,0.431,0.742,1.109,2.229,3.430,3.503,3.534,3.604,3.693,3.806,3.862,4.483,5.218,7.458,5410.233,7433.255,8387.276,10769.727,14198.319,22751.305,21964.336,65034.292,144497.728,577814.812,0.002,0.004,0.006,0.010,0.013,0.012,0.014,0.016,0.017,0.020,0.057,0.067,0.071,0.080,0.092,0.106,0.114,0.190,0.273,0.493
142.000,0.207,0.242,0.258,0.292,0.336,0.390,0.418,0.721,1.080,2.181,3.414,3.485,3.515,3.584,3.671,3.780,3.836,4.441,5.160,7.362,5506.833,7543.715,8511.666,10929.900,14409.644,23100.637,22289.341,65980.250,146643.028,586036.750,0.002,0.004,0.006,0.010,0.012,0.012,0.014,0.016,0.016,0.019,0.061,0.071,0.075,0.085,0.097,0.111,0.119,0.199,0.285,0.513
143.000,0.199,0.233,0.248,0.281,0.324,0.376,0.403,0.697,1.047,2.126,3.398,3.466,3.496,3.563,3.647,3.753,3.806,4.393,5.094,7.251,5507.212,7543.521,8511.702,10930.394,14408.526,23100.521,22287.726,65967.155,146632.072,586063.500,0.002,0.004,0.006,0.009,0.012,0.011,0.013,0.015,0.016,0.018,0.063,0.074,0.078,0.088,0.100,0.115,0.124,0.206,0.295,0.529
144.000,0.191,0.224,0.238,0.270,0.311,0.362,0.388,0.672,1.013,2.069,3.382,3.448,3.476,3.541,3.622,3.725,3.775,4.344,5.026,7.137,5514.223,7550.298,8520.124,10940.979,14423.442,23123.117,22312.020,66028.526,146785.917,586639.438,0.002,0.004,0.005,0.009,0.011,0.011,0.013,0.014,0.015,0.018,0.066,0.077,0.081,0.092,0.105,0.120,0.129,0.214,0.306,0.547
145.000,0.181,0.213,0.226,0.257,0.295,0.345,0.368,0.642,0.973,2.004,3.362,3.425,3.452,3.514,3.591,3.689,3.737,4.285,4.946,7.008,5514.878,7551.188,8520.107,10941.062,14422.871,23123.029,22315.694,66025.332,146744.867,586660.562,0.002,0.004,0.005,0.009,0.011,0.010,0.012,0.014,0.014,0.017,0.070,0.081,0.086,0.097,0.110,0.126,0.136,0.225,0.320,0.567
146.000,0.168,0.198,0.210,0.239,0.276,0.323,0.345,0.607,0.927,1.932,3.336,3.395,3.420,3.478,3.551,3.646,3.689,4.214,4.855,6.864,5528.533,7566.039,8536.871,10962.428,14451.290,23167.170,22363.111,66151.477,147030.266,587781.312,0.002,0.003,0.005,0.008,0.010,0.009,0.011,0.013,0.013,0.015,0.075,0.087,0.092,0.104,0.119,0.135,0.146,0.239,0.337,0.593
147.000,0.168,0.195,0.207,0.233,0.267,0.312,0.332,0.581,0.890,1.867,3.336,3.390,3.414,3.467,3.534,3.625,3.663,4.161,4.779,6.734,5542.179,7581.767,8553.647,10984.051,14479.307,23210.982,22404.258,66285.040,147316.951,588898.062,0.002,0.003,0.005,0.008,0.009,0.009,0.011,0.012,0.013,0.015,0.075,0.089,0.094,0.107,0.123,0.140,0.152,0.251,0.354,0.619
148.000,0.148,0.172,0.182,0.206,0.236,0.278,0.295,0.528,0.826,1.776,3.297,3.344,3.365,3.412,3.472,3.557,3.589,4.057,4.652,6.552,5542.910,7580.579,8553.631,10983.868,14480.833,23210.918,22405.008,66281.821,147322.051,588908.188,0.002,0.003,0.004,0.007,0.008,0.008,0.010,0.011,0.012,0.014,0.086,0.101,0.107,0.122,0.139,0.158,0.172,0.277,0.383,0.657
149.000,0.084,0.103,0.112,0.132,0.159,0.201,0.214,0.443,0.735,1.661,3.167,3.206,3.223,3.264,3.319,3.402,3.429,3.886,4.470,6.323,5590.079,7634.465,8614.356,11062.178,14583.544,23373.158,22565.515,66751.103,148351.827,592903.188,0.002,0.003,0.003,0.005,0.006,0.005,0.006,0.007,0.007,0.008,0.154,0.171,0.178,0.192,0.210,0.226,0.240,0.336,0.438,0.718
15.000,0.055,0.071,0.076,0.089,0.106,0.128,0.138,0.262,0.404,0.800,1.110,1.141,1.153,1.178,1.212,1.256,1.277,1.523,1.807,2.600,150.530,222.880,252.336,323.443,426.707,684.814,660.379,1958.652,4363.202,17670.125,0.008,0.013,0.017,0.024,0.027,0.026,0.030,0.033,0.034,0.039,0.030,0.034,0.036,0.039,0.042,0.046,0.049,0.069,0.090,0.143
150.000,0.193,0.224,0.237,0.267,0.304,0.349,0.373,0.626,0.923,1.834,4.886,4.947,4.974,5.033,5.108,5.199,5.247,5.752,6.346,8.168,11405.350,15531.798,17524.317,22500.186,29662.445,47471.977,45867.604,135380.466,300431.974,1191222.750,0.001,0.002,0.003,0.005,0.007,0.007,0.008,0.009,0.010,0.011,0.104,0.122,0.130,0.148,0.171,0.198,0.214,0.369,0.544,1.018
151.000,0.179,0.207,0.219,0.246,0.280,0.322,0.344,0.578,0.854,1.717,4.859,4.914,4.938,4.993,5.061,5.146,5.189,5.655,6.209,7.934,11482.260,15631.527,17636.664,22643.929,29851.730,47770.602,46165.113,136240.044,302178.575,1198434.375,0.001,0.002,0.003,0.005,0.006,0.006,0.007,0.008,0.009,0.010,0.113,0.133,0.142,0.161,0.186,0.217,0.234,0.404,0.594,1.103
152.000,0.157,0.181,0.192,0.215,0.244,0.281,0.300,0.505,0.754,1.557,4.815,4.862,4.883,4.930,4.989,5.062,5.100,5.510,6.009,7.613,11482.924,15631.318,17636.597,22643.682,29850.727,47770.621,46165.365,136229.667,302198.838,1198431.125,0.001,0.002,0.003,0.004,0.005,0.005,0.006,0.007,0.008,0.009,0.129,0.152,0.162,0.185,0.214,0.249,0.269,0.465,0.677,1.230
153.000,0.070,0.085,0.092,0.108,0.128,0.159,0.169,0.338,0.562,1.312,4.641,4.671,4.684,4.715,4.756,4.819,4.838,5.175,5.624,7.123,11493.289,15641.604,17647.946,22658.196,29870.127,47801.332,46194.645,136325.553,302439.720,1199180.500,0.001,0.001,0.002,0.002,0.003,0.003,0.003,0.003,0.004,0.004,0.290,0.326,0.340,0.373,0.413,0.451,0.483,0.704,0.923,1.486
154.000,0.147,0.171,0.182,0.206,0.236,0.274,0.294,0.505,0.753,1.499,4.794,4.842,4.863,4.911,4.972,5.048,5.087,5.509,6.006,7.497,11494.126,15641.035,17647.663,22658.530,29870.807,47801.348,46198.666,136286.642,302287.604,1199176.875,0.001,0.002,0.003,0.004,0.005,0.005,0.006,0.007,0.007,0.008,0.138,0.161,0.171,0.194,0.222,0.256,0.275,0.465,0.679,1.284
155.000,0.095,0.114,0.122,0.141,0.165,0.197,0.211,0.387,0.597,1.237,4.690,4.727,4.743,4.781,4.830,4.893,4.923,5.274,5.695,6.974,11522.755,15669.899,17680.106,22700.167,29926.041,47889.500,46282.523,136534.878,302836.396,1201301.625,0.001,0.001,0.002,0.003,0.004,0.003,0.004,0.005,0.005,0.005,0.216,0.245,0.257,0.286,0.321,0.361,0.386,0.613,0.867,1.586
156.000,0.023,0.028,0.030,0.035,0.041,0.050,0.053,0.102,0.163,0.367,4.547,4.556,4.560,4.570,4.582,4.599,4.607,4.704,4.827,5.234,11522.770,15669.936,17680.112,22700.153,29926.100,47889.449,46282.359,136535.773,302839.733,1201301.500,0.000,0.000,0.000,0.000,0.000,0.000,0.000,0.000,0.000,0.000,0.884,1.000,1.050,1.160,1.296,1.444,1.543,2.380,3.275,5.692
157.000,0.007,0.009,0.010,0.011,0.013,0.016,0.017,0.033,0.053,0.116,0.214,0.218,0.219,0.222,0.227,0.232,0.234,0.266,0.306,0.432,4.887,7.381,8.363,10.718,14.140,22.698,21.886,64.919,144.671,590.745,0.006,0.009,0.012,0.017,0.020,0.019,0.022,0.024,0.025,0.030,0.039,0.046,0.048,0.053,0.058,0.063,0.068,0.098,0.126,0.187
158.000,0.021,0.027,0.029,0.033,0.039,0.047,0.051,0.093,0.144,0.289,0.242,0.253,0.257,0.266,0.278,0.294,0.301,0.387,0.487,0.779,22.445,33.907,38.420,49.238,64.957,104.247,100.540,298.194,664.583,2713.118,0.005,0.007,0.009,0.013,0.014,0.014,0.016,0.017,0.018,0.020,0.057,0.065,0.068,0.074,0.081,0.086,0.092,0.126,0.156,0.223
159.000,0.027,0.034,0.037,0.042,0.050,0.059,0.064,0.116,0.176,0.347,0.253,0.268,0.273,0.284,0.299,0.318,0.328,0.433,0.553,0.894,30.918,46.653,52.856,67.738,89.366,143.397,138.299,410.258,914.355,3726.145,0.005,0.007,0.009,0.012,0.014,0.013,0.015,0.016,0.017,0.019,0.060,0.068,0.071,0.077,0.084,0.090,0.096,0.130,0.160,0.229
16.000,0.096,0.116,0.123,0.138,0.157,0.178,0.192,0.314,0.448,0.813,1.192,1.231,1.245,1.276,1.313,1.357,1.384,1.629,1.896,2.627,151.288,222.833,252.336,323.465,426.705,684.819,660.331,1960.120,4362.992,17679.201,0.008,0.015,0.021,0.035,0.042,0.041,0.048,0.055,0.058,0.070,0.017,0.020,0.021,0.024,0.027,0.031,0.034,0.055,0.078,0.139
160.000,0.025,0.031,0.034,0.039,0.046,0.055,0.059,0.109,0.166,0.330,0.249,0.263,0.268,0.278,0.292,0.310,0.319,0.418,0.533,0.861,34.874,52.563,59.545,76.310,100.674,161.542,155.807,462.278,1030.630,4190.542,0.004,0.006,0.007,0.010,0.011,0.011,0.012,0.013,0.014,0.016,0.073,0.084,0.088,0.095,0.103,0.110,0.118,0.160,0.197,0.278
161.000,0.024,0.031,0.033,0.039,0.045,0.054,0.058,0.107,0.163,0.323,0.249,0.262,0.267,0.277,0.291,0.308,0.317,0.414,0.526,0.845,39.798,59.949,67.909,87.029,114.814,184.250,177.697,527.168,1174.185,4774.935,0.004,0.005,0.006,0.008,0.010,0.009,0.011,0.011,0.012,0.014,0.085,0.097,0.101,0.110,0.120,0.128,0.137,0.186,0.230,0.329
162.000,0.023,0.029,0.031,0.036,0.043,0.051,0.055,0.101,0.155,0.310,0.245,0.258,0.262,0.272,0.285,0.302,0.310,0.402,0.510,0.820,39.853,59.949,67.909,87.029,114.817,184.248,177.655,527.380,1174.206,4766.524,0.003,0.005,0.006,0.008,0.009,0.009,0.010,0.011,0.011,0.013,0.092,0.105,0.110,0.119,0.130,0.139,0.148,0.201,0.248,0.351
163.000,0.097,0.120,0.128,0.146,0.168,0.191,0.207,0.340,0.476,0.822,0.394,0.441,0.457,0.492,0.535,0.582,0.615,0.880,1.152,1.845,49.323,73.788,83.583,107.119,141.322,226.808,218.726,649.340,1445.293,5857.606,0.014,0.022,0.028,0.039,0.044,0.042,0.047,0.050,0.052,0.058,0.020,0.022,0.023,0.025,0.027,0.029,0.030,0.041,0.052,0.081
164.000,0.032,0.041,0.044,0.051,0.059,0.070,0.076,0.138,0.207,0.401,0.264,0.281,0.288,0.301,0.319,0.341,0.352,0.475,0.614,1.003,49.405,73.797,83.583,107.118,141.317,226.810,218.738,648.923,1446.352,5856.354,0.004,0.006,0.007,0.010,0.011,0.011,0.012,0.013,0.013,0.015,0.077,0.087,0.091,0.098,0.107,0.114,0.121,0.162,0.199,0.282
165.000,0.036,0.045,0.049,0.056,0.066,0.078,0.085,0.152,0.227,0.435,0.272,0.291,0.298,0.313,0.332,0.356,0.369,0.503,0.654,1.070,54.859,81.925,92.786,118.913,156.880,251.771,242.790,720.292,1605.365,6502.716,0.004,0.006,0.007,0.010,0.011,0.011,0.012,0.013,0.014,0.015,0.075,0.085,0.089,0.095,0.104,0.110,0.117,0.157,0.193,0.274
166.000,0.032,0.040,0.043,0.050,0.059,0.070,0.076,0.137,0.206,0.399,0.264,0.281,0.287,0.300,0.318,0.340,0.351,0.473,0.611,0.998,59.813,89.313,101.149,129.629,171.027,274.426,264.678,785.190,1750.498,7088.564,0.003,0.005,0.006,0.008,0.009,0.009,0.010,0.010,0.011,0.012,0.094,0.107,0.111,0.120,0.130,0.139,0.148,0.199,0.244,0.345
167.000,0.042,0.053,0.057,0.066,0.077,0.091,0.099,0.176,0.263,0.503,0.284,0.307,0.315,0.332,0.355,0.382,0.397,0.552,0.725,1.207,64.791,96.700,109.512,140.357,185.163,297.150,286.583,849.927,1894.934,7675.610,0.005,0.006,0.008,0.010,0.012,0.011,0.013,0.013,0.014,0.016,0.074,0.083,0.086,0.093,0.100,0.106,0.113,0.149,0.181,0.252
168.000,0.176,0.207,0.218,0.240,0.269,0.296,0.318,0.478,0.637,1.033,0.551,0.613,0.635,0.681,0.737,0.793,0.837,1.157,1.474,2.267,67.534,99.948,113.183,145.073,191.390,307.091,296.211,878.865,1957.534,7938.913,0.016,0.027,0.037,0.056,0.066,0.063,0.073,0.080,0.084,0.098,0.012,0.014,0.014,0.016,0.018,0.020,0.021,0.031,0.043,0.072
169.000,0.047,0.059,0.064,0.073,0.086,0.100,0.109,0.192,0.284,0.540,0.294,0.318,0.327,0.346,0.371,0.401,0.417,0.584,0.769,1.280,67.469,99.954,113.183,145.069,191.400,307.093,296.183,879.299,1956.470,7939.119,0.005,0.007,0.009,0.011,0.013,0.012,0.014,0.015,0.015,0.017,0.067,0.076,0.079,0.084,0.091,0.097,0.103,0.136,0.165,0.231
17.000,0.020,0.026,0.028,0.032,0.038,0.047,0.050,0.096,0.155,0.350,1.041,1.052,1.056,1.065,1.077,1.094,1.100,1.192,1.309,1.700,205.193,304.163,344.333,441.414,582.341,934.355,901.109,2672.298,5951.596,24095.928,0.002,0.003,0.004,0.006,0.007,0.007,0.008,0.008,0.009,0.010,0.114,0.133,0.139,0.153,0.170,0.187,0.200,0.296,0.388,0.593
170.000,0.068,0.085,0.091,0.104,0.121,0.142,0.154,0.272,0.398,0.722,0.335,0.369,0.381,0.408,0.443,0.484,0.508,0.744,0.995,1.644,77.339,114.270,129.396,165.852,218.813,351.079,338.588,1005.243,2235.560,9059.724,0.007,0.011,0.013,0.016,0.018,0.017,0.019,0.020,0.021,0.023,0.050,0.055,0.057,0.061,0.065,0.068,0.072,0.091,0.109,0.158
171.000,0.041,0.051,0.055,0.063,0.073,0.085,0.093,0.156,0.227,0.437,0.282,0.303,0.310,0.326,0.347,0.370,0.385,0.512,0.654,1.074,77.446,114.271,129.396,165.861,218.813,351.080,338.620,1005.253,2236.676,9057.988,0.003,0.004,0.006,0.008,0.009,0.009,0.010,0.011,0.011,0.013,0.091,0.103,0.107,0.116,0.127,0.138,0.145,0.211,0.268,0.378
172.000,0.031,0.040,0.043,0.050,0.059,0.072,0.076,0.147,0.237,0.526,1.063,1.079,1.085,1.099,1.117,1.143,1.153,1.295,1.475,2.052,127.005,188.193,213.030,273.072,360.245,578.017,557.488,1654.447,3682.062,14891.588,0.005,0.008,0.010,0.015,0.017,0.017,0.019,0.021,0.022,0.025,0.046,0.053,0.056,0.061,0.067,0.073,0.079,0.114,0.146,0.216
173.000,0.039,0.050,0.053,0.062,0.073,0.088,0.094,0.177,0.277,0.578,1.078,1.099,1.107,1.124,1.146,1.176,1.188,1.354,1.553,2.157,127.411,188.148,213.030,273.048,360.249,578.020,557.475,1654.829,3679.535,14893.887,0.006,0.010,0.013,0.018,0.022,0.021,0.024,0.026,0.028,0.032,0.036,0.042,0.044,0.048,0.054,0.059,0.063,0.092,0.121,0.190
174.000,0.027,0.035,0.037,0.043,0.051,0.062,0.066,0.126,0.200,0.436,1.055,1.069,1.074,1.086,1.102,1.123,1.132,1.251,1.400,1.872,143.839,212.665,240.765,308.639,407.158,653.257,630.023,1869.128,4163.280,16815.889,0.004,0.006,0.008,0.011,0.013,0.013,0.015,0.016,0.017,0.020,0.060,0.069,0.073,0.080,0.089,0.097,0.104,0.154,0.202,0.312
175.000,0.018,0.023,0.025,0.029,0.034,0.042,0.045,0.086,0.140,0.321,1.037,1.046,1.050,1.058,1.069,1.084,1.089,1.173,1.280,1.642,144.026,212.693,240.766,308.621,407.160,653.257,630.033,1870.232,4158.754,16817.510,0.003,0.004,0.005,0.007,0.009,0.008,0.010,0.011,0.011,0.013,0.090,0.104,0.109,0.120,0.133,0.146,0.157,0.232,0.303,0.461
176.000,0.094,0.112,0.119,0.134,0.152,0.173,0.186,0.306,0.436,0.792,1.187,1.225,1.238,1.267,1.304,1.347,1.372,1.611,1.872,2.584,149.555,220.080,249.129,319.362,421.337,675.942,651.947,1935.571,4305.961,17396.143,0.008,0.015,0.021,0.034,0.042,0.040,0.047,0.053,0.057,0.068,0.017,0.020,0.022,0.024,0.028,0.032,0.034,0.056,0.080,0.143
177.000,0.021,0.027,0.029,0.033,0.039,0.048,0.051,0.098,0.158,0.355,1.042,1.053,1.058,1.067,1.079,1.096,1.103,1.197,1.316,1.709,149.503,220.084,249.129,319.379,421.366,675.937,651.940,1934.434,4305.680,17401.719,0.003,0.004,0.006,0.008,0.010,0.009,0.011,0.012,0.012,0.014,0.080,0.093,0.098,0.108,0.119,0.131,0.141,0.208,0.273,0.421
178.000,0.015,0.019,0.021,0.024,0.029,0.035,0.037,0.072,0.116,0.264,1.031,1.039,1.042,1.049,1.057,1.070,1.075,1.144,1.232,1.528,154.894,227.491,257.492,330.110,435.509,698.665,673.822,1999.633,4449.649,17981.828,0.002,0.003,0.004,0.006,0.007,0.007,0.008,0.008,0.009,0.010,0.115,0.133,0.140,0.154,0.171,0.189,0.202,0.302,0.400,0.626
179.000,0.016,0.020,0.021,0.025,0.029,0.036,0.038,0.073,0.118,0.269,1.031,1.040,1.043,1.050,1.059,1.071,1.076,1.147,1.237,1.539,174.514,257.043,290.946,372.986,492.032,789.315,761.379,2259.437,5029.236,20306.000,0.002,0.003,0.003,0.005,0.006,0.006,0.007,0.007,0.008,0.009,0.127,0.148,0.155,0.171,0.190,0.209,0.224,0.334,0.442,0.690
18.000,0.032,0.040,0.043,0.050,0.059,0.072,0.077,0.147,0.235,0.513,1.063,1.080,1.086,1.100,1.118,1.144,1.154,1.294,1.469,2.027,215.356,318.986,361.060,462.868,610.639,980.034,944.901,2802.479,6242.100,25256.676,0.003,0.005,0.006,0.009,0.010,0.010,0.011,0.012,0.013,0.015,0.077,0.089,0.093,0.102,0.113,0.124,0.133,0.194,0.251,0.378
180.000,0.018,0.023,0.025,0.029,0.034,0.042,0.045,0.086,0.139,0.315,1.037,1.046,1.050,1.058,1.069,1.084,1.089,1.172,1.277,1.629,174.662,257.053,290.946,372.989,492.060,789.312,761.417,2259.672,5030.332,20300.865,0.002,0.003,0.004,0.006,0.007,0.007,0.008,0.009,0.009,0.011,0.108,0.126,0.132,0.145,0.161,0.177,0.190,0.282,0.371,0.571
181.000,0.025,0.032,0.034,0.040,0.047,0.058,0.061,0.119,0.194,0.445,1.050,1.063,1.068,1.079,1.094,1.115,1.123,1.239,1.389,1.890,179.713,264.469,299.309,383.716,506.216,812.178,783.332,2324.568,5174.317,20882.199,0.003,0.004,0.006,0.008,0.010,0.009,0.011,0.012,0.012,0.014,0.082,0.094,0.099,0.108,0.120,0.131,0.140,0.202,0.259,0.378
182.000,0.105,0.126,0.133,0.149,0.170,0.193,0.208,0.340,0.483,0.870,1.210,1.251,1.266,1.299,1.340,1.386,1.415,1.679,1.966,2.741,185.714,271.896,307.673,394.457,520.348,834.860,805.081,2387.974,5320.210,21474.463,0.008,0.013,0.019,0.031,0.038,0.037,0.044,0.049,0.052,0.062,0.019,0.022,0.024,0.027,0.030,0.035,0.037,0.061,0.086,0.153
183.000,0.020,0.025,0.027,0.031,0.037,0.045,0.048,0.092,0.150,0.343,1.039,1.049,1.053,1.062,1.073,1.089,1.095,1.184,1.299,1.686,185.555,271.890,307.673,394.452,520.353,834.858,805.158,2388.205,5315.822,21478.490,0.002,0.003,0.004,0.006,0.007,0.007,0.008,0.009,0.009,0.011,0.108,0.125,0.131,0.144,0.160,0.175,0.188,0.276,0.359,0.542
184.000,0.125,0.151,0.161,0.182,0.209,0.239,0.258,0.428,0.611,1.100,1.250,1.302,1.322,1.364,1.418,1.477,1.516,1.856,2.223,3.200,196.488,286.760,324.400,415.935,548.703,880.257,848.876,2518.305,5607.150,22640.816,0.010,0.018,0.024,0.038,0.046,0.044,0.052,0.058,0.061,0.072,0.016,0.019,0.020,0.022,0.025,0.028,0.030,0.048,0.066,0.114
185.000,0.116,0.140,0.149,0.169,0.194,0.222,0.239,0.398,0.570,1.029,1.231,1.280,1.298,1.338,1.387,1.443,1.479,1.797,2.141,3.058,207.645,301.507,341.126,437.401,577.031,925.462,892.720,2648.604,5897.997,23800.814,0.009,0.015,0.021,0.033,0.040,0.038,0.045,0.050,0.053,0.062,0.019,0.022,0.023,0.026,0.029,0.033,0.035,0.055,0.077,0.133
186.000,0.118,0.139,0.148,0.165,0.187,0.212,0.228,0.370,0.523,0.935,1.235,1.279,1.295,1.330,1.374,1.424,1.456,1.739,2.047,2.869,207.826,301.571,341.126,437.404,576.987,925.471,892.726,2648.991,5895.962,23805.496,0.008,0.014,0.019,0.031,0.039,0.037,0.044,0.050,0.053,0.063,0.018,0.022,0.023,0.026,0.030,0.034,0.037,0.061,0.086,0.153
187.000,0.019,0.024,0.026,0.030,0.035,0.043,0.046,0.089,0.146,0.338,1.038,1.048,1.052,1.060,1.071,1.087,1.092,1.179,1.291,1.675,207.880,301.566,341.126,437.443,576.968,925.469,892.691,2649.009,5896.083,23806.441,0.002,0.003,0.004,0.005,0.006,0.006,0.007,0.008,0.008,0.009,0.124,0.143,0.150,0.165,0.183,0.200,0.215,0.316,0.411,0.613
188.000,0.143,0.173,0.185,0.211,0.244,0.284,0.306,0.529,0.783,1.526,1.285,1.347,1.370,1.423,1.489,1.568,1.612,2.058,2.567,4.052,206.339,301.613,341.126,437.431,577.032,925.475,892.797,2647.967,5891.778,23803.080,0.015,0.024,0.031,0.045,0.053,0.051,0.059,0.064,0.067,0.080,0.015,0.017,0.018,0.020,0.022,0.024,0.026,0.038,0.049,0.076
189.000,0.141,0.171,0.183,0.209,0.241,0.280,0.302,0.522,0.775,1.516,1.282,1.342,1.365,1.417,1.482,1.561,1.604,2.044,2.549,4.032,206.244,301.619,341.126,437.432,577.026,925.476,892.776,2647.664,5891.929,23802.953,0.000,0.001,0.001,0.001,0.002,0.002,0.002,0.002,0.002,0.003,0.015,0.017,0.018,0.020,0.022,0.025,0.026,0.039,0.050,0.092
19.000,0.024,0.031,0.033,0.039,0.046,0.056,0.059,0.114,0.182,0.405,1.049,1.062,1.067,1.077,1.091,1.111,1.119,1.227,1.365,1.811,220.470,326.392,369.424,473.588,624.736,1002.298,966.855,2867.505,6388.576,25836.848,0.002,0.003,0.004,0.007,0.008,0.007,0.008,0.009,0.010,0.011,0.103,0.119,0.125,0.137,0.152,0.167,0.179,0.263,0.344,0.527
190.000,0.027,0.035,0.038,0.043,0.051,0.061,0.066,0.120,0.181,0.355,0.255,0.270,0.275,0.287,0.302,0.321,0.331,0.439,0.562,0.910,19.546,29.525,33.454,42.872,56.559,90.791,87.542,259.606,578.748,2361.636,0.008,0.012,0.015,0.020,0.023,0.022,0.025,0.027,0.028,0.032,0.037,0.042,0.044,0.047,0.051,0.055,0.058,0.079,0.097,0.139
191.000,0.018,0.023,0.025,0.029,0.034,0.041,0.044,0.083,0.128,0.260,0.236,0.247,0.250,0.258,0.269,0.282,0.289,0.365,0.456,0.720,24.461,36.909,41.817,53.591,70.702,113.467,109.418,324.569,723.299,2947.659,0.004,0.006,0.007,0.010,0.011,0.011,0.012,0.014,0.014,0.016,0.072,0.082,0.086,0.093,0.102,0.110,0.117,0.162,0.201,0.287
192.000,0.031,0.039,0.042,0.049,0.058,0.068,0.074,0.134,0.202,0.393,0.262,0.279,0.285,0.298,0.315,0.337,0.348,0.467,0.603,0.986,48.897,73.818,83.634,107.181,141.402,226.937,218.845,649.000,1447.503,5898.747,0.004,0.006,0.007,0.009,0.010,0.010,0.011,0.012,0.013,0.015,0.080,0.091,0.095,0.102,0.111,0.118,0.126,0.169,0.208,0.294
193.000,0.043,0.054,0.058,0.067,0.079,0.093,0.101,0.179,0.264,0.477,0.285,0.308,0.316,0.334,0.357,0.385,0.401,0.558,0.727,1.155,49.013,73.835,83.634,107.181,141.398,226.937,218.843,649.226,1445.867,5883.048,0.005,0.008,0.010,0.014,0.016,0.015,0.017,0.018,0.019,0.021,0.055,0.062,0.065,0.069,0.075,0.080,0.084,0.111,0.138,0.212
194.000,0.014,0.018,0.019,0.023,0.027,0.032,0.035,0.067,0.108,0.250,1.028,1.036,1.039,1.045,1.053,1.065,1.069,1.134,1.217,1.500,83.049,125.141,141.755,181.667,239.665,384.698,370.922,1100.407,2453.381,9981.691,0.003,0.005,0.006,0.010,0.011,0.011,0.013,0.014,0.015,0.017,0.068,0.079,0.083,0.092,0.102,0.112,0.120,0.180,0.238,0.371
195.000,0.027,0.034,0.037,0.043,0.051,0.061,0.066,0.125,0.199,0.435,1.054,1.069,1.074,1.086,1.101,1.123,1.131,1.249,1.397,1.869,122.083,183.832,208.240,266.871,352.068,565.008,544.909,1616.578,3603.503,14657.274,0.004,0.007,0.009,0.013,0.015,0.015,0.017,0.018,0.019,0.023,0.052,0.060,0.063,0.070,0.077,0.085,0.091,0.134,0.176,0.273
196.000,0.015,0.020,0.021,0.025,0.029,0.036,0.038,0.073,0.119,0.275,1.031,1.039,1.042,1.049,1.058,1.071,1.076,1.147,1.238,1.549,122.237,183.836,208.240,266.871,352.081,565.007,544.858,1616.596,3599.840,14638.960,0.002,0.004,0.005,0.007,0.009,0.008,0.009,0.010,0.011,0.013,0.091,0.107,0.112,0.123,0.137,0.150,0.161,0.239,0.315,0.486
197.000,0.090,0.109,0.116,0.130,0.148,0.169,0.181,0.297,0.425,0.778,1.181,1.219,1.232,1.261,1.296,1.338,1.363,1.595,1.850,2.557,142.519,213.339,241.693,309.743,408.661,655.832,632.439,1876.402,4177.778,16960.736,0.008,0.014,0.021,0.034,0.042,0.040,0.048,0.054,0.057,0.069,0.017,0.020,0.022,0.024,0.028,0.032,0.034,0.057,0.080,0.142
198.000,0.025,0.032,0.035,0.040,0.048,0.058,0.062,0.121,0.198,0.458,1.050,1.064,1.069,1.080,1.095,1.117,1.124,1.243,1.397,1.916,152.520,228.118,258.420,331.179,436.921,701.143,676.347,2007.612,4466.451,18127.352,0.004,0.005,0.007,0.010,0.011,0.011,0.013,0.014,0.014,0.017,0.069,0.080,0.084,0.092,0.102,0.111,0.119,0.171,0.219,0.316
199.000,0.115,0.138,0.147,0.165,0.187,0.212,0.228,0.372,0.528,0.954,1.229,1.277,1.293,1.329,1.374,1.425,1.457,1.744,2.056,2.908,226.681,338.901,383.871,491.970,649.080,1041.591,1004.639,2981.457,6635.213,26932.949,0.007,0.012,0.017,0.028,0.034,0.033,0.039,0.044,0.047,0.056,0.021,0.025,0.027,0.030,0.034,0.039,0.042,0.068,0.096,0.168
2.000,0.017,0.021,0.023,0.026,0.031,0.038,0.040,0.076,0.117,0.241,0.233,0.242,0.246,0.253,0.262,0.275,0.281,0.351,0.435,0.681,24.271,36.637,41.510,53.197,70.182,112.624,108.614,322.120,718.445,2927.839,0.004,0.005,0.006,0.009,0.010,0.010,0.011,0.012,0.013,0.015,0.079,0.091,0.095,0.103,0.113,0.121,0.130,0.180,0.224,0.321
20.000,0.021,0.026,0.028,0.033,0.039,0.047,0.050,0.097,0.156,0.353,1.041,1.052,1.056,1.065,1.077,1.094,1.100,1.193,1.312,1.705,220.649,326.345,369.424,473.584,624.752,1002.308,966.658,2867.765,6389.016,25828.314,0.002,0.003,0.004,0.005,0.006,0.006,0.007,0.008,0.008,0.010,0.122,0.142,0.148,0.163,0.181,0.199,0.213,0.315,0.412,0.630
200.000,0.031,0.040,0.043,0.050,0.059,0.073,0.077,0.151,0.247,0.571,1.062,1.079,1.086,1.100,1.118,1.145,1.155,1.302,1.494,2.141,227.008,338.944,383.871,491.959,649.076,1041.588,1004.450,2982.431,6636.862,26917.750,0.003,0.005,0.006,0.008,0.010,0.009,0.011,0.012,0.012,0.014,0.082,0.095,0.100,0.109,0.121,0.131,0.140,0.199,0.250,0.349
201.000,0.081,0.105,0.114,0.134,0.160,0.194,0.211,0.398,0.607,1.173,1.163,1.211,1.229,1.269,1.321,1.388,1.422,1.795,2.213,3.346,237.760,353.699,400.598,513.409,677.363,1086.888,1048.322,3109.733,6931.167,28057.789,0.009,0.014,0.018,0.024,0.027,0.027,0.030,0.032,0.033,0.037,0.031,0.035,0.037,0.039,0.042,0.045,0.048,0.065,0.083,0.128
202.000,0.138,0.167,0.178,0.201,0.230,0.264,0.284,0.473,0.679,1.230,1.276,1.335,1.356,1.402,1.460,1.526,1.568,1.946,2.357,3.460,273.262,405.406,459.141,588.518,776.371,1246.016,1201.387,3563.032,7936.304,32141.381,0.009,0.014,0.020,0.030,0.036,0.035,0.041,0.046,0.048,0.057,0.020,0.024,0.025,0.028,0.032,0.036,0.038,0.059,0.081,0.136
203.000,0.118,0.144,0.154,0.175,0.201,0.232,0.251,0.425,0.616,1.133,1.236,1.289,1.308,1.350,1.403,1.465,1.502,1.851,2.233,3.266,279.178,412.827,467.505,599.210,790.560,1268.627,1223.424,3629.011,8083.817,32743.264,0.007,0.012,0.017,0.026,0.031,0.029,0.034,0.038,0.040,0.047,0.025,0.029,0.031,0.034,0.038,0.042,0.045,0.070,0.094,0.157
204.000,0.095,0.118,0.126,0.144,0.167,0.195,0.210,0.364,0.535,1.001,1.191,1.236,1.253,1.289,1.335,1.389,1.421,1.729,2.069,3.003,309.552,457.229,517.685,663.594,875.413,1404.562,1354.804,4019.103,8949.879,36245.531,0.006,0.009,0.012,0.019,0.022,0.021,0.025,0.027,0.029,0.034,0.034,0.040,0.042,0.047,0.052,0.058,0.062,0.094,0.127,0.210
205.000,0.039,0.049,0.053,0.062,0.073,0.088,0.094,0.179,0.285,0.612,1.078,1.098,1.106,1.123,1.145,1.176,1.188,1.359,1.570,2.223,309.957,457.180,517.685,663.518,875.409,1404.560,1354.644,4019.783,8947.937,36261.309,0.003,0.004,0.005,0.008,0.009,0.009,0.010,0.011,0.011,0.013,0.089,0.103,0.108,0.118,0.131,0.142,0.153,0.221,0.284,0.428
206.000,0.023,0.029,0.032,0.037,0.043,0.053,0.056,0.108,0.174,0.393,1.046,1.059,1.063,1.073,1.087,1.105,1.113,1.216,1.349,1.787,315.062,464.580,526.049,674.271,889.577,1427.021,1376.510,4085.199,9092.522,36847.102,0.001,0.002,0.003,0.004,0.005,0.005,0.006,0.006,0.006,0.008,0.154,0.179,0.188,0.206,0.229,0.251,0.269,0.396,0.516,0.782
207.000,0.035,0.044,0.048,0.056,0.066,0.082,0.087,0.172,0.284,0.674,1.070,1.088,1.095,1.111,1.132,1.163,1.173,1.343,1.567,2.347,315.177,464.566,526.049,674.306,889.567,1427.012,1376.570,4084.563,9096.309,36847.594,0.003,0.004,0.005,0.007,0.008,0.008,0.009,0.009,0.010,0.011,0.102,0.117,0.122,0.134,0.147,0.158,0.170,0.236,0.291,0.381
208.000,0.248,0.297,0.315,0.355,0.406,0.462,0.499,0.817,1.151,2.026,1.495,1.593,1.630,1.711,1.812,1.924,1.998,2.633,3.302,5.052,765.767,1106.645,1250.888,1604.589,2116.657,3394.768,3275.374,9707.564,21579.556,87114.688,0.007,0.011,0.015,0.023,0.027,0.026,0.030,0.033,0.035,0.040,0.029,0.033,0.035,0.039,0.043,0.047,0.051,0.076,0.101,0.165
209.000,0.250,0.297,0.314,0.353,0.402,0.456,0.491,0.798,1.122,1.974,1.500,1.594,1.629,1.707,1.803,1.911,1.982,2.595,3.245,4.949,773.031,1113.861,1259.252,1615.386,2130.808,3417.458,3296.793,9774.505,21724.040,87676.727,0.007,0.011,0.015,0.022,0.026,0.025,0.030,0.033,0.035,0.040,0.029,0.034,0.035,0.039,0.044,0.049,0.052,0.079,0.106,0.174
21.000,0.030,0.038,0.041,0.047,0.056,0.068,0.073,0.140,0.225,0.502,1.060,1.076,1.082,1.095,1.112,1.137,1.146,1.280,1.450,2.004,230.587,341.133,386.151,495.030,653.055,1047.674,1010.425,2997.665,6677.633,26998.070,0.003,0.004,0.005,0.008,0.009,0.009,0.010,0.011,0.012,0.013,0.087,0.101,0.106,0.116,0.128,0.140,0.150,0.219,0.282,0.417
210.000,0.235,0.278,0.294,0.331,0.376,0.428,0.461,0.753,1.065,1.888,1.469,1.556,1.589,1.662,1.753,1.856,1.922,2.506,3.130,4.776,774.081,1114.098,1259.252,1615.375,2130.896,3417.432,3297.155,9777.093,21728.778,87659.367,0.006,0.010,0.014,0.020,0.024,0.023,0.027,0.030,0.032,0.037,0.031,0.036,0.038,0.043,0.048,0.053,0.057,0.086,0.115,0.187
211.000,0.206,0.245,0.260,0.293,0.335,0.384,0.413,0.688,0.984,1.772,1.411,1.490,1.520,1.586,1.670,1.768,1.827,2.375,2.968,4.544,773.807,1113.958,1259.252,1615.428,2130.950,3417.423,3297.535,9770.530,21750.795,87640.297,0.006,0.009,0.012,0.018,0.021,0.020,0.023,0.026,0.027,0.032,0.036,0.042,0.045,0.050,0.055,0.061,0.066,0.098,0.130,0.207
212.000,0.141,0.175,0.188,0.218,0.256,0.301,0.328,0.582,0.860,1.609,1.282,1.350,1.376,1.436,1.512,1.603,1.656,2.165,2.720,4.218,816.009,1165.820,1317.796,1690.566,2230.011,3575.872,3450.681,10227.079,22753.110,91655.523,0.005,0.007,0.009,0.013,0.014,0.014,0.016,0.017,0.018,0.020,0.059,0.066,0.069,0.074,0.081,0.087,0.092,0.129,0.165,0.254
213.000,0.211,0.247,0.261,0.292,0.330,0.372,0.400,0.640,0.899,1.605,1.422,1.494,1.522,1.583,1.659,1.744,1.799,2.280,2.797,4.209,828.507,1180.789,1334.523,1712.172,2258.314,3620.893,3494.766,10355.158,23019.089,92708.664,0.005,0.007,0.010,0.016,0.019,0.019,0.022,0.025,0.026,0.031,0.038,0.045,0.047,0.053,0.060,0.067,0.073,0.115,0.157,0.258
214.000,0.077,0.096,0.103,0.120,0.143,0.174,0.187,0.361,0.576,1.226,1.154,1.191,1.206,1.240,1.285,1.349,1.374,1.723,2.152,3.451,845.402,1203.121,1359.613,1744.391,2300.759,3688.845,3560.662,10550.688,23451.442,94419.680,0.003,0.004,0.005,0.006,0.007,0.007,0.008,0.008,0.009,0.010,0.119,0.134,0.139,0.151,0.164,0.175,0.187,0.249,0.300,0.403
215.000,0.237,0.280,0.297,0.334,0.380,0.430,0.464,0.750,1.050,1.836,1.474,1.561,1.594,1.668,1.760,1.861,1.929,2.500,3.099,4.672,893.234,1269.751,1434.884,1841.060,2428.118,3892.480,3757.720,11131.762,24745.359,99580.086,0.005,0.009,0.012,0.018,0.022,0.021,0.024,0.027,0.028,0.033,0.035,0.041,0.043,0.048,0.054,0.060,0.064,0.099,0.134,0.222
216.000,0.209,0.248,0.263,0.296,0.337,0.382,0.412,0.669,0.939,1.663,1.418,1.496,1.525,1.591,1.673,1.764,1.824,2.338,2.879,4.326,893.768,1269.869,1434.885,1841.177,2428.249,3892.445,3757.612,11137.848,24721.891,99556.711,0.004,0.007,0.010,0.015,0.019,0.018,0.021,0.023,0.024,0.028,0.041,0.048,0.050,0.056,0.063,0.070,0.075,0.116,0.158,0.261
217.000,0.157,0.187,0.198,0.223,0.254,0.289,0.311,0.508,0.720,1.336,1.315,1.373,1.396,1.446,1.508,1.579,1.623,2.017,2.440,3.671,893.546,1269.926,1434.885,1841.130,2428.217,3892.436,3757.513,11135.577,24722.319,99550.492,0.001,0.001,0.002,0.003,0.003,0.003,0.004,0.004,0.005,0.005,0.057,0.067,0.070,0.079,0.089,0.099,0.107,0.169,0.232,0.371
218.000,0.034,0.043,0.046,0.054,0.063,0.074,0.080,0.144,0.213,0.388,0.267,0.286,0.293,0.307,0.326,0.348,0.361,0.488,0.626,0.977,33.891,51.308,58.121,74.486,98.269,157.720,152.113,451.152,1005.315,4115.132,0.003,0.005,0.007,0.009,0.010,0.010,0.011,0.012,0.012,0.014,0.050,0.057,0.059,0.064,0.069,0.074,0.078,0.106,0.133,0.209
219.000,0.030,0.039,0.041,0.048,0.056,0.066,0.071,0.125,0.189,0.373,0.260,0.277,0.283,0.296,0.312,0.331,0.342,0.449,0.577,0.946,33.882,51.307,58.121,74.486,98.272,157.719,152.112,451.185,1005.147,4115.288,0.002,0.003,0.003,0.005,0.005,0.005,0.006,0.006,0.006,0.007,0.057,0.065,0.068,0.073,0.080,0.086,0.092,0.130,0.160,0.224
22.000,0.032,0.041,0.044,0.051,0.061,0.075,0.079,0.155,0.252,0.571,1.064,1.082,1.088,1.103,1.122,1.149,1.159,1.310,1.504,2.143,230.910,341.139,386.151,495.023,653.014,1047.680,1010.510,2997.835,6681.174,26983.770,0.003,0.005,0.006,0.008,0.010,0.010,0.011,0.012,0.012,0.014,0.081,0.093,0.098,0.107,0.118,0.128,0.137,0.195,0.246,0.349
220.000,0.023,0.029,0.031,0.036,0.042,0.051,0.055,0.101,0.155,0.309,0.245,0.258,0.262,0.272,0.285,0.302,0.310,0.402,0.509,0.819,43.897,66.449,75.270,96.463,127.263,204.255,196.991,584.264,1301.768,5326.718,0.003,0.004,0.005,0.007,0.008,0.008,0.009,0.010,0.010,0.011,0.101,0.117,0.121,0.132,0.144,0.154,0.164,0.224,0.276,0.393
221.000,0.036,0.046,0.050,0.058,0.067,0.080,0.086,0.156,0.234,0.453,0.273,0.293,0.300,0.315,0.335,0.360,0.373,0.511,0.667,1.105,43.989,66.430,75.270,96.463,127.256,204.256,196.967,584.135,1302.518,5310.741,0.006,0.008,0.009,0.013,0.014,0.014,0.015,0.017,0.017,0.019,0.060,0.068,0.070,0.076,0.082,0.087,0.093,0.123,0.150,0.209
222.000,0.141,0.168,0.177,0.196,0.220,0.243,0.262,0.394,0.524,0.849,0.482,0.536,0.554,0.593,0.640,0.686,0.723,0.989,1.248,1.897,44.367,66.441,75.270,96.463,127.267,204.256,196.966,584.444,1301.076,5282.017,0.016,0.028,0.038,0.059,0.070,0.067,0.077,0.085,0.089,0.104,0.011,0.013,0.013,0.014,0.016,0.018,0.019,0.029,0.040,0.069
223.000,0.001,0.003,0.005,0.009,0.014,0.022,0.025,0.066,0.120,0.301,0.202,0.207,0.210,0.218,0.229,0.244,0.249,0.333,0.440,0.802,-6.052,-0.705,-0.145,-0.005,0.004,0.000,0.021,0.141,0.518,25.896,-inf,-355.885,-38.057,-2.802,4.893,nan,14.579,2397.515,inf,inf,-0.006,-0.001,-0.000,-0.000,0.000,0.000,0.000,0.000,0.000,0.010
224.000,0.101,0.122,0.129,0.145,0.166,0.189,0.204,0.336,0.480,0.867,0.402,0.443,0.458,0.491,0.532,0.579,0.608,0.872,1.159,1.934,5.150,7.393,8.363,10.724,14.144,22.700,21.882,64.913,144.527,588.109,0.065,0.167,0.206,0.280,0.320,0.311,0.350,0.379,0.395,0.573,0.002,0.002,0.002,0.002,0.003,0.003,0.003,0.004,0.005,0.013
225.000,0.031,0.040,0.043,0.049,0.058,0.069,0.075,0.135,0.204,0.400,0.262,0.279,0.286,0.299,0.316,0.338,0.349,0.470,0.608,1.000,57.533,87.072,98.628,126.398,166.756,267.651,258.105,765.628,1705.686,6976.785,0.003,0.005,0.006,0.008,0.009,0.009,0.010,0.011,0.011,0.012,0.093,0.106,0.110,0.119,0.129,0.138,0.147,0.196,0.240,0.338
226.000,0.153,0.184,0.194,0.217,0.244,0.272,0.294,0.455,0.616,1.023,0.506,0.567,0.589,0.633,0.689,0.745,0.788,1.110,1.433,2.247,58.099,87.070,98.628,126.402,166.767,267.652,258.099,765.699,1704.706,6921.576,0.018,0.030,0.039,0.056,0.065,0.063,0.071,0.078,0.081,0.093,0.013,0.014,0.015,0.016,0.018,0.019,0.021,0.030,0.039,0.064
227.000,0.127,0.154,0.163,0.183,0.207,0.232,0.251,0.393,0.536,0.896,0.454,0.507,0.526,0.566,0.614,0.664,0.702,0.986,1.272,1.991,58.515,87.084,98.628,126.407,166.771,267.652,258.102,765.408,1706.032,6909.079,0.014,0.023,0.030,0.044,0.051,0.049,0.055,0.060,0.062,0.071,0.016,0.019,0.019,0.021,0.023,0.025,0.027,0.038,0.050,0.082
228.000,0.050,0.063,0.068,0.078,0.091,0.107,0.116,0.206,0.307,0.600,0.300,0.326,0.335,0.356,0.382,0.414,0.432,0.611,0.814,1.399,58.514,87.084,98.628,126.413,166.773,267.652,258.087,765.378,1704.786,6906.037,0.001,0.002,0.002,0.002,0.003,0.003,0.003,0.003,0.003,0.004,0.054,0.061,0.063,0.068,0.073,0.077,0.082,0.107,0.127,0.168
229.000,0.011,0.014,0.015,0.017,0.021,0.025,0.027,0.051,0.080,0.171,0.222,0.228,0.230,0.235,0.241,0.250,0.254,0.302,0.361,0.543,9.768,14.761,16.727,21.436,28.281,45.395,43.772,129.825,289.314,1181.921,0.005,0.008,0.010,0.014,0.016,0.016,0.018,0.019,0.020,0.023,0.050,0.058,0.060,0.066,0.072,0.078,0.084,0.118,0.149,0.216
23.000,0.124,0.150,0.160,0.180,0.205,0.234,0.252,0.415,0.591,1.066,1.249,1.301,1.319,1.360,1.410,1.468,1.504,1.830,2.182,3.132,236.757,348.522,394.514,505.751,667.180,1070.652,1032.396,3064.731,6816.474,27565.025,0.008,0.014,0.019,0.031,0.037,0.036,0.042,0.047,0.050,0.059,0.020,0.023,0.025,0.028,0.031,0.035,0.038,0.061,0.084,0.146
230.000,0.059,0.072,0.077,0.086,0.098,0.111,0.120,0.195,0.279,0.540,0.319,0.344,0.353,0.372,0.396,0.423,0.439,0.590,0.759,1.279,9.861,14.767,16.727,21.436,28.282,45.396,43.773,129.924,289.184,1171.887,0.003,0.005,0.006,0.009,0.011,0.010,0.012,0.013,0.014,0.016,0.007,0.009,0.009,0.010,0.011,0.012,0.013,0.020,0.025,0.034
231.000,0.003,0.006,0.008,0.013,0.019,0.027,0.030,0.077,0.136,0.333,0.205,0.213,0.216,0.226,0.237,0.254,0.261,0.353,0.472,0.865,-11.256,-1.305,-0.264,-0.009,0.007,0.000,0.038,0.259,0.948,59.625,-inf,-565.190,-49.728,-3.485,6.048,nan,18.459,885.093,inf,inf,-0.006,-0.001,-0.000,-0.000,0.000,0.000,0.000,0.000,0.001,0.012
232.000,0.007,0.009,0.010,0.012,0.014,0.017,0.018,0.034,0.055,0.121,0.215,0.219,0.220,0.223,0.228,0.234,0.236,0.269,0.310,0.443,4.886,7.381,8.363,10.718,14.140,22.698,21.886,64.920,144.671,590.738,0.005,0.008,0.010,0.015,0.017,0.017,0.019,0.021,0.022,0.026,0.038,0.044,0.046,0.050,0.056,0.061,0.065,0.094,0.120,0.176
233.000,0.010,0.012,0.013,0.015,0.018,0.022,0.024,0.046,0.073,0.163,0.219,0.225,0.227,0.231,0.236,0.244,0.248,0.291,0.347,0.526,4.890,7.382,8.363,10.718,14.140,22.698,21.886,64.906,144.753,589.677,0.006,0.008,0.011,0.015,0.017,0.017,0.019,0.021,0.022,0.025,0.028,0.033,0.034,0.038,0.041,0.045,0.048,0.067,0.084,0.116
234.000,0.172,0.205,0.216,0.240,0.269,0.299,0.321,0.492,0.668,1.166,0.543,0.610,0.632,0.680,0.738,0.797,0.842,1.183,1.536,2.531,72.735,109.211,123.699,158.527,209.164,335.602,323.654,960.511,2138.056,8680.143,0.018,0.027,0.035,0.052,0.060,0.058,0.067,0.073,0.076,0.088,0.013,0.015,0.016,0.017,0.019,0.021,0.022,0.033,0.043,0.064
235.000,0.146,0.173,0.182,0.201,0.225,0.251,0.268,0.412,0.571,1.072,0.492,0.546,0.564,0.603,0.650,0.701,0.736,1.023,1.341,2.345,72.944,109.193,123.699,158.528,209.150,335.601,323.723,960.608,2137.843,8669.159,0.001,0.002,0.002,0.004,0.004,0.004,0.005,0.005,0.006,0.006,0.017,0.020,0.021,0.023,0.025,0.028,0.030,0.044,0.056,0.076
236.000,0.008,0.010,0.010,0.012,0.014,0.017,0.019,0.036,0.058,0.128,0.215,0.219,0.221,0.224,0.229,0.235,0.237,0.272,0.315,0.456,4.888,7.381,8.363,10.718,14.140,22.698,21.885,64.906,144.674,590.335,0.007,0.010,0.013,0.019,0.022,0.021,0.024,0.026,0.027,0.032,0.036,0.042,0.044,0.049,0.054,0.058,0.063,0.089,0.113,0.163
237.000,0.145,0.172,0.182,0.205,0.235,0.269,0.289,0.483,0.704,1.346,0.490,0.544,0.564,0.611,0.669,0.738,0.778,1.166,1.607,2.892,-53.885,7.412,8.363,10.737,14.144,22.698,21.844,64.718,144.570,609.206,-93.500,0.142,0.168,0.216,0.242,0.235,0.261,0.279,0.291,1.392,-0.002,0.001,0.001,0.001,0.002,0.002,0.002,0.002,0.003,0.014
238.000,0.101,0.121,0.128,0.142,0.160,0.178,0.192,0.298,0.405,0.678,0.402,0.442,0.455,0.484,0.520,0.557,0.584,0.795,1.010,1.556,21.866,32.721,37.062,47.501,62.668,100.588,97.003,287.788,640.573,2601.176,0.023,0.038,0.051,0.078,0.092,0.089,0.102,0.113,0.119,0.139,0.008,0.010,0.010,0.011,0.013,0.014,0.015,0.023,0.030,0.051
239.000,0.036,0.046,0.049,0.057,0.067,0.079,0.085,0.153,0.229,0.444,0.272,0.291,0.298,0.314,0.333,0.357,0.370,0.506,0.659,1.088,51.378,77.340,87.576,112.236,148.069,237.649,229.167,679.806,1515.367,6165.771,0.005,0.007,0.008,0.011,0.012,0.012,0.013,0.014,0.015,0.017,0.070,0.080,0.083,0.090,0.097,0.103,0.110,0.146,0.179,0.251
24.000,0.113,0.136,0.144,0.162,0.184,0.209,0.225,0.368,0.523,0.947,1.227,1.272,1.288,1.324,1.368,1.418,1.450,1.735,2.046,2.893,236.569,348.568,394.514,505.771,667.203,1070.660,1032.410,3063.993,6819.728,27564.734,0.007,0.012,0.016,0.027,0.033,0.031,0.037,0.042,0.044,0.053,0.022,0.026,0.028,0.031,0.036,0.040,0.044,0.071,0.100,0.174
240.000,0.069,0.087,0.093,0.106,0.123,0.142,0.154,0.263,0.379,0.688,0.339,0.374,0.386,0.413,0.446,0.485,0.509,0.726,0.958,1.576,51.595,77.311,87.576,112.237,148.084,237.648,229.192,680.180,1513.461,6143.058,0.010,0.014,0.018,0.024,0.027,0.026,0.029,0.031,0.032,0.036,0.032,0.036,0.037,0.040,0.043,0.046,0.049,0.065,0.080,0.117
241.000,0.048,0.061,0.065,0.075,0.088,0.103,0.111,0.196,0.288,0.541,0.296,0.322,0.331,0.350,0.375,0.405,0.423,0.592,0.777,1.282,56.603,84.699,95.940,122.953,162.234,260.320,251.083,745.257,1659.157,6725.305,0.006,0.008,0.010,0.014,0.016,0.015,0.017,0.018,0.019,0.021,0.055,0.062,0.064,0.069,0.075,0.079,0.084,0.112,0.137,0.195
242.000,0.037,0.047,0.050,0.058,0.068,0.080,0.086,0.155,0.232,0.444,0.274,0.293,0.300,0.316,0.335,0.360,0.373,0.510,0.663,1.089,56.698,84.721,95.940,122.964,162.227,260.323,251.053,745.125,1659.288,6720.791,0.004,0.006,0.007,0.010,0.011,0.011,0.012,0.013,0.014,0.015,0.076,0.086,0.089,0.096,0.104,0.111,0.118,0.158,0.193,0.273
243.000,0.039,0.050,0.054,0.062,0.072,0.085,0.092,0.164,0.243,0.461,0.279,0.300,0.307,0.323,0.344,0.370,0.384,0.527,0.686,1.122,61.675,92.108,104.303,133.682,176.354,283.028,272.931,809.744,1804.766,7304.583,0.004,0.006,0.007,0.010,0.011,0.011,0.012,0.013,0.014,0.015,0.076,0.086,0.089,0.096,0.104,0.111,0.118,0.159,0.195,0.279
244.000,0.035,0.045,0.048,0.055,0.065,0.077,0.083,0.150,0.225,0.436,0.270,0.289,0.296,0.311,0.330,0.354,0.366,0.500,0.650,1.072,61.766,92.108,104.303,133.681,176.365,283.028,272.963,809.519,1802.731,7310.479,0.004,0.005,0.006,0.009,0.010,0.009,0.011,0.011,0.012,0.013,0.087,0.098,0.102,0.110,0.119,0.127,0.135,0.180,0.219,0.307
245.000,0.177,0.209,0.220,0.244,0.272,0.301,0.323,0.487,0.649,1.050,0.555,0.619,0.641,0.688,0.745,0.802,0.847,1.174,1.498,2.300,67.135,99.504,112.667,144.405,190.520,305.710,294.841,874.806,1947.527,7905.277,0.017,0.028,0.038,0.057,0.068,0.065,0.075,0.082,0.086,0.100,0.012,0.014,0.014,0.016,0.017,0.019,0.020,0.030,0.041,0.070
246.000,0.033,0.041,0.045,0.051,0.060,0.072,0.077,0.140,0.210,0.407,0.266,0.283,0.289,0.303,0.321,0.343,0.355,0.479,0.620,1.014,67.106,99.494,112.667,144.413,190.520,305.707,294.820,874.839,1948.197,7907.789,0.003,0.004,0.005,0.007,0.008,0.008,0.009,0.010,0.010,0.011,0.102,0.116,0.120,0.130,0.141,0.150,0.160,0.214,0.263,0.372
247.000,0.038,0.047,0.051,0.059,0.069,0.082,0.088,0.158,0.237,0.457,0.275,0.295,0.302,0.318,0.338,0.363,0.377,0.517,0.674,1.114,72.266,106.885,121.030,155.134,204.661,328.437,316.723,939.814,2092.912,8488.639,0.004,0.005,0.006,0.008,0.009,0.009,0.010,0.011,0.011,0.012,0.094,0.106,0.110,0.118,0.128,0.136,0.145,0.192,0.235,0.329
248.000,0.170,0.200,0.211,0.233,0.260,0.287,0.309,0.464,0.619,1.007,0.541,0.601,0.621,0.666,0.720,0.775,0.817,1.129,1.439,2.214,72.509,106.918,121.030,155.151,204.678,328.440,316.723,939.689,2091.627,8485.121,0.014,0.024,0.033,0.050,0.059,0.056,0.065,0.071,0.075,0.087,0.013,0.016,0.016,0.018,0.020,0.022,0.023,0.035,0.048,0.081
249.000,0.050,0.063,0.068,0.078,0.091,0.106,0.115,0.203,0.301,0.569,0.300,0.326,0.335,0.355,0.382,0.413,0.431,0.607,0.801,1.339,72.531,106.899,121.030,155.138,204.677,328.438,316.732,939.264,2092.799,8479.503,0.005,0.007,0.009,0.011,0.013,0.013,0.014,0.015,0.015,0.017,0.067,0.075,0.078,0.084,0.090,0.096,0.101,0.133,0.162,0.225
25.000,0.034,0.043,0.046,0.054,0.063,0.077,0.082,0.157,0.250,0.539,1.068,1.086,1.093,1.108,1.127,1.154,1.165,1.314,1.499,2.079,243.012,355.992,402.878,516.483,681.385,1093.153,1054.194,3128.191,6963.424,28139.750,0.003,0.004,0.006,0.008,0.010,0.010,0.011,0.012,0.013,0.015,0.080,0.092,0.097,0.106,0.117,0.128,0.137,0.201,0.260,0.395
250.000,0.109,0.133,0.142,0.160,0.184,0.208,0.226,0.365,0.508,0.871,0.418,0.466,0.483,0.521,0.567,0.616,0.651,0.930,1.215,1.941,77.990,114.307,129.393,165.874,218.824,351.071,338.614,1004.245,2238.266,9052.100,0.010,0.016,0.021,0.028,0.032,0.031,0.035,0.037,0.039,0.043,0.027,0.030,0.031,0.033,0.036,0.039,0.041,0.057,0.072,0.113
251.000,0.053,0.066,0.071,0.082,0.096,0.113,0.122,0.218,0.325,0.634,0.306,0.332,0.342,0.364,0.392,0.426,0.444,0.635,0.851,1.469,77.953,114.305,129.393,165.876,218.828,351.070,338.601,1004.457,2236.558,9053.923,0.006,0.008,0.009,0.012,0.013,0.013,0.014,0.015,0.015,0.017,0.068,0.076,0.078,0.084,0.090,0.094,0.100,0.128,0.152,0.199
252.000,0.330,0.386,0.405,0.446,0.495,0.543,0.583,0.862,1.138,1.827,0.861,0.972,1.010,1.091,1.190,1.287,1.365,1.923,2.477,3.854,188.031,278.405,315.034,403.898,532.864,854.973,824.437,2445.631,5445.994,22023.844,0.017,0.028,0.037,0.055,0.065,0.062,0.071,0.078,0.081,0.093,0.012,0.014,0.015,0.016,0.018,0.020,0.021,0.031,0.042,0.069
253.000,0.321,0.374,0.393,0.432,0.480,0.527,0.565,0.835,1.103,1.770,0.842,0.949,0.986,1.065,1.160,1.254,1.329,1.870,2.406,3.739,272.404,404.019,457.211,586.182,773.353,1240.561,1196.672,3548.035,7903.607,31989.023,0.011,0.018,0.024,0.036,0.042,0.041,0.047,0.051,0.053,0.061,0.019,0.022,0.023,0.025,0.028,0.030,0.032,0.048,0.064,0.107
254.000,0.305,0.353,0.370,0.406,0.449,0.491,0.526,0.770,1.012,1.613,0.810,0.907,0.940,1.011,1.098,1.183,1.252,1.740,2.224,3.427,273.694,404.056,457.211,586.178,773.258,1240.558,1196.694,3548.560,7904.429,31955.508,0.009,0.016,0.021,0.032,0.038,0.036,0.042,0.046,0.048,0.056,0.021,0.024,0.025,0.028,0.031,0.034,0.036,0.055,0.075,0.127
255.000,0.102,0.126,0.134,0.153,0.176,0.202,0.219,0.368,0.528,0.960,0.403,0.451,0.468,0.505,0.552,0.605,0.639,0.937,1.256,2.121,283.795,418.882,473.938,607.629,801.586,1285.909,1240.531,3679.167,8193.609,33114.723,0.003,0.005,0.006,0.007,0.008,0.008,0.009,0.009,0.010,0.011,0.107,0.119,0.123,0.131,0.141,0.149,0.157,0.204,0.248,0.346
256.000,0.164,0.199,0.212,0.239,0.272,0.307,0.332,0.533,0.739,1.272,0.528,0.598,0.623,0.677,0.744,0.814,0.864,1.265,1.678,2.743,284.494,418.831,473.938,607.622,801.597,1285.909,1240.194,3679.376,8192.699,33086.488,0.006,0.008,0.011,0.014,0.016,0.015,0.017,0.018,0.019,0.021,0.055,0.061,0.063,0.068,0.073,0.077,0.082,0.110,0.137,0.206
257.000,0.091,0.113,0.121,0.138,0.160,0.184,0.200,0.339,0.490,0.903,0.383,0.426,0.442,0.476,0.519,0.569,0.599,0.878,1.180,2.005,299.422,441.042,499.028,639.794,844.009,1353.873,1305.938,3874.354,8626.392,34835.801,0.003,0.004,0.005,0.006,0.007,0.007,0.007,0.008,0.008,0.009,0.131,0.145,0.150,0.159,0.171,0.180,0.190,0.246,0.297,0.407
258.000,0.406,0.469,0.492,0.540,0.598,0.654,0.700,1.027,1.351,2.154,1.012,1.138,1.183,1.279,1.395,1.509,1.601,2.255,2.903,4.508,300.043,441.146,499.028,639.893,844.077,1353.877,1306.189,3872.672,8623.604,34814.086,0.015,0.024,0.033,0.048,0.056,0.054,0.062,0.068,0.071,0.082,0.014,0.016,0.017,0.019,0.021,0.023,0.024,0.036,0.048,0.080
259.000,0.391,0.451,0.473,0.519,0.576,0.630,0.675,0.991,1.305,2.081,0.982,1.103,1.146,1.239,1.351,1.461,1.550,2.183,2.810,4.361,343.210,500.409,565.935,725.780,957.391,1535.803,1481.431,4393.222,9775.955,39458.910,0.012,0.020,0.027,0.040,0.047,0.045,0.051,0.056,0.059,0.067,0.017,0.020,0.021,0.023,0.025,0.027,0.029,0.043,0.058,0.097
26.000,0.020,0.026,0.028,0.032,0.038,0.046,0.049,0.095,0.153,0.349,1.040,1.051,1.055,1.064,1.076,1.092,1.098,1.190,1.306,1.697,287.081,422.526,478.148,613.028,808.618,1297.482,1251.256,3714.060,8260.130,33391.434,0.001,0.002,0.003,0.004,0.005,0.005,0.005,0.006,0.006,0.007,0.162,0.188,0.197,0.216,0.240,0.263,0.282,0.416,0.544,0.826
260.000,0.368,0.425,0.446,0.490,0.543,0.595,0.637,0.936,1.232,1.964,0.936,1.050,1.091,1.179,1.286,1.389,1.474,2.072,2.664,4.129,343.993,500.405,565.935,725.845,957.504,1535.796,1481.265,4393.922,9784.463,39482.742,0.011,0.018,0.024,0.036,0.042,0.041,0.047,0.051,0.053,0.061,0.019,0.022,0.023,0.025,0.028,0.030,0.032,0.048,0.064,0.108
261.000,0.355,0.408,0.427,0.467,0.516,0.564,0.603,0.879,1.150,1.821,0.910,1.015,1.053,1.135,1.233,1.328,1.407,1.957,2.501,3.841,360.855,522.591,591.025,758.005,999.798,1603.622,1547.002,4586.393,10214.866,41229.219,0.009,0.015,0.021,0.031,0.037,0.036,0.041,0.045,0.047,0.055,0.021,0.025,0.026,0.028,0.031,0.035,0.037,0.056,0.076,0.130
262.000,0.100,0.122,0.130,0.148,0.171,0.196,0.212,0.356,0.511,0.926,0.399,0.443,0.460,0.496,0.541,0.592,0.625,0.913,1.221,2.051,376.623,544.785,616.116,790.221,1042.326,1671.686,1612.832,4782.955,10648.070,42964.418,0.002,0.003,0.004,0.005,0.006,0.006,0.007,0.007,0.007,0.008,0.147,0.162,0.167,0.179,0.192,0.203,0.214,0.280,0.341,0.479
263.000,0.108,0.132,0.141,0.161,0.185,0.213,0.231,0.388,0.558,1.025,0.417,0.464,0.482,0.522,0.571,0.627,0.662,0.977,1.317,2.251,376.988,544.799,616.116,790.199,1042.241,1671.685,1612.726,4780.272,10641.034,42969.625,0.003,0.004,0.005,0.006,0.007,0.007,0.007,0.008,0.008,0.009,0.131,0.144,0.149,0.158,0.170,0.179,0.188,0.243,0.292,0.398
264.000,0.395,0.455,0.477,0.525,0.583,0.641,0.686,1.021,1.360,2.219,0.989,1.110,1.154,1.249,1.366,1.482,1.572,2.243,2.919,4.638,388.601,559.667,632.842,811.727,1070.775,1717.232,1656.419,4909.528,10925.931,44112.715,0.012,0.019,0.025,0.037,0.043,0.041,0.047,0.051,0.053,0.060,0.019,0.022,0.023,0.025,0.027,0.030,0.032,0.046,0.060,0.096
265.000,0.370,0.426,0.447,0.493,0.548,0.603,0.646,0.967,1.293,2.125,0.939,1.053,1.095,1.185,1.295,1.407,1.492,2.134,2.785,4.449,389.307,559.717,632.842,811.688,1070.713,1717.208,1656.678,4912.862,10925.007,44098.441,0.011,0.018,0.023,0.033,0.038,0.037,0.042,0.046,0.048,0.054,0.021,0.024,0.025,0.028,0.030,0.033,0.035,0.051,0.066,0.104
266.000,0.343,0.394,0.413,0.455,0.506,0.558,0.597,0.898,1.209,2.008,0.885,0.988,1.026,1.109,1.211,1.316,1.394,1.996,2.617,4.216,395.615,567.056,641.206,822.500,1084.924,1739.886,1678.687,4976.529,11075.744,44659.695,0.010,0.015,0.020,0.028,0.033,0.032,0.036,0.040,0.041,0.047,0.025,0.028,0.029,0.032,0.035,0.038,0.041,0.059,0.076,0.117
267.000,0.227,0.272,0.289,0.326,0.372,0.422,0.457,0.743,1.042,1.814,0.654,0.743,0.777,0.852,0.944,1.045,1.113,1.685,2.283,3.827,437.732,626.464,708.113,908.390,1198.214,1921.146,1853.886,5497.983,12217.583,49259.324,0.007,0.011,0.013,0.016,0.018,0.017,0.019,0.020,0.020,0.022,0.053,0.057,0.058,0.062,0.065,0.069,0.072,0.091,0.110,0.157
268.000,0.353,0.407,0.428,0.472,0.526,0.580,0.622,0.930,1.238,2.001,0.905,1.015,1.056,1.144,1.252,1.360,1.444,2.061,2.676,4.203,438.901,626.336,708.113,908.424,1198.187,1921.130,1854.061,5491.584,12234.617,49244.570,0.009,0.015,0.019,0.028,0.032,0.031,0.035,0.038,0.039,0.044,0.026,0.029,0.031,0.033,0.036,0.040,0.042,0.061,0.080,0.130
269.000,0.293,0.343,0.362,0.402,0.451,0.500,0.539,0.820,1.100,1.794,0.786,0.886,0.923,1.004,1.103,1.200,1.277,1.839,2.399,3.787,444.320,633.895,716.476,919.176,1212.288,1943.599,1875.511,5558.625,12371.601,49805.609,0.007,0.012,0.015,0.021,0.024,0.023,0.026,0.028,0.029,0.033,0.036,0.040,0.041,0.044,0.048,0.052,0.055,0.077,0.101,0.162
27.000,0.073,0.094,0.101,0.119,0.141,0.170,0.184,0.347,0.530,1.029,1.147,1.188,1.203,1.237,1.282,1.340,1.369,1.693,2.060,3.059,297.459,437.285,494.875,634.486,836.980,1342.671,1295.076,3842.639,8553.038,34546.309,0.006,0.009,0.012,0.017,0.019,0.019,0.021,0.023,0.023,0.027,0.044,0.050,0.051,0.056,0.060,0.065,0.069,0.096,0.123,0.192
270.000,0.098,0.119,0.127,0.145,0.167,0.192,0.208,0.351,0.505,0.923,0.396,0.438,0.454,0.489,0.534,0.585,0.617,0.902,1.210,2.046,444.337,633.872,716.476,919.170,1212.327,1943.599,1875.738,5558.972,12367.131,49799.863,0.002,0.003,0.003,0.005,0.005,0.005,0.005,0.006,0.006,0.007,0.177,0.195,0.201,0.214,0.230,0.243,0.256,0.334,0.404,0.559
271.000,0.262,0.310,0.329,0.369,0.419,0.475,0.511,0.827,1.161,2.036,0.724,0.821,0.857,0.938,1.038,1.149,1.223,1.855,2.522,4.271,444.374,633.853,716.476,919.164,1212.341,1943.601,1875.875,5559.158,12365.978,49799.133,0.001,0.001,0.001,0.002,0.002,0.002,0.002,0.002,0.002,0.006,0.015,0.047,0.048,0.051,0.054,0.057,0.060,0.076,0.091,0.127
272.000,0.013,0.016,0.018,0.020,0.024,0.029,0.031,0.059,0.093,0.195,0.226,0.233,0.235,0.241,0.248,0.258,0.263,0.318,0.386,0.589,9.772,14.761,16.727,21.436,28.279,45.396,43.773,129.833,289.345,1181.352,0.006,0.009,0.012,0.017,0.019,0.018,0.021,0.023,0.024,0.028,0.042,0.049,0.051,0.055,0.061,0.066,0.070,0.099,0.124,0.179
273.000,0.017,0.022,0.023,0.027,0.032,0.038,0.041,0.078,0.121,0.248,0.234,0.243,0.247,0.254,0.264,0.277,0.283,0.355,0.441,0.696,14.683,22.145,25.090,32.154,42.419,68.072,65.652,194.739,434.034,1767.768,0.006,0.009,0.011,0.015,0.017,0.017,0.019,0.021,0.022,0.025,0.046,0.054,0.056,0.061,0.067,0.071,0.076,0.105,0.131,0.185
274.000,0.045,0.057,0.061,0.071,0.083,0.098,0.106,0.189,0.282,0.557,0.290,0.314,0.323,0.342,0.366,0.395,0.411,0.577,0.765,1.313,69.395,104.836,118.794,152.241,200.842,322.287,310.875,921.929,2054.942,8382.647,0.005,0.007,0.008,0.010,0.012,0.011,0.013,0.014,0.014,0.016,0.073,0.083,0.086,0.092,0.100,0.105,0.112,0.146,0.175,0.232
275.000,0.137,0.171,0.183,0.210,0.245,0.290,0.311,0.560,0.854,1.743,0.475,0.541,0.566,0.621,0.690,0.779,0.823,1.320,1.909,3.686,69.973,104.948,118.794,152.282,200.947,322.292,311.045,922.006,2052.396,8281.339,0.029,0.041,0.045,0.050,0.053,0.053,0.056,0.058,0.060,0.069,0.017,0.019,0.020,0.020,0.021,0.022,0.023,0.025,0.028,0.039
276.000,0.036,0.046,0.049,0.057,0.066,0.078,0.085,0.152,0.228,0.439,0.272,0.291,0.298,0.313,0.333,0.357,0.370,0.505,0.656,1.077,35.075,52.999,60.056,76.966,101.537,162.955,157.161,466.117,1038.881,4241.523,0.007,0.009,0.012,0.015,0.017,0.017,0.019,0.020,0.021,0.024,0.048,0.055,0.057,0.062,0.067,0.071,0.076,0.101,0.124,0.176
277.000,0.024,0.030,0.033,0.038,0.044,0.053,0.057,0.105,0.160,0.319,0.247,0.261,0.265,0.275,0.289,0.306,0.314,0.410,0.521,0.837,40.005,60.391,68.420,87.684,115.678,185.626,179.023,530.946,1184.124,4825.074,0.003,0.005,0.006,0.008,0.009,0.009,0.010,0.011,0.012,0.013,0.088,0.101,0.105,0.114,0.124,0.133,0.142,0.193,0.238,0.339
278.000,0.023,0.029,0.031,0.036,0.043,0.051,0.055,0.101,0.155,0.309,0.245,0.258,0.262,0.272,0.285,0.302,0.310,0.402,0.510,0.818,40.060,60.394,68.420,87.684,115.678,185.626,179.020,531.196,1184.048,4816.153,0.003,0.005,0.006,0.008,0.009,0.009,0.010,0.011,0.011,0.013,0.092,0.106,0.110,0.120,0.130,0.140,0.149,0.203,0.251,0.356
279.000,0.041,0.052,0.056,0.064,0.075,0.089,0.096,0.171,0.255,0.488,0.282,0.304,0.312,0.329,0.351,0.377,0.392,0.542,0.710,1.177,79.148,119.448,135.327,173.429,228.801,367.200,354.086,1050.387,2340.743,9538.988,0.004,0.005,0.006,0.008,0.009,0.009,0.010,0.011,0.011,0.012,0.094,0.106,0.110,0.119,0.128,0.136,0.145,0.192,0.235,0.330
28.000,0.133,0.159,0.168,0.188,0.214,0.243,0.261,0.424,0.599,1.067,1.266,1.317,1.336,1.377,1.428,1.485,1.522,1.848,2.198,3.134,303.552,444.755,503.238,645.210,851.171,1365.401,1316.982,3907.482,8697.147,35106.531,0.006,0.011,0.015,0.025,0.031,0.029,0.035,0.039,0.041,0.050,0.023,0.028,0.030,0.034,0.038,0.043,0.047,0.075,0.106,0.185
280.000,0.084,0.106,0.113,0.129,0.149,0.172,0.187,0.316,0.455,0.826,0.368,0.411,0.426,0.458,0.499,0.545,0.574,0.833,1.109,1.851,157.386,237.567,269.141,344.919,455.038,730.374,704.247,2088.687,4656.387,18976.174,0.004,0.006,0.008,0.010,0.011,0.011,0.012,0.013,0.014,0.015,0.077,0.086,0.088,0.094,0.101,0.107,0.113,0.149,0.182,0.261
281.000,0.047,0.060,0.064,0.074,0.086,0.101,0.109,0.193,0.285,0.541,0.294,0.319,0.328,0.347,0.372,0.402,0.419,0.586,0.771,1.283,157.517,237.558,269.141,344.919,455.048,730.378,704.178,2089.364,4655.978,18953.756,0.002,0.003,0.004,0.005,0.005,0.005,0.006,0.006,0.007,0.007,0.158,0.179,0.185,0.199,0.215,0.228,0.242,0.321,0.391,0.549
282.000,0.198,0.238,0.252,0.280,0.316,0.352,0.379,0.586,0.796,1.331,0.596,0.676,0.703,0.761,0.832,0.904,0.958,1.373,1.792,2.862,163.281,244.935,277.504,355.637,469.225,752.849,726.175,2154.574,4796.535,19468.930,0.010,0.017,0.021,0.030,0.035,0.033,0.038,0.041,0.043,0.048,0.024,0.027,0.028,0.031,0.033,0.036,0.038,0.054,0.070,0.111
283.000,0.126,0.155,0.165,0.187,0.214,0.243,0.263,0.427,0.599,1.048,0.452,0.510,0.531,0.574,0.628,0.685,0.726,1.055,1.398,2.296,163.755,244.972,277.504,355.637,469.203,752.842,726.157,2155.613,4798.382,19449.361,0.007,0.010,0.012,0.017,0.019,0.018,0.020,0.022,0.023,0.025,0.046,0.052,0.053,0.057,0.062,0.066,0.069,0.093,0.117,0.173
284.000,0.089,0.112,0.120,0.137,0.158,0.183,0.198,0.337,0.488,0.902,0.379,0.423,0.439,0.473,0.516,0.565,0.596,0.874,1.176,2.004,183.530,274.511,310.958,398.509,525.762,843.555,813.757,2415.790,5374.562,21788.666,0.005,0.006,0.007,0.010,0.011,0.010,0.012,0.012,0.013,0.014,0.082,0.092,0.095,0.101,0.108,0.114,0.120,0.155,0.186,0.255
285.000,0.254,0.298,0.313,0.345,0.385,0.424,0.455,0.682,0.911,1.489,0.708,0.796,0.826,0.890,0.969,1.048,1.110,1.564,2.022,3.178,194.444,289.266,327.685,419.952,554.076,889.017,857.393,2542.929,5664.572,22976.955,0.011,0.018,0.024,0.035,0.041,0.039,0.045,0.049,0.051,0.059,0.020,0.023,0.024,0.026,0.029,0.031,0.033,0.049,0.065,0.106
286.000,0.154,0.187,0.199,0.224,0.255,0.287,0.311,0.497,0.688,1.180,0.508,0.574,0.598,0.648,0.710,0.775,0.822,1.194,1.576,2.560,199.747,296.654,336.048,430.680,568.206,912.014,879.346,2609.018,5811.625,23579.420,0.007,0.011,0.013,0.018,0.020,0.020,0.022,0.024,0.024,0.027,0.043,0.048,0.049,0.053,0.057,0.061,0.064,0.088,0.111,0.168
287.000,0.088,0.109,0.117,0.133,0.154,0.177,0.192,0.324,0.465,0.841,0.376,0.419,0.434,0.467,0.508,0.555,0.584,0.848,1.129,1.883,199.580,296.688,336.048,430.704,568.249,912.009,879.396,2608.372,5811.845,23597.100,0.004,0.005,0.007,0.009,0.010,0.009,0.010,0.011,0.011,0.013,0.091,0.102,0.105,0.113,0.121,0.128,0.136,0.179,0.219,0.313
288.000,0.074,0.092,0.098,0.113,0.131,0.151,0.164,0.281,0.407,0.753,0.347,0.384,0.397,0.425,0.461,0.502,0.528,0.761,1.015,1.706,199.478,296.736,336.048,430.683,568.236,912.017,879.436,2609.594,5811.359,23607.311,0.003,0.004,0.005,0.007,0.008,0.007,0.008,0.009,0.009,0.010,0.115,0.129,0.133,0.142,0.153,0.162,0.171,0.225,0.273,0.382
289.000,0.126,0.150,0.159,0.178,0.203,0.230,0.247,0.404,0.576,1.049,1.252,1.301,1.318,1.357,1.405,1.460,1.494,1.808,2.153,3.097,281.657,415.070,469.862,602.320,794.607,1274.907,1229.647,3647.518,8121.135,32902.586,0.007,0.011,0.016,0.025,0.031,0.030,0.035,0.039,0.042,0.050,0.023,0.028,0.030,0.033,0.038,0.043,0.046,0.075,0.104,0.178
29.000,0.032,0.040,0.044,0.051,0.060,0.073,0.078,0.151,0.243,0.543,1.064,1.081,1.087,1.101,1.120,1.146,1.156,1.301,1.486,2.086,303.869,444.782,503.238,645.201,851.153,1365.396,1317.071,3906.374,8698.379,35116.348,0.002,0.003,0.004,0.006,0.007,0.007,0.008,0.009,0.009,0.011,0.107,0.123,0.129,0.141,0.156,0.170,0.182,0.262,0.335,0.488
290.000,0.051,0.065,0.070,0.081,0.095,0.115,0.123,0.230,0.359,0.737,1.103,1.130,1.140,1.162,1.191,1.229,1.247,1.461,1.717,2.474,282.592,415.003,469.862,602.309,794.597,1274.904,1229.663,3646.455,8124.725,32892.285,0.004,0.006,0.008,0.011,0.013,0.013,0.015,0.016,0.017,0.019,0.060,0.070,0.073,0.080,0.088,0.096,0.103,0.150,0.194,0.299
291.000,0.035,0.043,0.047,0.054,0.064,0.078,0.084,0.160,0.258,0.573,1.069,1.087,1.094,1.109,1.129,1.156,1.167,1.321,1.516,2.147,308.354,452.127,511.679,655.977,865.334,1388.476,1338.985,3971.956,8843.915,35775.680,0.003,0.004,0.005,0.007,0.008,0.008,0.009,0.010,0.010,0.012,0.100,0.116,0.121,0.133,0.147,0.160,0.172,0.248,0.317,0.461
292.000,0.042,0.053,0.057,0.066,0.079,0.097,0.104,0.206,0.340,0.789,1.083,1.105,1.114,1.132,1.158,1.195,1.207,1.411,1.679,2.578,308.795,452.157,511.679,655.954,865.347,1388.471,1339.065,3971.398,8847.396,35773.719,0.004,0.005,0.006,0.009,0.010,0.010,0.011,0.012,0.012,0.014,0.083,0.095,0.099,0.108,0.118,0.127,0.136,0.186,0.226,0.296
293.000,0.161,0.199,0.213,0.244,0.283,0.326,0.354,0.600,0.859,1.538,1.322,1.397,1.426,1.488,1.565,1.652,1.709,2.200,2.718,4.077,335.068,489.119,553.496,709.658,936.150,1501.733,1448.579,4295.667,9570.987,38653.703,0.010,0.017,0.022,0.033,0.039,0.037,0.043,0.047,0.049,0.056,0.021,0.024,0.025,0.027,0.030,0.033,0.035,0.052,0.070,0.116
294.000,0.182,0.219,0.233,0.263,0.301,0.343,0.371,0.610,0.863,1.525,1.363,1.438,1.465,1.526,1.602,1.686,1.742,2.221,2.727,4.051,336.127,489.233,553.496,709.712,936.275,1501.743,1448.607,4296.657,9571.949,38648.336,0.010,0.017,0.023,0.035,0.042,0.040,0.047,0.052,0.055,0.064,0.018,0.021,0.022,0.025,0.028,0.031,0.033,0.051,0.069,0.117
295.000,0.173,0.209,0.222,0.252,0.289,0.329,0.356,0.587,0.833,1.475,1.346,1.418,1.445,1.504,1.577,1.659,1.712,2.175,2.665,3.949,374.325,541.161,612.040,784.916,1035.333,1660.557,1602.087,4748.129,10566.878,42639.246,0.009,0.014,0.020,0.030,0.036,0.035,0.040,0.044,0.047,0.054,0.021,0.025,0.026,0.029,0.032,0.036,0.039,0.059,0.081,0.136
296.000,0.178,0.212,0.225,0.253,0.288,0.327,0.352,0.572,0.805,1.419,1.357,1.425,1.450,1.506,1.576,1.654,1.704,2.144,2.610,3.838,374.182,541.162,612.040,784.933,1035.413,1660.547,1602.030,4750.545,10568.596,42630.430,0.008,0.014,0.019,0.030,0.036,0.034,0.040,0.045,0.048,0.056,0.021,0.024,0.026,0.029,0.032,0.036,0.039,0.061,0.085,0.144
297.000,0.166,0.197,0.209,0.235,0.267,0.303,0.327,0.532,0.750,1.327,1.331,1.394,1.418,1.470,1.534,1.606,1.654,2.064,2.501,3.654,390.846,563.355,637.130,817.165,1077.984,1728.714,1667.751,4946.704,11000.069,44351.879,0.007,0.012,0.016,0.026,0.031,0.030,0.035,0.040,0.042,0.049,0.024,0.028,0.029,0.033,0.037,0.042,0.045,0.071,0.097,0.167
298.000,0.146,0.174,0.184,0.207,0.236,0.268,0.289,0.472,0.667,1.186,1.292,1.347,1.368,1.414,1.472,1.537,1.578,1.943,2.334,3.371,412.855,592.954,670.584,860.094,1134.546,1819.736,1755.414,5206.945,11574.457,46651.562,0.006,0.010,0.013,0.021,0.026,0.025,0.029,0.033,0.034,0.041,0.029,0.034,0.036,0.040,0.045,0.051,0.055,0.087,0.121,0.209
299.000,0.039,0.049,0.053,0.061,0.072,0.088,0.094,0.182,0.293,0.652,1.078,1.097,1.105,1.122,1.145,1.176,1.188,1.364,1.586,2.303,418.282,600.343,678.947,870.825,1148.707,1842.162,1777.205,5270.519,11720.854,47224.855,0.002,0.003,0.004,0.006,0.007,0.007,0.007,0.008,0.009,0.010,0.120,0.137,0.143,0.156,0.172,0.187,0.200,0.285,0.360,0.510
3.000,0.021,0.027,0.029,0.034,0.040,0.048,0.051,0.095,0.146,0.294,0.243,0.254,0.259,0.268,0.280,0.296,0.303,0.390,0.493,0.787,29.194,44.021,49.873,63.915,84.323,135.320,130.489,387.135,862.692,3512.421,0.004,0.006,0.007,0.010,0.011,0.011,0.012,0.013,0.014,0.016,0.072,0.083,0.086,0.094,0.102,0.110,0.117,0.160,0.198,0.282
30.000,0.080,0.100,0.107,0.124,0.145,0.171,0.185,0.331,0.498,0.960,1.161,1.200,1.215,1.247,1.289,1.342,1.369,1.662,1.996,2.919,308.739,452.135,511.602,655.955,865.264,1388.311,1338.773,3970.592,8845.149,35713.043,0.005,0.008,0.011,0.016,0.019,0.018,0.021,0.023,0.024,0.028,0.041,0.048,0.050,0.055,0.061,0.067,0.071,0.105,0.138,0.221
300.000,0.150,0.178,0.188,0.211,0.240,0.273,0.293,0.480,0.691,1.298,1.301,1.355,1.376,1.422,1.479,1.546,1.585,1.961,2.383,3.595,434.328,622.636,704.037,903.047,1191.145,1910.338,1842.832,5466.426,12151.924,48945.625,0.006,0.010,0.013,0.021,0.025,0.024,0.028,0.032,0.034,0.040,0.029,0.035,0.037,0.041,0.047,0.052,0.057,0.089,0.121,0.191
301.000,0.063,0.078,0.085,0.099,0.118,0.146,0.156,0.309,0.503,1.098,1.125,1.157,1.169,1.198,1.236,1.292,1.311,1.618,2.007,3.195,449.803,644.815,729.127,935.282,1233.671,1978.511,1908.509,5661.863,12582.364,50666.086,0.005,0.006,0.007,0.009,0.011,0.010,0.012,0.013,0.013,0.015,0.079,0.089,0.092,0.100,0.109,0.115,0.123,0.163,0.193,0.256
302.000,0.193,0.230,0.245,0.277,0.316,0.359,0.388,0.635,0.895,1.573,1.386,1.461,1.490,1.553,1.632,1.719,1.777,2.270,2.791,4.147,450.689,644.886,729.127,935.293,1233.745,1978.524,1908.932,5660.085,12596.348,50649.570,0.008,0.013,0.018,0.028,0.034,0.032,0.038,0.042,0.044,0.051,0.023,0.026,0.028,0.031,0.034,0.038,0.041,0.063,0.086,0.145
303.000,0.183,0.218,0.232,0.262,0.299,0.340,0.368,0.602,0.850,1.497,1.365,1.436,1.464,1.524,1.598,1.681,1.735,2.204,2.699,3.994,462.568,659.740,745.854,956.737,1261.972,2023.595,1952.797,5784.810,12888.544,51785.590,0.007,0.012,0.017,0.026,0.031,0.030,0.035,0.038,0.040,0.047,0.025,0.029,0.030,0.034,0.038,0.042,0.045,0.070,0.095,0.161
304.000,0.183,0.216,0.229,0.256,0.291,0.329,0.354,0.572,0.802,1.407,1.366,1.432,1.457,1.513,1.582,1.659,1.708,2.143,2.604,3.813,463.565,659.823,745.854,956.773,1261.999,2023.579,1952.416,5787.116,12871.599,51769.684,0.007,0.011,0.016,0.025,0.030,0.029,0.034,0.038,0.040,0.047,0.025,0.029,0.031,0.035,0.039,0.044,0.047,0.075,0.104,0.178
305.000,0.168,0.197,0.208,0.233,0.264,0.298,0.320,0.514,0.720,1.264,1.336,1.394,1.417,1.466,1.527,1.595,1.640,2.028,2.440,3.528,464.941,659.701,745.855,956.757,1262.097,2023.576,1952.926,5788.916,12862.251,51753.961,0.006,0.010,0.013,0.022,0.026,0.025,0.030,0.034,0.036,0.042,0.027,0.032,0.034,0.039,0.044,0.050,0.054,0.087,0.121,0.210
306.000,0.040,0.049,0.053,0.061,0.072,0.088,0.094,0.179,0.285,0.615,1.079,1.098,1.106,1.123,1.145,1.176,1.188,1.359,1.571,2.231,574.157,822.695,929.849,1193.137,1573.450,2523.305,2435.010,7217.168,16038.076,64434.832,0.002,0.002,0.003,0.004,0.005,0.005,0.005,0.006,0.006,0.007,0.163,0.186,0.194,0.213,0.236,0.256,0.275,0.397,0.509,0.754
307.000,0.037,0.046,0.049,0.057,0.068,0.082,0.088,0.169,0.269,0.586,1.074,1.092,1.099,1.115,1.136,1.165,1.176,1.337,1.538,2.172,574.518,822.764,929.849,1193.109,1573.431,2523.295,2435.204,7217.491,16048.861,64437.082,0.001,0.002,0.003,0.004,0.005,0.004,0.005,0.006,0.006,0.007,0.174,0.199,0.208,0.229,0.253,0.275,0.295,0.426,0.546,0.806
308.000,0.044,0.055,0.059,0.069,0.081,0.098,0.105,0.201,0.320,0.692,1.088,1.110,1.118,1.137,1.162,1.197,1.211,1.402,1.640,2.385,599.293,859.899,971.666,1246.877,1644.272,2636.525,2544.628,7540.376,16756.711,67322.547,0.002,0.003,0.003,0.005,0.005,0.005,0.006,0.006,0.007,0.008,0.151,0.173,0.180,0.198,0.218,0.237,0.254,0.363,0.461,0.668
309.000,0.052,0.065,0.070,0.081,0.096,0.117,0.125,0.243,0.391,0.872,1.104,1.129,1.139,1.162,1.192,1.235,1.251,1.486,1.783,2.745,609.559,874.725,988.393,1268.351,1672.578,2681.675,2588.376,7670.185,17039.171,68479.344,0.002,0.003,0.004,0.005,0.006,0.006,0.007,0.008,0.008,0.009,0.130,0.148,0.155,0.168,0.185,0.199,0.213,0.295,0.364,0.488
31.000,0.029,0.037,0.040,0.046,0.054,0.066,0.070,0.133,0.211,0.452,1.058,1.073,1.079,1.092,1.108,1.131,1.140,1.266,1.421,1.903,308.599,452.158,511.602,655.929,865.279,1388.308,1338.857,3971.169,8839.202,35718.957,0.002,0.003,0.004,0.006,0.007,0.006,0.007,0.008,0.008,0.010,0.119,0.138,0.145,0.159,0.176,0.193,0.207,0.306,0.403,0.634
310.000,0.188,0.227,0.242,0.276,0.318,0.366,0.396,0.666,0.954,1.803,1.376,1.455,1.485,1.552,1.636,1.732,1.792,2.331,2.908,4.606,611.621,874.789,988.393,1268.315,1672.496,2681.679,2588.332,7673.557,17045.732,68463.109,0.007,0.011,0.014,0.021,0.025,0.024,0.028,0.030,0.032,0.037,0.032,0.036,0.038,0.042,0.046,0.051,0.054,0.080,0.106,0.158
311.000,0.172,0.209,0.223,0.255,0.294,0.340,0.368,0.623,0.899,1.742,1.344,1.417,1.446,1.509,1.589,1.679,1.736,2.247,2.798,4.483,618.384,882.223,996.757,1279.010,1686.858,2704.378,2610.168,7737.849,17211.323,69017.289,0.007,0.010,0.013,0.019,0.023,0.022,0.025,0.027,0.029,0.033,0.036,0.041,0.043,0.047,0.051,0.056,0.060,0.089,0.117,0.169
312.000,0.156,0.190,0.204,0.233,0.270,0.312,0.338,0.576,0.834,1.680,1.312,1.381,1.407,1.467,1.540,1.625,1.677,2.151,2.668,4.360,617.967,882.073,996.757,1279.127,1686.765,2704.385,2610.260,7732.091,17206.727,68987.844,0.006,0.009,0.012,0.017,0.020,0.020,0.022,0.025,0.026,0.029,0.040,0.045,0.047,0.052,0.057,0.063,0.067,0.099,0.131,0.180
313.000,0.184,0.216,0.229,0.256,0.290,0.327,0.352,0.563,0.794,1.662,1.368,1.432,1.457,1.512,1.579,1.655,1.703,2.127,2.589,4.323,623.867,889.674,1005.121,1289.851,1700.912,2727.112,2632.423,7797.180,17338.832,69525.391,0.006,0.008,0.011,0.018,0.022,0.021,0.025,0.028,0.030,0.035,0.033,0.039,0.042,0.047,0.053,0.060,0.064,0.103,0.141,0.186
314.000,0.057,0.071,0.077,0.090,0.107,0.136,0.142,0.292,0.516,1.554,1.115,1.143,1.154,1.180,1.215,1.271,1.284,1.585,2.032,4.107,624.022,889.708,1005.121,1289.842,1700.774,2727.089,2632.442,7797.759,17329.156,69488.453,0.004,0.005,0.005,0.006,0.007,0.007,0.008,0.008,0.009,0.010,0.120,0.135,0.141,0.153,0.167,0.175,0.189,0.239,0.256,0.271
315.000,0.017,0.022,0.024,0.027,0.032,0.039,0.042,0.078,0.121,0.248,0.234,0.244,0.247,0.255,0.265,0.278,0.284,0.356,0.443,0.697,24.398,36.914,41.817,53.591,70.701,113.468,109.425,324.572,723.183,2957.696,0.004,0.005,0.007,0.009,0.011,0.010,0.012,0.013,0.013,0.015,0.076,0.088,0.092,0.100,0.109,0.117,0.126,0.173,0.216,0.309
316.000,0.039,0.047,0.050,0.057,0.065,0.075,0.081,0.135,0.198,0.378,1.078,1.095,1.101,1.114,1.130,1.150,1.161,1.271,1.395,1.756,27.185,40.613,45.999,58.951,77.779,124.805,120.386,357.163,795.180,3230.322,0.016,0.030,0.043,0.072,0.089,0.086,0.102,0.115,0.122,0.148,0.008,0.010,0.010,0.011,0.013,0.015,0.016,0.027,0.039,0.072
317.000,0.013,0.017,0.018,0.021,0.025,0.030,0.033,0.062,0.099,0.220,1.027,1.034,1.037,1.043,1.050,1.061,1.065,1.124,1.198,1.440,32.191,48.007,54.362,69.673,91.918,147.509,142.254,422.336,939.495,3814.144,0.007,0.012,0.016,0.024,0.028,0.027,0.031,0.034,0.036,0.042,0.028,0.032,0.034,0.037,0.042,0.046,0.049,0.075,0.100,0.165
318.000,0.008,0.010,0.010,0.012,0.014,0.018,0.019,0.037,0.060,0.142,1.015,1.019,1.021,1.024,1.029,1.035,1.038,1.073,1.119,1.285,34.706,51.698,58.544,75.034,98.988,158.857,153.194,454.802,1012.132,4105.905,0.004,0.006,0.008,0.012,0.015,0.014,0.016,0.018,0.019,0.022,0.052,0.061,0.064,0.071,0.079,0.087,0.093,0.140,0.186,0.293
319.000,0.108,0.132,0.141,0.161,0.185,0.213,0.231,0.389,0.564,1.040,1.215,1.265,1.283,1.322,1.371,1.427,1.461,1.779,2.127,3.079,55.331,81.320,91.997,117.962,155.599,249.615,240.747,714.149,1590.041,6431.437,0.033,0.055,0.076,0.118,0.141,0.136,0.158,0.175,0.184,0.216,0.005,0.006,0.007,0.007,0.008,0.009,0.010,0.015,0.021,0.035
32.000,0.024,0.030,0.032,0.038,0.044,0.054,0.058,0.113,0.184,0.426,1.048,1.060,1.065,1.075,1.089,1.109,1.116,1.225,1.367,1.851,308.575,452.138,511.602,655.944,865.271,1388.311,1338.833,3970.055,8842.702,35721.359,0.002,0.002,0.003,0.005,0.005,0.005,0.006,0.007,0.007,0.008,0.147,0.170,0.178,0.196,0.217,0.237,0.254,0.369,0.473,0.684
320.000,0.111,0.136,0.145,0.164,0.188,0.216,0.233,0.391,0.565,1.039,1.222,1.271,1.289,1.328,1.377,1.432,1.467,1.783,2.129,3.079,49.308,81.217,91.997,117.919,155.566,249.620,240.798,714.014,1589.146,6421.918,0.021,0.039,0.053,0.083,0.101,0.097,0.113,0.126,0.133,0.201,0.004,0.006,0.006,0.007,0.008,0.009,0.010,0.015,0.021,0.038
321.000,0.004,0.005,0.006,0.007,0.008,0.010,0.010,0.020,0.032,0.072,0.208,0.211,0.212,0.213,0.216,0.219,0.221,0.239,0.264,0.344,2.445,3.691,4.182,5.359,7.070,11.349,10.942,32.452,72.342,295.267,0.003,0.005,0.006,0.009,0.011,0.011,0.012,0.014,0.014,0.017,0.033,0.039,0.041,0.045,0.050,0.055,0.059,0.087,0.114,0.175
322.000,0.004,0.005,0.006,0.007,0.008,0.010,0.010,0.020,0.032,0.073,0.208,0.211,0.212,0.213,0.216,0.219,0.221,0.240,0.264,0.345,2.441,3.691,4.182,5.359,7.070,11.349,10.943,32.451,72.323,295.721,0.004,0.006,0.007,0.011,0.013,0.012,0.014,0.015,0.016,0.019,0.033,0.039,0.041,0.045,0.050,0.054,0.058,0.086,0.113,0.173
323.000,0.014,0.018,0.020,0.023,0.027,0.032,0.035,0.065,0.102,0.212,0.228,0.236,0.239,0.245,0.253,0.264,0.269,0.330,0.404,0.624,19.514,29.534,33.454,42.872,56.560,90.790,87.546,259.685,578.550,2366.949,0.004,0.005,0.007,0.009,0.011,0.010,0.012,0.013,0.013,0.016,0.075,0.087,0.091,0.099,0.109,0.117,0.125,0.175,0.219,0.315
324.000,0.023,0.029,0.032,0.037,0.043,0.051,0.056,0.103,0.158,0.316,0.246,0.259,0.263,0.273,0.286,0.303,0.311,0.405,0.515,0.832,24.441,36.906,41.817,53.591,70.698,113.468,109.425,324.520,723.548,2950.638,0.006,0.008,0.010,0.013,0.015,0.014,0.016,0.017,0.018,0.021,0.056,0.064,0.067,0.072,0.079,0.084,0.090,0.121,0.149,0.210
325.000,0.116,0.138,0.146,0.162,0.182,0.202,0.218,0.335,0.452,0.742,0.431,0.476,0.491,0.524,0.564,0.605,0.636,0.870,1.103,1.683,24.801,36.927,41.817,53.591,70.709,113.471,109.433,324.615,723.119,2930.483,0.024,0.041,0.055,0.083,0.098,0.095,0.109,0.120,0.126,0.147,0.008,0.009,0.010,0.011,0.012,0.013,0.014,0.021,0.029,0.049
326.000,0.023,0.029,0.032,0.037,0.043,0.052,0.056,0.104,0.160,0.326,0.246,0.259,0.263,0.273,0.286,0.304,0.312,0.407,0.520,0.851,24.838,36.927,41.817,53.599,70.708,113.470,109.438,324.545,723.295,2928.527,0.004,0.005,0.006,0.009,0.010,0.009,0.011,0.012,0.012,0.014,0.056,0.064,0.066,0.072,0.078,0.083,0.089,0.120,0.146,0.199
327.000,0.012,0.015,0.016,0.019,0.022,0.030,0.030,0.063,0.130,0.675,0.223,0.230,0.232,0.238,0.245,0.259,0.259,0.326,0.459,1.549,2.462,3.692,4.182,5.359,7.071,11.349,10.946,32.481,72.432,312.727,0.035,0.051,0.052,0.062,0.071,0.070,0.077,0.084,0.089,0.248,0.005,0.013,0.014,0.015,0.016,0.017,0.019,0.022,0.023,0.033
328.000,0.045,0.056,0.060,0.069,0.082,0.114,0.112,0.291,0.530,1.169,0.290,0.312,0.319,0.338,0.364,0.427,0.425,0.783,1.260,2.537,5.010,7.392,8.363,10.726,14.158,22.700,21.939,64.415,143.658,656.096,0.061,0.158,0.159,0.162,0.169,0.176,0.180,0.218,0.276,2.956,0.000,0.004,0.005,0.006,0.007,0.007,0.007,0.007,0.007,0.019
329.000,0.037,0.049,0.054,0.065,0.081,0.115,0.118,0.306,0.547,1.187,0.275,0.299,0.308,0.331,0.363,0.430,0.435,0.813,1.294,2.573,9.999,14.789,16.727,21.456,28.320,45.398,43.873,128.915,288.002,1268.595,0.042,0.079,0.080,0.081,0.082,0.087,0.085,0.118,0.147,1.241,0.001,0.008,0.010,0.014,0.014,0.014,0.014,0.014,0.015,0.028
33.000,0.065,0.083,0.090,0.107,0.128,0.161,0.172,0.350,0.563,1.156,1.129,1.166,1.181,1.213,1.257,1.321,1.345,1.701,2.127,3.313,314.180,459.620,519.965,666.668,879.425,1410.644,1360.654,4035.765,8990.895,36309.605,0.007,0.010,0.012,0.015,0.016,0.016,0.018,0.019,0.020,0.022,0.053,0.059,0.061,0.066,0.071,0.074,0.078,0.099,0.119,0.169
330.000,0.170,0.206,0.219,0.249,0.286,0.326,0.353,0.584,0.829,1.471,0.540,0.612,0.639,0.698,0.771,0.853,0.906,1.368,1.858,3.142,-185.650,14.464,16.727,21.337,28.135,45.400,43.343,129.605,296.257,1364.630,-56.809,0.261,0.335,0.446,0.493,0.483,0.526,0.564,0.675,364.959,-0.004,0.002,0.002,0.002,0.002,0.002,0.003,0.003,0.004,0.008
331.000,0.173,0.208,0.222,0.251,0.288,0.329,0.356,0.587,0.832,1.474,0.545,0.617,0.644,0.703,0.776,0.857,0.911,1.374,1.863,3.148,-302.893,13.852,16.617,21.128,27.995,45.400,43.163,130.323,302.415,1418.150,-1765.864,0.214,0.284,0.390,0.435,0.415,0.468,0.521,0.773,447.983,-0.006,0.001,0.002,0.002,0.002,0.002,0.003,0.004,0.005,0.008
332.000,0.015,0.019,0.020,0.024,0.028,0.034,0.036,0.068,0.106,0.220,0.230,0.238,0.241,0.247,0.256,0.267,0.272,0.336,0.412,0.640,12.264,18.528,20.995,26.907,35.497,56.980,54.942,162.968,363.182,1482.853,0.006,0.009,0.011,0.016,0.018,0.017,0.020,0.021,0.022,0.026,0.045,0.052,0.054,0.059,0.065,0.070,0.075,0.104,0.130,0.187
333.000,0.018,0.023,0.025,0.029,0.034,0.041,0.044,0.083,0.128,0.262,0.236,0.247,0.250,0.258,0.269,0.282,0.289,0.366,0.457,0.724,12.306,18.535,20.995,26.907,35.496,56.981,54.939,162.983,363.014,1476.111,0.008,0.012,0.014,0.020,0.023,0.022,0.025,0.027,0.028,0.032,0.036,0.041,0.043,0.047,0.051,0.055,0.059,0.081,0.100,0.142
334.000,0.031,0.039,0.042,0.049,0.057,0.068,0.073,0.133,0.201,0.396,0.261,0.278,0.284,0.297,0.314,0.335,0.346,0.466,0.603,0.993,24.091,36.276,41.091,52.660,69.471,111.509,107.523,318.963,710.346,2886.642,0.008,0.011,0.014,0.019,0.021,0.020,0.023,0.025,0.026,0.029,0.040,0.045,0.047,0.051,0.055,0.059,0.062,0.084,0.102,0.142
335.000,0.040,0.051,0.055,0.064,0.075,0.090,0.097,0.178,0.272,0.557,0.280,0.302,0.310,0.328,0.351,0.380,0.394,0.556,0.745,1.314,33.944,51.046,57.818,74.097,97.756,156.867,151.280,448.993,999.429,4054.610,0.010,0.013,0.015,0.019,0.021,0.021,0.023,0.024,0.025,0.028,0.041,0.046,0.048,0.051,0.055,0.058,0.061,0.078,0.090,0.112
336.000,0.264,0.310,0.325,0.358,0.398,0.437,0.469,0.696,0.922,1.490,0.729,0.820,0.850,0.916,0.996,1.074,1.137,1.592,2.045,3.180,151.536,227.382,257.539,330.067,435.480,698.773,673.883,2000.050,4453.473,18080.707,0.014,0.023,0.031,0.046,0.055,0.053,0.061,0.066,0.069,0.081,0.014,0.017,0.018,0.019,0.021,0.023,0.025,0.037,0.050,0.084
337.000,0.236,0.277,0.290,0.320,0.355,0.391,0.419,0.624,0.828,1.340,0.672,0.753,0.781,0.839,0.911,0.982,1.038,1.448,1.856,2.880,152.510,227.443,257.539,330.082,435.473,698.781,673.898,1999.947,4452.641,18052.076,0.011,0.019,0.026,0.038,0.045,0.044,0.050,0.055,0.058,0.067,0.017,0.020,0.021,0.023,0.026,0.028,0.030,0.045,0.061,0.102
338.000,0.095,0.118,0.126,0.143,0.165,0.190,0.206,0.342,0.487,0.883,0.390,0.436,0.452,0.487,0.531,0.579,0.612,0.883,1.174,1.966,155.259,231.089,261.721,335.420,442.543,709.951,684.955,2031.355,4527.997,18331.789,0.005,0.007,0.009,0.012,0.014,0.013,0.015,0.016,0.016,0.018,0.064,0.072,0.074,0.079,0.085,0.090,0.095,0.128,0.157,0.223
339.000,0.086,0.107,0.114,0.130,0.151,0.174,0.188,0.323,0.468,0.854,0.372,0.414,0.428,0.461,0.501,0.549,0.577,0.846,1.137,1.908,155.269,231.112,261.721,335.439,442.552,709.946,684.845,2030.578,4522.824,18322.289,0.005,0.007,0.008,0.011,0.012,0.012,0.013,0.014,0.014,0.016,0.074,0.082,0.085,0.091,0.097,0.103,0.109,0.140,0.168,0.237
34.000,0.161,0.194,0.207,0.233,0.267,0.304,0.329,0.541,0.766,1.360,1.322,1.389,1.413,1.467,1.534,1.608,1.657,2.081,2.532,3.720,313.344,459.586,519.965,666.653,879.484,1410.662,1360.777,4037.666,8992.127,36326.668,0.009,0.015,0.021,0.032,0.038,0.037,0.043,0.048,0.050,0.060,0.019,0.023,0.024,0.027,0.030,0.034,0.036,0.056,0.077,0.132
340.000,0.096,0.115,0.122,0.137,0.156,0.178,0.191,0.313,0.446,0.812,1.191,1.230,1.244,1.274,1.312,1.355,1.382,1.626,1.893,2.624,158.013,234.827,265.902,340.805,449.636,721.786,695.840,2064.140,4598.097,18638.477,0.008,0.014,0.020,0.033,0.040,0.039,0.046,0.052,0.055,0.066,0.018,0.021,0.023,0.025,0.029,0.033,0.036,0.058,0.083,0.147
341.000,0.025,0.031,0.033,0.039,0.046,0.056,0.060,0.115,0.185,0.419,1.049,1.062,1.067,1.078,1.092,1.112,1.119,1.230,1.370,1.838,163.632,242.193,274.266,351.556,463.785,744.077,717.739,2129.480,4741.685,19226.822,0.003,0.005,0.006,0.009,0.010,0.010,0.011,0.013,0.013,0.015,0.076,0.088,0.092,0.101,0.112,0.123,0.132,0.194,0.251,0.376
342.000,0.027,0.034,0.037,0.043,0.051,0.064,0.068,0.134,0.223,0.541,0.055,0.069,0.074,0.087,0.103,0.127,0.135,0.268,0.446,1.083,294.493,429.394,485.558,622.694,821.357,1317.533,1271.030,3767.560,8389.381,33902.668,0.004,0.006,0.007,0.011,0.013,0.012,0.014,0.015,0.016,0.019,0.062,0.072,0.075,0.083,0.092,0.100,0.108,0.158,0.207,0.321
343.000,0.074,0.089,0.095,0.107,0.122,0.139,0.149,0.250,0.365,0.710,0.149,0.178,0.189,0.213,0.243,0.279,0.299,0.500,0.729,1.420,295.031,429.478,485.558,622.652,821.392,1317.532,1271.018,3767.583,8387.463,33916.559,0.005,0.009,0.014,0.024,0.030,0.029,0.035,0.040,0.042,0.051,0.023,0.027,0.029,0.033,0.038,0.044,0.048,0.083,0.123,0.236
344.000,0.022,0.027,0.029,0.034,0.040,0.049,0.052,0.101,0.165,0.387,0.043,0.054,0.058,0.068,0.080,0.098,0.104,0.202,0.330,0.773,320.293,466.378,527.375,676.349,892.056,1430.639,1380.253,4091.865,9108.084,36808.211,0.002,0.004,0.005,0.008,0.009,0.009,0.010,0.011,0.012,0.014,0.086,0.100,0.105,0.115,0.128,0.142,0.152,0.230,0.308,0.505
345.000,0.016,0.020,0.022,0.026,0.030,0.037,0.039,0.075,0.121,0.285,0.033,0.041,0.044,0.051,0.060,0.073,0.078,0.150,0.243,0.571,320.578,466.369,527.376,676.338,892.061,1430.626,1380.322,4091.978,9103.001,36814.531,0.002,0.003,0.004,0.006,0.007,0.007,0.008,0.008,0.009,0.010,0.114,0.132,0.138,0.153,0.171,0.189,0.203,0.311,0.424,0.700
346.000,0.016,0.019,0.021,0.024,0.029,0.035,0.038,0.073,0.120,0.291,0.031,0.039,0.042,0.049,0.058,0.071,0.075,0.146,0.240,0.582,330.574,481.180,544.102,697.807,920.389,1476.226,1423.997,4221.075,9393.294,37973.219,0.002,0.003,0.004,0.005,0.006,0.006,0.007,0.008,0.008,0.009,0.123,0.143,0.150,0.165,0.184,0.204,0.218,0.329,0.441,0.707
347.000,0.077,0.095,0.102,0.117,0.136,0.159,0.171,0.300,0.448,0.886,0.155,0.191,0.204,0.234,0.272,0.318,0.343,0.600,0.896,1.772,351.335,510.807,577.556,740.709,977.024,1567.227,1511.785,4481.144,9968.258,40293.465,0.005,0.010,0.014,0.024,0.029,0.028,0.033,0.036,0.038,0.045,0.026,0.030,0.032,0.036,0.040,0.046,0.049,0.081,0.116,0.216
348.000,0.075,0.091,0.097,0.110,0.127,0.147,0.158,0.271,0.400,0.781,0.150,0.182,0.194,0.220,0.254,0.294,0.316,0.542,0.800,1.562,352.564,510.776,577.557,740.735,977.098,1567.235,1511.415,4483.317,9978.552,40305.309,0.005,0.009,0.013,0.022,0.027,0.026,0.031,0.034,0.036,0.043,0.027,0.032,0.034,0.038,0.043,0.050,0.054,0.090,0.132,0.251
349.000,0.016,0.020,0.022,0.025,0.030,0.036,0.039,0.075,0.123,0.294,0.032,0.040,0.043,0.050,0.059,0.073,0.077,0.150,0.246,0.588,479.524,703.047,795.005,1019.597,1344.917,2157.370,2080.430,6172.851,13736.026,55523.523,0.001,0.002,0.002,0.004,0.004,0.004,0.005,0.005,0.006,0.007,0.175,0.203,0.213,0.235,0.262,0.289,0.310,0.469,0.631,1.022
35.000,0.154,0.185,0.197,0.222,0.254,0.289,0.312,0.513,0.727,1.292,1.308,1.371,1.394,1.444,1.508,1.579,1.624,2.025,2.454,3.584,373.641,543.412,614.650,788.162,1039.658,1667.843,1608.467,4772.092,10622.078,42868.027,0.007,0.012,0.016,0.025,0.031,0.029,0.034,0.038,0.040,0.047,0.024,0.029,0.030,0.034,0.038,0.043,0.046,0.072,0.098,0.168
350.000,0.104,0.126,0.134,0.152,0.174,0.200,0.215,0.364,0.535,1.046,0.208,0.252,0.268,0.303,0.347,0.401,0.430,0.728,1.071,2.092,481.028,703.172,795.005,1019.664,1345.024,2157.397,2080.776,6170.708,13730.634,55495.066,0.005,0.009,0.013,0.022,0.027,0.026,0.031,0.035,0.037,0.044,0.026,0.031,0.033,0.038,0.043,0.050,0.053,0.090,0.132,0.245
351.000,0.096,0.115,0.122,0.137,0.157,0.180,0.193,0.323,0.472,0.922,0.192,0.230,0.244,0.275,0.313,0.360,0.385,0.645,0.944,1.844,497.057,725.413,820.096,1051.876,1387.529,2225.395,2146.410,6362.523,14161.866,57234.789,0.004,0.007,0.011,0.019,0.023,0.023,0.027,0.031,0.033,0.040,0.029,0.036,0.038,0.043,0.050,0.057,0.062,0.106,0.156,0.293
352.000,0.031,0.039,0.043,0.049,0.058,0.071,0.076,0.145,0.235,0.540,0.063,0.079,0.085,0.099,0.117,0.142,0.151,0.291,0.470,1.079,512.266,747.619,845.186,1084.054,1429.953,2293.084,2212.172,6557.141,14593.701,58983.523,0.002,0.003,0.005,0.007,0.008,0.008,0.009,0.010,0.011,0.012,0.094,0.109,0.114,0.126,0.141,0.156,0.167,0.253,0.341,0.560
353.000,0.020,0.025,0.026,0.031,0.036,0.045,0.048,0.092,0.152,0.366,0.039,0.049,0.053,0.062,0.073,0.089,0.095,0.185,0.303,0.731,512.630,747.541,845.186,1084.013,1429.872,2293.099,2212.115,6556.149,14596.080,58971.867,0.001,0.002,0.003,0.004,0.005,0.005,0.006,0.006,0.007,0.008,0.152,0.176,0.184,0.203,0.226,0.250,0.267,0.403,0.539,0.859
354.000,0.103,0.123,0.130,0.146,0.167,0.191,0.205,0.341,0.496,0.955,0.205,0.245,0.260,0.293,0.333,0.382,0.409,0.682,0.992,1.911,528.757,769.701,870.277,1116.232,1472.260,2361.453,2277.950,6751.620,15023.629,60710.805,0.004,0.007,0.011,0.019,0.024,0.023,0.027,0.031,0.033,0.040,0.029,0.035,0.038,0.043,0.049,0.057,0.062,0.106,0.157,0.298
355.000,0.024,0.030,0.033,0.038,0.045,0.054,0.058,0.112,0.181,0.423,0.048,0.060,0.065,0.076,0.089,0.109,0.116,0.224,0.363,0.846,534.077,777.082,878.640,1126.975,1486.303,2383.939,2299.890,6817.788,15171.415,61286.266,0.002,0.003,0.003,0.005,0.006,0.006,0.007,0.007,0.008,0.009,0.128,0.148,0.156,0.172,0.191,0.212,0.227,0.345,0.465,0.762
356.000,0.019,0.023,0.025,0.029,0.035,0.042,0.045,0.087,0.143,0.343,0.037,0.047,0.050,0.058,0.069,0.085,0.090,0.175,0.286,0.687,533.725,777.047,878.640,1126.913,1486.349,2383.956,2299.782,6817.796,15172.746,61275.426,0.001,0.002,0.003,0.004,0.005,0.005,0.005,0.006,0.006,0.007,0.166,0.193,0.202,0.223,0.248,0.274,0.294,0.444,0.595,0.955
357.000,0.104,0.125,0.132,0.149,0.169,0.194,0.208,0.346,0.502,0.967,0.209,0.249,0.264,0.297,0.339,0.388,0.416,0.691,1.005,1.934,539.530,784.538,887.004,1137.634,1500.665,2407.090,2321.977,6882.113,15312.671,61835.426,0.004,0.007,0.011,0.019,0.024,0.023,0.027,0.031,0.033,0.040,0.029,0.035,0.038,0.043,0.049,0.057,0.062,0.107,0.157,0.299
358.000,0.025,0.031,0.034,0.039,0.047,0.057,0.061,0.119,0.196,0.479,0.050,0.063,0.068,0.079,0.093,0.115,0.122,0.238,0.393,0.958,614.400,895.470,1012.455,1298.624,1712.826,2748.018,2650.033,7853.055,17481.964,70650.086,0.002,0.002,0.003,0.005,0.006,0.005,0.006,0.007,0.007,0.008,0.142,0.165,0.173,0.190,0.211,0.233,0.249,0.373,0.493,0.766
359.000,0.107,0.128,0.136,0.153,0.174,0.200,0.215,0.360,0.528,1.038,0.214,0.256,0.272,0.306,0.349,0.401,0.429,0.720,1.057,2.077,616.057,895.439,1012.455,1298.572,1712.710,2748.026,2650.061,7856.357,17480.899,70617.195,0.004,0.007,0.010,0.017,0.021,0.020,0.024,0.028,0.030,0.036,0.033,0.039,0.042,0.048,0.055,0.063,0.068,0.116,0.170,0.314
36.000,0.151,0.179,0.189,0.211,0.239,0.271,0.291,0.469,0.660,1.167,1.302,1.357,1.378,1.423,1.479,1.542,1.582,1.939,2.321,3.334,374.611,543.417,614.650,788.197,1039.768,1667.836,1608.632,4772.052,10625.363,42880.625,0.006,0.010,0.014,0.023,0.029,0.027,0.032,0.037,0.039,0.046,0.025,0.030,0.032,0.036,0.041,0.046,0.050,0.080,0.113,0.197
360.000,0.038,0.048,0.052,0.060,0.071,0.087,0.092,0.178,0.289,0.668,0.077,0.096,0.103,0.120,0.142,0.173,0.185,0.357,0.579,1.335,626.518,910.284,1029.182,1319.976,1741.023,2792.577,2693.652,7985.557,17771.972,71772.148,0.002,0.003,0.005,0.007,0.008,0.008,0.009,0.010,0.011,0.012,0.094,0.109,0.114,0.126,0.140,0.155,0.166,0.249,0.333,0.536
361.000,0.025,0.031,0.033,0.038,0.045,0.055,0.059,0.114,0.184,0.429,0.049,0.062,0.066,0.077,0.091,0.111,0.118,0.227,0.369,0.858,626.977,910.301,1029.182,1319.976,1741.216,2792.575,2694.012,7983.382,17775.836,71758.570,0.001,0.002,0.003,0.004,0.005,0.005,0.006,0.006,0.007,0.008,0.147,0.171,0.179,0.198,0.220,0.244,0.261,0.397,0.536,0.878
362.000,0.022,0.027,0.029,0.034,0.040,0.049,0.052,0.102,0.168,0.405,0.043,0.054,0.058,0.068,0.080,0.099,0.105,0.204,0.336,0.810,632.252,917.663,1037.546,1330.727,1755.365,2814.927,2716.209,8049.179,17921.615,72334.000,0.001,0.002,0.003,0.004,0.005,0.004,0.005,0.006,0.006,0.007,0.169,0.195,0.205,0.226,0.251,0.277,0.297,0.447,0.596,0.944
363.000,0.117,0.139,0.148,0.166,0.189,0.217,0.232,0.386,0.561,1.074,0.233,0.279,0.295,0.332,0.378,0.433,0.464,0.773,1.123,2.148,637.382,925.223,1045.910,1341.516,1769.577,2837.385,2737.460,8116.659,18057.537,72889.664,0.004,0.007,0.010,0.018,0.022,0.021,0.026,0.029,0.031,0.038,0.031,0.037,0.040,0.045,0.052,0.060,0.065,0.111,0.164,0.311
364.000,0.020,0.025,0.027,0.032,0.038,0.046,0.049,0.095,0.155,0.367,0.041,0.051,0.055,0.064,0.075,0.092,0.098,0.190,0.310,0.733,648.432,940.013,1062.637,1362.987,1797.852,2884.499,2781.383,8245.713,18345.260,74055.945,0.001,0.002,0.002,0.004,0.004,0.004,0.005,0.005,0.005,0.006,0.184,0.213,0.224,0.247,0.275,0.304,0.326,0.493,0.663,1.076
365.000,0.021,0.026,0.028,0.033,0.039,0.048,0.051,0.099,0.163,0.396,0.042,0.053,0.057,0.066,0.078,0.096,0.102,0.198,0.326,0.792,648.211,939.934,1062.637,1362.944,1797.769,2884.500,2780.829,8247.612,18345.783,74043.633,0.001,0.002,0.002,0.004,0.004,0.004,0.005,0.005,0.006,0.007,0.179,0.207,0.217,0.239,0.266,0.293,0.314,0.472,0.628,0.989
366.000,0.133,0.161,0.171,0.194,0.223,0.257,0.276,0.468,0.687,1.329,0.266,0.322,0.342,0.388,0.445,0.514,0.552,0.937,1.375,2.657,654.286,947.258,1071.001,1373.722,1812.032,2906.676,2803.099,8311.895,18496.275,74639.383,0.005,0.009,0.013,0.021,0.026,0.025,0.030,0.033,0.035,0.042,0.028,0.033,0.035,0.039,0.045,0.051,0.055,0.092,0.133,0.245
367.000,0.129,0.155,0.164,0.185,0.211,0.243,0.261,0.437,0.638,1.227,0.258,0.309,0.328,0.370,0.423,0.486,0.521,0.874,1.276,2.454,660.661,954.754,1079.365,1384.388,1825.975,2929.067,2825.251,8379.180,18642.218,75245.062,0.004,0.008,0.012,0.020,0.024,0.023,0.028,0.032,0.034,0.040,0.029,0.035,0.037,0.042,0.048,0.055,0.059,0.101,0.147,0.273
368.000,0.117,0.139,0.147,0.165,0.188,0.216,0.231,0.385,0.559,1.070,0.233,0.278,0.294,0.331,0.377,0.431,0.463,0.769,1.118,2.139,661.578,954.705,1079.366,1384.504,1826.239,2929.062,2825.376,8381.448,18650.871,75268.820,0.004,0.007,0.010,0.017,0.022,0.021,0.025,0.028,0.030,0.036,0.032,0.039,0.041,0.047,0.054,0.062,0.067,0.116,0.170,0.323
369.000,0.024,0.030,0.032,0.037,0.044,0.054,0.058,0.112,0.183,0.440,0.048,0.060,0.064,0.075,0.088,0.108,0.115,0.223,0.366,0.880,667.422,962.100,1087.729,1395.214,1840.377,2951.228,2847.200,8445.228,18794.671,75855.438,0.001,0.002,0.003,0.004,0.005,0.005,0.005,0.006,0.006,0.007,0.161,0.186,0.195,0.215,0.240,0.265,0.284,0.428,0.571,0.903
37.000,0.034,0.042,0.045,0.053,0.062,0.076,0.081,0.155,0.247,0.540,1.068,1.084,1.091,1.106,1.125,1.152,1.162,1.310,1.495,2.079,385.058,558.180,631.377,809.703,1068.096,1713.433,1652.437,4901.848,10913.195,44037.434,0.002,0.003,0.004,0.005,0.006,0.006,0.007,0.008,0.008,0.009,0.128,0.147,0.154,0.169,0.187,0.205,0.219,0.319,0.411,0.616
370.000,0.031,0.039,0.042,0.049,0.059,0.073,0.077,0.155,0.263,0.702,0.062,0.078,0.084,0.098,0.117,0.146,0.154,0.309,0.527,1.404,687.334,991.783,1121.183,1438.107,1897.002,3043.426,2934.784,8705.764,19372.150,78201.438,0.002,0.003,0.004,0.005,0.006,0.006,0.007,0.008,0.008,0.009,0.127,0.146,0.153,0.168,0.186,0.202,0.218,0.315,0.401,0.551
371.000,0.137,0.168,0.180,0.206,0.239,0.280,0.302,0.533,0.802,1.599,0.275,0.337,0.360,0.412,0.478,0.561,0.604,1.065,1.604,3.199,897.538,1302.752,1472.447,1888.746,2491.260,3995.193,3854.629,11422.849,25430.392,102667.617,0.004,0.008,0.011,0.017,0.020,0.020,0.023,0.026,0.027,0.032,0.037,0.043,0.046,0.051,0.057,0.064,0.069,0.110,0.153,0.267
372.000,0.133,0.161,0.172,0.196,0.227,0.265,0.285,0.500,0.754,1.507,0.265,0.322,0.344,0.392,0.453,0.531,0.570,1.001,1.508,3.014,899.790,1302.746,1472.448,1888.769,2491.399,3995.188,3854.752,11427.331,25412.938,102611.977,0.004,0.007,0.010,0.016,0.019,0.018,0.022,0.024,0.026,0.030,0.038,0.045,0.048,0.053,0.060,0.068,0.073,0.118,0.165,0.287
373.000,0.104,0.130,0.140,0.162,0.190,0.225,0.243,0.439,0.673,1.372,0.208,0.259,0.279,0.323,0.380,0.450,0.486,0.879,1.346,2.743,911.557,1317.437,1489.175,1910.361,2519.779,4040.479,3897.922,11559.939,25718.297,103739.031,0.004,0.006,0.008,0.013,0.016,0.015,0.018,0.019,0.020,0.023,0.050,0.057,0.060,0.066,0.074,0.082,0.088,0.138,0.190,0.327
374.000,0.134,0.159,0.168,0.189,0.215,0.246,0.264,0.439,0.641,1.260,0.267,0.317,0.336,0.378,0.430,0.493,0.528,0.879,1.282,2.520,928.192,1339.598,1514.266,1942.423,2562.053,4109.315,3963.435,11754.077,26148.566,105469.320,0.003,0.006,0.008,0.014,0.018,0.017,0.020,0.023,0.025,0.030,0.039,0.047,0.050,0.057,0.066,0.076,0.082,0.140,0.204,0.370
375.000,0.039,0.049,0.053,0.062,0.073,0.091,0.096,0.193,0.328,0.847,0.078,0.098,0.105,0.123,0.146,0.182,0.193,0.387,0.656,1.694,933.373,1346.996,1522.630,1953.133,2576.191,4131.547,3985.213,11821.511,26285.847,106071.664,0.002,0.003,0.003,0.005,0.006,0.006,0.006,0.007,0.007,0.008,0.138,0.158,0.166,0.182,0.201,0.219,0.235,0.339,0.431,0.601
376.000,0.170,0.204,0.217,0.246,0.282,0.326,0.350,0.594,0.872,1.683,0.339,0.408,0.434,0.492,0.564,0.651,0.700,1.187,1.743,3.365,932.558,1347.065,1522.631,1953.150,2576.162,4131.505,3985.963,11821.831,26295.956,106108.562,0.005,0.008,0.012,0.019,0.023,0.023,0.027,0.030,0.032,0.038,0.031,0.037,0.039,0.044,0.050,0.057,0.061,0.101,0.144,0.258
377.000,0.159,0.191,0.203,0.230,0.264,0.305,0.328,0.557,0.819,1.586,0.317,0.382,0.407,0.461,0.529,0.610,0.656,1.114,1.638,3.172,977.348,1406.295,1589.540,2039.043,2689.408,4313.535,4160.627,12343.176,27450.877,110751.289,0.004,0.007,0.010,0.017,0.021,0.020,0.024,0.027,0.028,0.034,0.034,0.041,0.043,0.049,0.055,0.063,0.068,0.113,0.162,0.291
378.000,0.145,0.175,0.186,0.211,0.242,0.279,0.300,0.509,0.749,1.456,0.290,0.350,0.372,0.422,0.484,0.559,0.600,1.019,1.498,2.912,977.546,1406.396,1589.541,2039.126,2689.517,4313.524,4160.932,12341.466,27464.514,110777.875,0.004,0.006,0.009,0.016,0.019,0.018,0.022,0.024,0.026,0.031,0.038,0.045,0.047,0.053,0.061,0.070,0.075,0.125,0.180,0.324
379.000,0.142,0.168,0.178,0.200,0.227,0.259,0.277,0.458,0.665,1.286,0.285,0.337,0.356,0.399,0.454,0.518,0.555,0.917,1.330,2.573,978.256,1406.211,1589.541,2039.108,2689.610,4313.525,4161.522,12335.524,27464.893,110800.055,0.003,0.006,0.008,0.014,0.018,0.017,0.021,0.023,0.025,0.030,0.039,0.047,0.050,0.057,0.065,0.076,0.082,0.140,0.206,0.379
38.000,0.030,0.037,0.040,0.046,0.055,0.066,0.071,0.136,0.218,0.484,1.059,1.074,1.080,1.092,1.109,1.133,1.142,1.272,1.437,1.967,404.759,587.737,664.831,852.539,1124.586,1803.931,1739.919,5161.992,11488.296,46346.375,0.002,0.002,0.003,0.004,0.005,0.005,0.006,0.006,0.007,0.008,0.155,0.178,0.187,0.205,0.227,0.248,0.266,0.388,0.502,0.751
380.000,0.038,0.047,0.051,0.059,0.071,0.088,0.093,0.184,0.310,0.785,0.076,0.095,0.102,0.119,0.141,0.175,0.185,0.369,0.621,1.569,1017.223,1458.336,1648.086,2114.167,2788.682,4472.352,4314.687,12792.248,28484.915,114847.742,0.002,0.002,0.003,0.004,0.005,0.005,0.006,0.006,0.007,0.008,0.155,0.177,0.186,0.204,0.226,0.247,0.265,0.385,0.495,0.712
381.000,0.160,0.192,0.205,0.233,0.268,0.310,0.333,0.569,0.838,1.622,0.319,0.384,0.410,0.466,0.536,0.620,0.667,1.139,1.677,3.244,1049.197,1502.598,1698.274,2178.642,2873.553,4608.175,4445.619,13171.641,29325.589,118305.914,0.004,0.007,0.010,0.016,0.020,0.019,0.023,0.025,0.027,0.032,0.037,0.043,0.046,0.051,0.058,0.067,0.072,0.118,0.168,0.302
382.000,0.161,0.192,0.203,0.229,0.261,0.300,0.321,0.538,0.784,1.506,0.323,0.384,0.407,0.458,0.522,0.599,0.643,1.075,1.568,3.013,1055.251,1510.247,1706.639,2189.417,2887.649,4630.538,4467.116,13240.785,29470.002,118887.336,0.003,0.006,0.009,0.016,0.019,0.019,0.022,0.025,0.027,0.032,0.037,0.044,0.046,0.053,0.060,0.069,0.075,0.126,0.183,0.333
383.000,0.147,0.173,0.183,0.205,0.233,0.266,0.285,0.471,0.683,1.311,0.294,0.346,0.366,0.411,0.467,0.533,0.571,0.943,1.367,2.621,1066.931,1525.210,1723.367,2210.917,2915.910,4676.668,4510.668,13369.223,29761.801,120043.445,0.003,0.005,0.008,0.014,0.017,0.016,0.020,0.022,0.024,0.029,0.041,0.049,0.052,0.060,0.069,0.080,0.086,0.148,0.216,0.401
384.000,0.036,0.045,0.049,0.057,0.067,0.083,0.088,0.175,0.292,0.726,0.073,0.091,0.098,0.114,0.135,0.167,0.177,0.349,0.583,1.452,1067.087,1524.993,1723.367,2210.922,2915.961,4676.693,4511.555,13371.548,29744.677,120044.508,0.001,0.002,0.003,0.004,0.005,0.005,0.005,0.006,0.006,0.007,0.169,0.194,0.203,0.223,0.247,0.271,0.290,0.426,0.553,0.814
385.000,0.155,0.185,0.196,0.221,0.253,0.291,0.312,0.526,0.773,1.502,0.310,0.369,0.392,0.442,0.505,0.582,0.624,1.053,1.545,3.004,1073.913,1532.168,1731.732,2221.681,2930.275,4699.272,4533.306,13441.512,29889.234,120619.531,0.003,0.006,0.009,0.015,0.018,0.018,0.021,0.024,0.025,0.030,0.039,0.046,0.049,0.055,0.063,0.073,0.078,0.131,0.188,0.339
386.000,0.134,0.159,0.168,0.189,0.216,0.248,0.266,0.447,0.656,1.288,0.268,0.317,0.336,0.379,0.432,0.496,0.531,0.893,1.311,2.575,1073.663,1532.266,1731.734,2221.680,2930.377,4699.271,4533.243,13442.637,29877.418,120617.773,0.003,0.005,0.007,0.013,0.016,0.015,0.018,0.020,0.022,0.026,0.045,0.054,0.057,0.065,0.075,0.086,0.093,0.157,0.228,0.412
387.000,0.051,0.063,0.068,0.079,0.093,0.113,0.120,0.230,0.371,0.858,0.102,0.126,0.135,0.157,0.185,0.225,0.241,0.460,0.742,1.715,1136.097,1621.030,1832.096,2350.421,3100.175,4971.343,4796.028,14223.387,31626.811,127604.219,0.002,0.003,0.003,0.005,0.006,0.006,0.007,0.008,0.008,0.009,0.128,0.147,0.155,0.171,0.190,0.210,0.225,0.340,0.454,0.712
388.000,0.043,0.053,0.057,0.067,0.079,0.098,0.104,0.206,0.343,0.838,0.086,0.106,0.115,0.134,0.159,0.196,0.208,0.412,0.686,1.676,1136.008,1621.128,1832.095,2350.325,3099.963,4971.362,4796.713,14221.722,31637.476,127600.172,0.002,0.002,0.003,0.004,0.005,0.005,0.006,0.006,0.007,0.008,0.153,0.175,0.183,0.201,0.223,0.243,0.261,0.382,0.494,0.732
389.000,0.148,0.174,0.185,0.208,0.236,0.270,0.290,0.481,0.697,1.331,0.295,0.349,0.370,0.415,0.473,0.541,0.580,0.962,1.395,2.663,1136.206,1621.287,1832.096,2350.354,3099.902,4971.349,4796.716,14224.679,31623.363,127593.758,0.003,0.005,0.008,0.013,0.016,0.016,0.019,0.021,0.022,0.027,0.043,0.052,0.055,0.063,0.072,0.083,0.090,0.153,0.225,0.418
39.000,0.032,0.040,0.043,0.051,0.060,0.073,0.078,0.151,0.245,0.556,1.064,1.081,1.087,1.101,1.120,1.146,1.156,1.303,1.491,2.112,404.964,587.709,664.831,852.567,1124.674,1803.928,1739.914,5161.001,11489.431,46350.133,0.002,0.003,0.003,0.005,0.006,0.005,0.006,0.007,0.007,0.008,0.142,0.163,0.171,0.187,0.206,0.224,0.241,0.345,0.437,0.623
390.000,0.033,0.041,0.044,0.051,0.061,0.075,0.080,0.159,0.268,0.695,0.066,0.082,0.088,0.103,0.122,0.151,0.160,0.318,0.536,1.391,1136.306,1621.375,1832.096,2350.341,3099.853,4971.345,4796.257,14222.962,31613.983,127586.445,0.001,0.002,0.002,0.003,0.004,0.004,0.004,0.005,0.005,0.006,0.200,0.229,0.240,0.263,0.292,0.319,0.343,0.500,0.643,0.909
391.000,0.178,0.225,0.244,0.287,0.343,0.414,0.450,0.844,1.290,2.554,0.356,0.450,0.488,0.575,0.686,0.827,0.900,1.688,2.580,5.108,1253.553,1784.264,2016.100,2586.563,3411.209,5471.321,5278.422,15652.937,34788.208,140306.406,0.006,0.010,0.013,0.019,0.022,0.021,0.024,0.026,0.027,0.030,0.039,0.044,0.045,0.049,0.053,0.058,0.061,0.089,0.119,0.196
392.000,0.178,0.227,0.246,0.290,0.346,0.416,0.453,0.844,1.286,2.537,0.357,0.453,0.492,0.580,0.692,0.832,0.906,1.688,2.572,5.075,1365.811,1939.884,2191.743,2812.198,3708.677,5946.470,5737.973,17017.880,37828.444,152325.203,0.005,0.009,0.012,0.018,0.020,0.019,0.022,0.024,0.025,0.027,0.043,0.047,0.049,0.053,0.057,0.063,0.066,0.097,0.129,0.214
393.000,0.260,0.310,0.330,0.375,0.432,0.501,0.538,0.926,1.363,2.599,0.521,0.621,0.661,0.751,0.864,1.001,1.077,1.852,2.726,5.199,1368.378,1939.699,2191.751,2812.257,3708.623,5946.420,5737.766,17009.109,37812.932,152250.062,0.006,0.010,0.013,0.021,0.026,0.025,0.029,0.033,0.034,0.041,0.029,0.034,0.036,0.040,0.045,0.051,0.055,0.087,0.120,0.207
394.000,0.257,0.307,0.326,0.371,0.427,0.495,0.532,0.914,1.344,2.564,0.515,0.613,0.653,0.742,0.853,0.989,1.064,1.828,2.687,5.127,1385.944,1961.998,2216.853,2844.585,3751.448,6014.492,5804.512,17194.287,38286.475,153877.297,0.005,0.009,0.013,0.021,0.025,0.024,0.028,0.032,0.034,0.040,0.029,0.035,0.036,0.041,0.046,0.052,0.056,0.089,0.124,0.213
395.000,0.255,0.304,0.323,0.367,0.422,0.489,0.526,0.901,1.324,2.526,0.510,0.607,0.646,0.734,0.844,0.978,1.051,1.802,2.648,5.051,1400.117,1977.217,2233.593,2866.169,3779.564,6059.958,5848.696,17324.210,38560.737,154952.484,0.005,0.009,0.013,0.020,0.025,0.024,0.028,0.031,0.033,0.039,0.030,0.035,0.037,0.042,0.047,0.053,0.057,0.091,0.127,0.219
396.000,0.251,0.299,0.319,0.362,0.416,0.482,0.518,0.886,1.300,2.483,0.503,0.599,0.637,0.724,0.832,0.963,1.036,1.771,2.601,4.966,1402.188,1977.019,2233.599,2866.164,3779.382,6059.918,5847.882,17334.959,38524.916,154874.969,0.005,0.009,0.012,0.020,0.024,0.023,0.028,0.031,0.033,0.038,0.030,0.036,0.038,0.042,0.048,0.054,0.058,0.093,0.130,0.224
397.000,0.247,0.294,0.313,0.356,0.409,0.473,0.509,0.869,1.275,2.436,0.494,0.588,0.626,0.711,0.818,0.946,1.018,1.737,2.549,4.873,1410.046,1984.559,2241.973,2877.007,3793.757,6085.386,5869.968,17398.973,38634.109,155376.203,0.005,0.009,0.012,0.020,0.024,0.023,0.027,0.030,0.032,0.037,0.031,0.037,0.039,0.043,0.049,0.055,0.059,0.096,0.134,0.231
398.000,0.242,0.289,0.307,0.349,0.401,0.464,0.499,0.850,1.248,2.386,0.484,0.577,0.614,0.698,0.803,0.928,0.999,1.700,2.495,4.773,1619.751,2288.259,2584.896,3317.346,4374.028,7012.853,6768.629,20064.296,44539.048,178948.859,0.004,0.007,0.010,0.017,0.020,0.019,0.023,0.026,0.027,0.032,0.037,0.043,0.045,0.051,0.058,0.065,0.070,0.113,0.159,0.273
399.000,0.234,0.279,0.297,0.337,0.388,0.448,0.482,0.821,1.205,2.311,0.468,0.558,0.594,0.675,0.776,0.897,0.965,1.642,2.411,4.622,1620.277,2288.307,2584.902,3317.223,4374.384,7012.887,6767.755,20062.918,44570.359,178955.547,0.004,0.007,0.010,0.016,0.019,0.019,0.022,0.025,0.026,0.031,0.038,0.045,0.047,0.053,0.060,0.068,0.073,0.118,0.165,0.285
4.000,0.030,0.039,0.042,0.048,0.056,0.067,0.072,0.132,0.199,0.387,0.261,0.277,0.283,0.296,0.313,0.334,0.345,0.463,0.598,0.974,34.144,51.413,58.237,74.634,98.458,158.038,152.390,452.055,1006.811,4092.397,0.006,0.008,0.010,0.013,0.015,0.014,0.016,0.017,0.018,0.020,0.057,0.065,0.067,0.073,0.079,0.084,0.090,0.120,0.148,0.210
40.000,0.160,0.191,0.203,0.228,0.260,0.296,0.318,0.523,0.748,1.382,1.321,1.383,1.406,1.456,1.520,1.592,1.637,2.046,2.496,3.764,406.368,587.806,664.831,852.591,1124.624,1803.939,1739.932,5162.485,11495.232,46359.484,0.007,0.011,0.015,0.024,0.029,0.028,0.033,0.037,0.039,0.046,0.025,0.030,0.032,0.035,0.040,0.045,0.048,0.075,0.102,0.164
400.000,0.224,0.267,0.285,0.323,0.372,0.429,0.462,0.787,1.156,2.222,0.449,0.535,0.569,0.647,0.743,0.859,0.924,1.573,2.312,4.445,1634.395,2303.245,2601.643,3339.009,4402.740,7059.096,6812.360,20190.674,44880.953,180086.234,0.004,0.007,0.009,0.015,0.018,0.018,0.021,0.023,0.025,0.029,0.040,0.047,0.050,0.056,0.063,0.071,0.077,0.125,0.175,0.303
401.000,0.212,0.252,0.269,0.305,0.351,0.406,0.437,0.745,1.096,2.117,0.423,0.505,0.537,0.610,0.702,0.812,0.873,1.490,2.191,4.233,1634.017,2303.217,2601.644,3338.737,4402.661,7059.083,6812.186,20177.740,44869.649,180085.203,0.004,0.006,0.009,0.014,0.017,0.017,0.020,0.022,0.023,0.027,0.043,0.050,0.053,0.059,0.067,0.076,0.082,0.133,0.187,0.323
402.000,0.213,0.251,0.267,0.301,0.344,0.395,0.424,0.713,1.042,2.010,0.427,0.503,0.533,0.602,0.688,0.790,0.848,1.425,2.083,4.019,1656.288,2333.061,2635.102,3381.981,4459.438,7150.335,6899.936,20435.855,45502.975,182302.953,0.003,0.006,0.008,0.014,0.017,0.016,0.019,0.022,0.023,0.027,0.043,0.051,0.054,0.061,0.069,0.079,0.086,0.142,0.201,0.351
403.000,0.196,0.230,0.244,0.276,0.315,0.361,0.387,0.650,0.950,1.851,0.392,0.461,0.489,0.551,0.629,0.723,0.775,1.300,1.900,3.702,1677.393,2355.555,2660.215,3414.281,4502.098,7217.715,6965.706,20631.789,45924.673,183989.406,0.003,0.005,0.007,0.011,0.014,0.013,0.016,0.018,0.019,0.022,0.047,0.056,0.060,0.067,0.077,0.088,0.095,0.159,0.227,0.395
404.000,0.043,0.053,0.057,0.066,0.076,0.090,0.097,0.170,0.255,0.761,0.287,0.306,0.314,0.331,0.353,0.379,0.393,0.541,0.710,1.722,-107.499,-4.336,-0.940,-0.039,0.024,0.001,0.147,0.904,3.013,90.216,-inf,-1996.951,-138.294,-8.949,9.217,nan,33.428,1648.559,inf,inf,-0.005,-0.001,-0.000,-0.000,0.000,0.000,0.000,0.000,0.001,0.007
405.000,0.046,0.056,0.060,0.069,0.079,0.093,0.100,0.173,0.258,0.764,1.092,1.113,1.120,1.137,1.159,1.186,1.199,1.347,1.516,2.528,25.292,37.005,41.818,53.643,70.757,113.477,109.478,324.416,722.285,2938.615,0.036,0.045,0.063,0.100,0.121,0.116,0.137,0.152,0.161,0.191,0.006,0.007,0.008,0.009,0.010,0.011,0.012,0.019,0.026,0.032
406.000,0.042,0.052,0.056,0.064,0.074,0.087,0.094,0.165,0.246,0.761,1.084,1.104,1.111,1.128,1.148,1.175,1.188,1.330,1.493,2.523,30.641,44.404,50.183,64.383,84.919,136.157,131.387,389.539,866.489,3559.473,0.029,0.036,0.049,0.078,0.094,0.090,0.105,0.117,0.123,0.144,0.008,0.009,0.010,0.011,0.012,0.014,0.015,0.024,0.033,0.040
407.000,0.051,0.060,0.064,0.071,0.081,0.093,0.100,0.166,0.240,0.774,1.102,1.120,1.127,1.143,1.162,1.186,1.199,1.331,1.481,2.548,30.910,44.412,50.184,64.394,84.917,136.160,131.404,389.310,866.006,3631.441,0.029,0.035,0.050,0.083,0.103,0.099,0.119,0.135,0.143,0.173,0.007,0.008,0.009,0.010,0.011,0.013,0.014,0.023,0.033,0.040
408.000,0.046,0.055,0.058,0.065,0.073,0.084,0.089,0.145,0.210,0.770,1.093,1.109,1.116,1.130,1.147,1.168,1.179,1.291,1.421,2.540,31.075,44.421,50.184,64.396,84.917,136.163,131.387,389.606,866.471,3723.045,0.025,0.030,0.043,0.074,0.093,0.089,0.107,0.122,0.130,0.156,0.007,0.009,0.010,0.011,0.013,0.014,0.016,0.027,0.038,0.047
409.000,0.012,0.015,0.016,0.019,0.023,0.030,0.030,0.066,0.136,0.768,1.024,1.030,1.032,1.038,1.045,1.060,1.060,1.132,1.272,2.535,31.104,44.419,50.184,64.394,84.915,136.164,131.397,389.393,866.097,3806.998,0.011,0.017,0.018,0.024,0.027,0.027,0.030,0.032,0.034,0.050,0.023,0.034,0.036,0.039,0.043,0.045,0.049,0.063,0.067,0.108
41.000,0.144,0.170,0.180,0.202,0.230,0.262,0.281,0.461,0.667,1.273,1.287,1.341,1.361,1.405,1.460,1.524,1.561,1.923,2.335,3.546,416.781,602.687,681.558,874.095,1152.929,1849.091,1783.812,5291.771,11780.588,47518.441,0.006,0.009,0.013,0.020,0.025,0.024,0.028,0.031,0.033,0.039,0.029,0.035,0.037,0.042,0.047,0.053,0.058,0.091,0.123,0.191
410.000,0.153,0.186,0.199,0.227,0.262,0.304,0.327,0.563,0.832,1.616,1.307,1.372,1.398,1.453,1.524,1.608,1.655,2.127,2.665,4.233,26.144,44.316,50.181,64.343,84.885,136.166,131.363,389.601,865.465,3892.710,0.036,0.070,0.090,0.131,0.155,0.149,0.172,0.189,0.200,0.472,0.001,0.002,0.002,0.003,0.003,0.003,0.004,0.005,0.007,0.013
411.000,0.018,0.023,0.025,0.028,0.034,0.040,0.043,0.081,0.126,0.256,0.236,0.246,0.249,0.257,0.267,0.281,0.287,0.362,0.451,0.712,14.657,22.142,25.090,32.154,42.420,68.072,65.657,194.733,433.998,1771.721,0.007,0.009,0.012,0.016,0.018,0.018,0.020,0.022,0.023,0.026,0.044,0.051,0.053,0.057,0.063,0.068,0.072,0.100,0.124,0.176
412.000,0.027,0.035,0.038,0.044,0.051,0.061,0.066,0.122,0.185,0.356,0.255,0.270,0.275,0.287,0.302,0.322,0.332,0.443,0.570,0.912,19.598,29.533,33.454,42.872,56.560,90.791,87.535,259.704,578.771,2353.995,0.008,0.012,0.015,0.020,0.023,0.022,0.025,0.027,0.028,0.032,0.037,0.042,0.044,0.047,0.051,0.054,0.058,0.077,0.094,0.138
413.000,0.009,0.011,0.012,0.014,0.016,0.020,0.021,0.041,0.067,0.154,1.017,1.022,1.024,1.028,1.033,1.041,1.043,1.082,1.133,1.307,39.294,59.066,66.907,85.745,113.123,181.583,175.059,519.637,1157.004,4697.723,0.004,0.006,0.008,0.012,0.015,0.014,0.016,0.018,0.019,0.022,0.052,0.061,0.064,0.071,0.079,0.087,0.093,0.141,0.190,0.308
414.000,0.008,0.010,0.011,0.012,0.015,0.018,0.019,0.036,0.059,0.136,1.015,1.020,1.021,1.025,1.029,1.035,1.038,1.073,1.118,1.272,44.243,66.448,75.270,96.463,127.269,204.259,196.938,584.545,1301.964,5283.269,0.003,0.005,0.006,0.010,0.012,0.011,0.013,0.014,0.015,0.018,0.066,0.078,0.082,0.090,0.100,0.111,0.119,0.181,0.243,0.398
415.000,0.009,0.011,0.012,0.014,0.017,0.020,0.022,0.042,0.067,0.156,1.018,1.022,1.024,1.028,1.033,1.041,1.043,1.083,1.135,1.313,44.332,66.430,75.270,96.463,127.270,204.257,196.978,584.506,1301.105,5280.632,0.003,0.006,0.007,0.011,0.013,0.013,0.015,0.016,0.017,0.020,0.058,0.068,0.072,0.079,0.088,0.097,0.104,0.157,0.211,0.340
416.000,0.019,0.024,0.026,0.030,0.035,0.043,0.046,0.088,0.140,0.310,1.038,1.048,1.052,1.060,1.071,1.086,1.092,1.176,1.281,1.621,49.396,73.835,83.634,107.181,141.411,226.941,218.867,649.685,1445.823,5863.386,0.007,0.011,0.015,0.022,0.026,0.025,0.029,0.032,0.033,0.039,0.030,0.035,0.037,0.040,0.045,0.049,0.053,0.079,0.105,0.168
417.000,0.011,0.014,0.015,0.018,0.021,0.026,0.028,0.053,0.086,0.197,1.023,1.029,1.031,1.036,1.042,1.051,1.055,1.106,1.171,1.395,49.482,73.836,83.634,107.181,141.402,226.943,218.851,649.558,1445.519,5860.749,0.004,0.006,0.009,0.013,0.015,0.015,0.017,0.019,0.020,0.023,0.050,0.059,0.062,0.068,0.076,0.084,0.090,0.135,0.181,0.288
418.000,0.012,0.015,0.016,0.019,0.022,0.027,0.028,0.055,0.089,0.206,1.023,1.030,1.032,1.037,1.044,1.053,1.057,1.110,1.178,1.412,49.431,73.825,83.634,107.181,141.406,226.944,218.838,649.217,1447.218,5862.901,0.004,0.007,0.009,0.013,0.016,0.015,0.018,0.019,0.020,0.024,0.049,0.057,0.060,0.066,0.074,0.081,0.087,0.131,0.174,0.274
419.000,0.016,0.021,0.022,0.026,0.031,0.038,0.040,0.079,0.131,0.318,1.032,1.041,1.045,1.052,1.062,1.076,1.080,1.158,1.262,1.636,49.472,73.833,83.634,107.181,141.410,226.946,218.837,649.137,1446.718,5875.390,0.007,0.010,0.013,0.019,0.022,0.022,0.025,0.027,0.029,0.033,0.035,0.041,0.043,0.047,0.052,0.057,0.061,0.088,0.113,0.163
42.000,0.058,0.074,0.080,0.093,0.111,0.139,0.148,0.298,0.493,1.101,1.117,1.147,1.159,1.187,1.223,1.277,1.295,1.596,1.986,3.202,416.582,602.559,681.558,874.040,1152.883,1849.080,1783.948,5290.176,11772.350,47521.227,0.005,0.006,0.007,0.009,0.011,0.010,0.012,0.013,0.013,0.015,0.079,0.089,0.092,0.100,0.108,0.114,0.122,0.159,0.186,0.239
420.000,0.039,0.050,0.054,0.063,0.075,0.091,0.098,0.187,0.294,0.601,1.078,1.100,1.108,1.126,1.150,1.182,1.196,1.375,1.587,2.203,79.384,118.153,133.814,171.500,226.281,363.181,350.187,1038.583,2315.093,9369.427,0.010,0.016,0.021,0.031,0.036,0.034,0.039,0.043,0.044,0.051,0.023,0.026,0.027,0.030,0.033,0.036,0.038,0.054,0.071,0.113
421.000,0.065,0.079,0.084,0.094,0.108,0.124,0.133,0.223,0.324,0.611,1.130,1.157,1.167,1.188,1.215,1.247,1.266,1.446,1.648,2.221,79.964,118.162,133.814,171.509,226.279,363.190,350.173,1038.772,2313.439,9372.252,0.010,0.019,0.026,0.043,0.053,0.051,0.060,0.068,0.072,0.087,0.013,0.016,0.017,0.019,0.022,0.025,0.027,0.044,0.063,0.111
422.000,0.029,0.036,0.039,0.045,0.053,0.064,0.069,0.128,0.197,0.405,1.057,1.072,1.078,1.090,1.106,1.127,1.137,1.257,1.394,1.809,85.123,125.573,142.178,182.231,240.422,385.849,372.036,1104.040,2458.986,9953.507,0.006,0.010,0.013,0.020,0.023,0.022,0.026,0.028,0.030,0.035,0.034,0.039,0.041,0.045,0.050,0.055,0.059,0.089,0.121,0.204
423.000,0.019,0.024,0.026,0.030,0.035,0.043,0.046,0.089,0.152,0.433,1.037,1.047,1.051,1.059,1.070,1.087,1.091,1.179,1.305,1.867,109.671,162.520,183.994,235.872,311.164,499.247,481.513,1427.998,3181.584,12863.829,0.004,0.006,0.007,0.010,0.012,0.011,0.013,0.014,0.015,0.017,0.067,0.078,0.082,0.090,0.100,0.109,0.117,0.171,0.211,0.287
424.000,0.023,0.029,0.032,0.038,0.047,0.080,0.067,0.241,0.662,1.924,1.045,1.059,1.064,1.076,1.094,1.160,1.133,1.482,2.324,4.847,109.769,162.556,183.994,235.878,311.162,499.248,481.589,1429.052,3178.527,12814.933,0.006,0.014,0.014,0.015,0.016,0.016,0.017,0.020,0.034,0.045,0.025,0.033,0.055,0.068,0.072,0.071,0.076,0.079,0.083,0.198
425.000,0.013,0.017,0.018,0.021,0.025,0.030,0.032,0.061,0.095,0.199,0.226,0.234,0.236,0.242,0.250,0.260,0.264,0.321,0.390,0.597,14.645,22.146,25.090,32.154,42.421,68.071,65.661,194.714,433.998,1773.806,0.004,0.006,0.008,0.011,0.013,0.013,0.014,0.016,0.016,0.019,0.061,0.071,0.074,0.081,0.089,0.096,0.102,0.144,0.180,0.260
426.000,0.017,0.022,0.023,0.027,0.032,0.038,0.041,0.077,0.120,0.246,0.234,0.243,0.247,0.254,0.264,0.277,0.283,0.355,0.440,0.691,19.557,29.526,33.454,42.872,56.559,90.791,87.542,259.619,578.903,2360.397,0.005,0.007,0.008,0.011,0.013,0.013,0.014,0.016,0.016,0.019,0.062,0.071,0.074,0.081,0.089,0.095,0.102,0.141,0.175,0.251
427.000,0.028,0.036,0.039,0.045,0.053,0.064,0.069,0.126,0.191,0.367,0.257,0.273,0.278,0.291,0.307,0.327,0.337,0.452,0.583,0.934,19.609,29.533,33.454,42.872,56.559,90.792,87.538,259.701,578.306,2352.540,0.007,0.011,0.013,0.017,0.019,0.019,0.021,0.023,0.024,0.027,0.035,0.040,0.042,0.045,0.049,0.052,0.055,0.073,0.090,0.131
428.000,0.008,0.010,0.011,0.013,0.015,0.019,0.020,0.038,0.061,0.133,0.216,0.221,0.223,0.226,0.231,0.238,0.240,0.277,0.323,0.467,4.890,7.382,8.363,10.718,14.140,22.698,21.885,64.907,144.681,590.284,0.008,0.011,0.014,0.020,0.024,0.023,0.026,0.029,0.030,0.035,0.033,0.039,0.041,0.045,0.049,0.054,0.057,0.082,0.105,0.154
429.000,0.022,0.028,0.030,0.034,0.040,0.048,0.052,0.096,0.147,0.292,0.243,0.255,0.259,0.269,0.281,0.297,0.304,0.392,0.494,0.784,9.805,14.766,16.727,21.436,28.280,45.396,43.769,129.850,289.220,1176.314,0.012,0.018,0.022,0.030,0.034,0.033,0.038,0.041,0.043,0.049,0.024,0.027,0.029,0.031,0.034,0.036,0.039,0.053,0.066,0.095
43.000,0.192,0.230,0.244,0.275,0.314,0.358,0.386,0.632,0.895,1.585,1.384,1.460,1.488,1.550,1.628,1.715,1.772,2.265,2.790,4.170,443.820,639.594,723.375,927.713,1223.682,1963.432,1893.501,5613.680,12495.205,50404.547,0.008,0.014,0.018,0.028,0.034,0.032,0.038,0.042,0.044,0.052,0.023,0.026,0.028,0.031,0.034,0.038,0.041,0.063,0.086,0.143
430.000,0.017,0.021,0.023,0.026,0.031,0.038,0.040,0.076,0.117,0.241,0.233,0.242,0.246,0.253,0.262,0.275,0.281,0.351,0.435,0.682,14.711,22.150,25.090,32.154,42.418,68.073,65.649,194.764,433.682,1763.740,0.006,0.009,0.011,0.015,0.017,0.016,0.019,0.020,0.021,0.024,0.048,0.055,0.057,0.062,0.068,0.073,0.079,0.109,0.135,0.193
431.000,0.021,0.027,0.029,0.034,0.040,0.048,0.052,0.096,0.148,0.331,0.243,0.254,0.259,0.268,0.280,0.296,0.303,0.391,0.496,0.863,14.762,22.147,25.090,32.154,42.424,68.073,65.656,194.839,433.671,1758.021,0.010,0.012,0.015,0.020,0.023,0.022,0.025,0.027,0.028,0.032,0.036,0.042,0.043,0.047,0.051,0.055,0.059,0.080,0.098,0.119
432.000,0.027,0.034,0.037,0.043,0.051,0.066,0.068,0.140,0.262,1.273,0.253,0.268,0.274,0.286,0.303,0.332,0.336,0.480,0.723,2.746,14.829,22.155,25.090,32.156,42.424,68.074,65.661,194.778,434.329,1739.870,0.006,0.010,0.010,0.011,0.012,0.012,0.013,0.014,0.015,0.046,0.010,0.032,0.033,0.036,0.038,0.039,0.042,0.047,0.049,0.080
433.000,0.195,0.230,0.245,0.279,0.322,0.375,0.404,0.698,1.035,2.052,0.589,0.660,0.690,0.759,0.845,0.951,1.008,1.597,2.271,4.304,-6.248,22.276,25.126,32.276,42.617,68.074,65.904,193.604,428.395,1723.421,-5.491,0.290,0.320,0.369,0.397,0.390,0.416,0.436,0.450,1.965,-0.000,0.003,0.003,0.003,0.003,0.003,0.003,0.004,0.004,0.009
434.000,0.197,0.232,0.247,0.282,0.325,0.378,0.406,0.701,1.039,2.056,0.593,0.664,0.694,0.763,0.850,0.955,1.013,1.603,2.277,4.311,-192.447,22.293,25.139,32.277,42.527,68.074,65.435,193.096,433.717,1916.759,-33.412,0.272,0.314,0.375,0.402,0.395,0.422,0.444,0.482,50.058,-0.006,0.002,0.003,0.003,0.003,0.003,0.003,0.004,0.004,0.007
435.000,0.200,0.235,0.250,0.285,0.328,0.381,0.410,0.705,1.043,2.060,0.599,0.671,0.701,0.769,0.856,0.962,1.020,1.610,2.285,4.321,-320.378,29.617,33.494,43.031,56.540,90.782,87.023,257.641,582.452,2638.019,-40.905,0.200,0.234,0.284,0.307,0.308,0.323,0.343,0.402,1088.560,-0.010,0.003,0.003,0.004,0.004,0.004,0.004,0.005,0.006,0.009
436.000,0.201,0.237,0.252,0.287,0.330,0.383,0.412,0.708,1.046,2.064,0.603,0.674,0.704,0.773,0.860,0.966,1.024,1.616,2.292,4.328,-644.605,28.120,33.454,42.585,56.103,90.788,86.383,259.297,599.975,2880.846,-467.585,0.181,0.224,0.283,0.310,0.308,0.329,0.364,0.564,170.322,-0.016,0.002,0.003,0.004,0.004,0.004,0.004,0.005,0.006,0.010
437.000,0.202,0.238,0.253,0.287,0.331,0.384,0.413,0.710,1.048,2.067,0.604,0.676,0.706,0.775,0.862,0.968,1.026,1.619,2.296,4.333,-881.259,26.528,33.307,42.233,55.839,90.794,86.126,261.180,613.181,3009.066,-1310.410,0.091,0.118,0.152,0.168,0.157,0.179,0.206,0.364,300.410,-0.018,0.001,0.003,0.004,0.004,0.004,0.004,0.005,0.007,0.011
438.000,0.014,0.018,0.019,0.022,0.026,0.031,0.033,0.063,0.099,0.207,0.227,0.235,0.238,0.244,0.252,0.262,0.267,0.326,0.398,0.613,9.775,14.763,16.727,21.436,28.279,45.396,43.771,129.812,289.361,1180.775,0.007,0.010,0.013,0.018,0.021,0.020,0.023,0.025,0.026,0.030,0.039,0.045,0.047,0.051,0.056,0.061,0.065,0.091,0.114,0.164
439.000,0.019,0.024,0.026,0.030,0.036,0.043,0.047,0.088,0.139,0.305,0.238,0.248,0.252,0.261,0.272,0.287,0.293,0.377,0.479,0.809,14.691,22.147,25.090,32.154,42.421,68.072,65.649,194.794,434.267,1763.126,0.009,0.011,0.013,0.017,0.020,0.019,0.022,0.023,0.024,0.028,0.041,0.048,0.049,0.054,0.058,0.062,0.067,0.089,0.107,0.136
44.000,0.182,0.218,0.232,0.262,0.299,0.341,0.368,0.605,0.859,1.527,1.365,1.437,1.464,1.523,1.598,1.682,1.735,2.210,2.718,4.055,460.252,661.868,748.465,960.035,1266.324,2030.629,1959.359,5807.611,12929.245,52134.238,0.007,0.012,0.017,0.026,0.031,0.030,0.034,0.038,0.040,0.047,0.025,0.029,0.030,0.034,0.038,0.042,0.045,0.070,0.094,0.157
440.000,0.171,0.205,0.219,0.252,0.293,0.342,0.370,0.646,0.962,1.922,0.541,0.610,0.638,0.704,0.786,0.884,0.940,1.492,2.125,4.044,9.692,22.273,25.111,32.268,42.583,68.075,65.847,193.835,429.901,1718.898,0.055,0.254,0.278,0.319,0.340,0.334,0.354,0.368,0.377,2.754,0.000,0.003,0.003,0.003,0.003,0.004,0.004,0.004,0.005,0.021
441.000,0.176,0.210,0.224,0.257,0.298,0.348,0.375,0.652,0.969,1.929,0.551,0.620,0.648,0.714,0.796,0.895,0.951,1.504,2.137,4.059,-81.616,22.295,25.125,32.276,42.615,68.076,65.791,193.436,429.567,1801.749,-0.227,0.050,0.056,0.065,0.069,0.068,0.072,0.075,0.077,0.487,-0.003,0.003,0.003,0.003,0.003,0.003,0.004,0.004,0.005,0.029
442.000,0.083,0.102,0.108,0.123,0.141,0.159,0.173,0.279,0.385,0.648,0.367,0.404,0.417,0.446,0.481,0.518,0.545,0.757,0.971,1.495,4.805,7.392,8.363,10.724,14.148,22.698,21.893,64.891,144.474,585.729,0.094,0.156,0.205,0.294,0.338,0.326,0.370,0.400,0.416,0.527,0.002,0.003,0.003,0.003,0.003,0.004,0.004,0.006,0.007,0.012
443.000,0.099,0.117,0.124,0.138,0.156,0.174,0.188,0.293,0.399,0.660,0.397,0.434,0.448,0.476,0.512,0.548,0.575,0.786,0.998,1.519,15.143,22.192,25.090,32.178,42.449,68.074,65.671,194.609,433.043,1751.488,0.032,0.055,0.074,0.111,0.131,0.126,0.145,0.160,0.168,0.195,0.006,0.007,0.007,0.008,0.009,0.010,0.010,0.016,0.021,0.036
444.000,0.009,0.011,0.012,0.014,0.016,0.020,0.021,0.040,0.066,0.153,1.017,1.022,1.023,1.027,1.032,1.040,1.042,1.081,1.131,1.307,53.696,78.627,88.967,114.073,150.491,241.388,232.832,690.633,1538.342,6211.777,0.003,0.005,0.006,0.009,0.011,0.010,0.012,0.013,0.014,0.016,0.071,0.083,0.087,0.096,0.107,0.118,0.127,0.191,0.255,0.408
445.000,0.029,0.037,0.040,0.048,0.057,0.074,0.078,0.167,0.289,0.668,1.058,1.075,1.081,1.095,1.115,1.148,1.155,1.333,1.578,2.335,66.516,97.452,110.241,141.354,186.470,299.129,288.546,856.057,1905.382,7700.091,0.014,0.020,0.023,0.029,0.033,0.032,0.035,0.038,0.040,0.045,0.026,0.029,0.030,0.033,0.036,0.037,0.040,0.051,0.060,0.080
446.000,0.090,0.110,0.117,0.133,0.154,0.177,0.192,0.325,0.470,0.864,1.180,1.219,1.234,1.266,1.307,1.354,1.383,1.649,1.940,2.727,110.756,162.666,184.010,235.954,311.290,499.276,481.630,1428.120,3178.518,12837.182,0.013,0.022,0.030,0.047,0.057,0.055,0.064,0.071,0.075,0.088,0.013,0.016,0.016,0.018,0.020,0.023,0.025,0.039,0.054,0.093
447.000,0.085,0.103,0.110,0.125,0.144,0.166,0.180,0.304,0.440,0.810,1.169,1.207,1.220,1.251,1.288,1.333,1.360,1.608,1.880,2.620,111.116,162.705,184.010,235.948,311.278,499.286,481.620,1428.854,3180.954,12844.634,0.011,0.020,0.028,0.044,0.053,0.051,0.060,0.067,0.070,0.083,0.014,0.017,0.017,0.019,0.022,0.025,0.026,0.042,0.058,0.102
448.000,0.090,0.107,0.114,0.127,0.145,0.164,0.176,0.288,0.410,0.745,1.181,1.215,1.227,1.255,1.289,1.329,1.353,1.576,1.821,2.489,117.035,170.090,192.374,246.694,325.435,521.983,503.517,1494.087,3325.714,13426.308,0.010,0.017,0.025,0.041,0.051,0.049,0.058,0.066,0.070,0.084,0.014,0.017,0.018,0.020,0.023,0.026,0.028,0.047,0.067,0.120
449.000,0.014,0.018,0.019,0.022,0.026,0.032,0.034,0.066,0.107,0.248,1.028,1.036,1.038,1.045,1.053,1.064,1.069,1.132,1.215,1.495,117.096,170.093,192.374,246.707,325.422,521.982,503.556,1493.667,3323.401,13427.496,0.002,0.004,0.005,0.007,0.008,0.008,0.009,0.010,0.011,0.012,0.094,0.109,0.114,0.126,0.140,0.154,0.165,0.246,0.325,0.506
45.000,0.167,0.200,0.213,0.241,0.275,0.315,0.339,0.562,0.802,1.437,1.334,1.401,1.426,1.481,1.551,1.630,1.679,2.125,2.604,3.873,460.152,661.866,748.465,959.987,1266.308,2030.615,1959.062,5808.850,12923.075,52133.082,0.007,0.011,0.015,0.023,0.028,0.027,0.031,0.035,0.036,0.042,0.027,0.032,0.034,0.037,0.042,0.047,0.050,0.077,0.104,0.173
450.000,0.063,0.077,0.083,0.095,0.111,0.131,0.141,0.252,0.378,0.729,1.125,1.155,1.166,1.191,1.223,1.262,1.283,1.505,1.756,2.458,167.552,243.416,275.299,353.043,465.722,746.850,720.528,2137.281,4757.507,19207.344,0.007,0.011,0.015,0.022,0.027,0.026,0.030,0.033,0.034,0.040,0.029,0.034,0.036,0.039,0.044,0.048,0.052,0.079,0.106,0.177
451.000,0.023,0.029,0.032,0.037,0.043,0.053,0.057,0.110,0.180,0.417,1.047,1.059,1.063,1.074,1.087,1.106,1.114,1.221,1.361,1.835,167.624,243.395,275.299,353.060,465.726,746.853,720.591,2137.527,4759.434,19211.330,0.003,0.004,0.006,0.008,0.010,0.009,0.011,0.012,0.012,0.014,0.081,0.094,0.098,0.108,0.119,0.130,0.140,0.203,0.260,0.378
452.000,0.107,0.129,0.137,0.155,0.178,0.206,0.222,0.381,0.562,1.063,1.213,1.258,1.274,1.310,1.356,1.413,1.443,1.763,2.125,3.125,236.922,346.936,392.345,503.188,663.779,1064.702,1026.983,3044.111,6775.459,27347.643,0.008,0.013,0.017,0.026,0.032,0.031,0.036,0.040,0.042,0.050,0.023,0.028,0.029,0.033,0.037,0.041,0.044,0.067,0.090,0.145
453.000,0.067,0.085,0.091,0.107,0.127,0.153,0.166,0.313,0.482,0.951,1.134,1.169,1.183,1.214,1.254,1.307,1.332,1.626,1.964,2.902,237.671,346.960,392.345,503.184,663.727,1064.712,1027.060,3045.223,6776.009,27320.330,0.007,0.011,0.013,0.019,0.022,0.021,0.024,0.025,0.026,0.030,0.039,0.044,0.046,0.049,0.054,0.058,0.062,0.086,0.110,0.171
454.000,0.119,0.142,0.150,0.169,0.192,0.218,0.234,0.383,0.544,0.981,1.238,1.284,1.301,1.338,1.384,1.436,1.469,1.766,2.089,2.963,258.179,376.544,425.798,546.107,720.319,1155.374,1114.593,3305.114,7353.736,29650.787,0.007,0.011,0.016,0.026,0.032,0.031,0.036,0.041,0.043,0.052,0.023,0.027,0.029,0.032,0.037,0.042,0.045,0.073,0.102,0.177
455.000,0.036,0.045,0.048,0.056,0.066,0.080,0.086,0.162,0.257,0.549,1.071,1.090,1.097,1.112,1.132,1.160,1.171,1.325,1.513,2.097,283.401,413.492,467.615,599.701,791.078,1268.933,1224.087,3629.106,8076.194,32564.633,0.003,0.004,0.005,0.008,0.009,0.009,0.010,0.011,0.011,0.013,0.089,0.102,0.107,0.118,0.130,0.143,0.153,0.224,0.291,0.446
456.000,0.029,0.036,0.039,0.045,0.053,0.065,0.070,0.134,0.218,0.492,1.057,1.072,1.078,1.090,1.107,1.130,1.139,1.269,1.435,1.983,312.839,457.914,517.795,664.088,876.040,1404.879,1355.357,4018.704,8944.490,36088.164,0.002,0.003,0.004,0.005,0.006,0.006,0.007,0.008,0.008,0.009,0.124,0.143,0.149,0.164,0.181,0.197,0.212,0.306,0.392,0.572
457.000,0.127,0.151,0.160,0.180,0.204,0.232,0.250,0.408,0.583,1.081,1.253,1.302,1.320,1.359,1.408,1.465,1.499,1.817,2.166,3.162,313.895,457.890,517.795,664.067,875.958,1404.878,1355.437,4018.534,8943.417,36058.141,0.006,0.010,0.014,0.023,0.028,0.027,0.032,0.036,0.038,0.045,0.026,0.031,0.032,0.036,0.041,0.047,0.051,0.081,0.113,0.186
458.000,0.047,0.059,0.064,0.074,0.088,0.107,0.114,0.221,0.359,0.836,1.095,1.119,1.128,1.149,1.176,1.215,1.229,1.442,1.718,2.673,319.233,465.297,526.159,674.816,890.078,1427.414,1377.390,4084.692,9087.127,36641.176,0.004,0.005,0.007,0.009,0.011,0.010,0.012,0.013,0.014,0.016,0.075,0.086,0.090,0.098,0.108,0.117,0.126,0.176,0.217,0.278
459.000,0.050,0.064,0.069,0.081,0.097,0.124,0.130,0.274,0.478,1.163,1.100,1.127,1.138,1.162,1.194,1.248,1.260,1.549,1.955,3.326,319.390,465.280,526.159,674.803,890.164,1427.407,1377.377,4084.680,9088.956,36651.559,0.007,0.008,0.009,0.011,0.012,0.012,0.013,0.014,0.015,0.016,0.071,0.080,0.083,0.090,0.097,0.101,0.109,0.136,0.150,0.171
46.000,0.159,0.188,0.199,0.224,0.254,0.290,0.312,0.513,0.732,1.320,1.317,1.376,1.398,1.447,1.509,1.581,1.623,2.027,2.465,3.639,476.864,684.100,773.555,992.195,1308.652,2098.949,2024.547,6006.426,13358.546,53860.062,0.006,0.009,0.013,0.020,0.024,0.024,0.028,0.031,0.033,0.039,0.030,0.036,0.038,0.042,0.048,0.053,0.058,0.090,0.122,0.205
460.000,0.236,0.281,0.298,0.336,0.382,0.434,0.468,0.761,1.069,1.864,1.473,1.563,1.596,1.671,1.764,1.868,1.936,2.523,3.138,4.728,407.305,591.177,668.339,857.311,1130.941,1813.609,1749.763,5188.804,11535.413,46513.047,0.011,0.019,0.026,0.039,0.047,0.045,0.052,0.058,0.061,0.072,0.016,0.019,0.020,0.022,0.025,0.028,0.030,0.045,0.061,0.101
461.000,0.233,0.277,0.294,0.330,0.376,0.428,0.461,0.751,1.054,1.839,1.465,1.554,1.587,1.661,1.753,1.855,1.923,2.502,3.109,4.678,418.490,606.039,685.067,878.774,1159.199,1858.565,1793.881,5316.646,11809.972,47673.219,0.011,0.018,0.025,0.038,0.045,0.043,0.050,0.055,0.058,0.069,0.017,0.020,0.021,0.023,0.026,0.029,0.031,0.047,0.063,0.106
462.000,0.227,0.271,0.287,0.323,0.369,0.419,0.452,0.737,1.035,1.807,1.454,1.542,1.574,1.647,1.738,1.838,1.905,2.475,3.070,4.615,422.530,613.498,693.431,889.590,1173.384,1881.627,1815.789,5382.621,11962.133,48261.750,0.011,0.018,0.024,0.036,0.043,0.041,0.048,0.053,0.056,0.066,0.018,0.021,0.022,0.024,0.027,0.030,0.032,0.049,0.066,0.111
463.000,0.222,0.264,0.281,0.316,0.361,0.410,0.443,0.723,1.015,1.774,1.443,1.529,1.561,1.633,1.722,1.820,1.886,2.446,3.030,4.548,461.075,665.015,751.578,964.247,1271.749,2039.282,1968.146,5835.066,12960.885,52274.418,0.009,0.016,0.021,0.032,0.039,0.037,0.043,0.048,0.050,0.059,0.020,0.023,0.024,0.027,0.030,0.033,0.036,0.054,0.074,0.124
464.000,0.231,0.273,0.289,0.324,0.367,0.415,0.448,0.720,1.004,1.745,1.463,1.546,1.578,1.648,1.735,1.831,1.895,2.439,3.008,4.490,470.763,679.829,768.305,985.726,1300.176,2084.717,2012.209,5964.120,13256.832,53432.285,0.009,0.015,0.021,0.032,0.039,0.037,0.044,0.048,0.051,0.061,0.019,0.023,0.024,0.027,0.030,0.034,0.036,0.056,0.077,0.130
465.000,0.226,0.266,0.282,0.316,0.358,0.404,0.436,0.700,0.977,1.699,1.451,1.533,1.563,1.631,1.716,1.809,1.872,2.399,2.954,4.399,465.754,679.795,768.304,985.720,1300.162,2084.719,2011.777,5959.142,13259.043,53438.500,0.009,0.015,0.020,0.031,0.037,0.036,0.042,0.047,0.050,0.060,0.019,0.023,0.025,0.028,0.031,0.035,0.037,0.058,0.080,0.135
466.000,0.218,0.258,0.273,0.306,0.347,0.391,0.421,0.676,0.944,1.644,1.437,1.516,1.546,1.611,1.693,1.782,1.842,2.352,2.888,4.289,577.507,828.952,936.647,1201.893,1585.107,2541.541,2453.327,7269.233,16143.532,65047.184,0.007,0.011,0.016,0.024,0.029,0.028,0.033,0.037,0.039,0.046,0.025,0.030,0.031,0.035,0.040,0.044,0.048,0.075,0.102,0.174
467.000,0.203,0.239,0.253,0.283,0.320,0.362,0.389,0.625,0.875,1.529,1.406,1.478,1.505,1.566,1.641,1.724,1.779,2.250,2.749,4.059,594.000,851.096,961.739,1234.128,1627.504,2609.512,2518.760,7464.926,16590.694,66783.016,0.006,0.010,0.014,0.021,0.026,0.025,0.029,0.033,0.035,0.041,0.028,0.033,0.035,0.040,0.045,0.050,0.054,0.085,0.118,0.201
468.000,0.179,0.211,0.222,0.249,0.281,0.318,0.341,0.547,0.767,1.349,1.358,1.421,1.445,1.497,1.563,1.635,1.683,2.095,2.534,3.698,595.347,851.234,961.740,1234.156,1627.601,2609.510,2518.755,7464.834,16580.123,66786.828,0.005,0.008,0.011,0.018,0.022,0.021,0.025,0.028,0.030,0.036,0.033,0.039,0.041,0.046,0.053,0.059,0.064,0.102,0.142,0.245
469.000,0.053,0.066,0.071,0.082,0.097,0.118,0.126,0.239,0.378,0.801,1.106,1.132,1.142,1.164,1.194,1.235,1.252,1.479,1.756,2.602,688.229,991.502,1120.210,1437.563,1895.829,3040.535,2933.880,8689.388,19279.989,77715.281,0.002,0.003,0.003,0.005,0.006,0.005,0.006,0.007,0.007,0.008,0.144,0.164,0.172,0.188,0.207,0.224,0.240,0.341,0.431,0.626
47.000,0.091,0.112,0.120,0.139,0.162,0.191,0.207,0.370,0.554,1.061,1.182,1.225,1.241,1.278,1.325,1.383,1.414,1.741,2.109,3.122,477.884,684.114,773.555,992.143,1308.717,2098.940,2024.717,6006.614,13351.314,53856.332,0.004,0.006,0.008,0.012,0.014,0.014,0.016,0.017,0.018,0.021,0.056,0.064,0.067,0.073,0.081,0.088,0.094,0.138,0.180,0.286
470.000,0.058,0.072,0.078,0.090,0.106,0.128,0.137,0.256,0.399,0.826,1.116,1.145,1.156,1.180,1.212,1.255,1.274,1.512,1.798,2.652,708.193,1021.057,1153.664,1480.527,1952.356,3130.518,3021.440,8948.758,19873.578,80028.977,0.002,0.003,0.004,0.005,0.006,0.006,0.007,0.007,0.008,0.009,0.134,0.153,0.160,0.175,0.193,0.210,0.225,0.324,0.414,0.617
471.000,0.051,0.063,0.068,0.079,0.094,0.114,0.122,0.236,0.376,0.815,1.101,1.127,1.136,1.159,1.188,1.229,1.245,1.471,1.753,2.630,713.491,1028.475,1162.028,1491.262,1966.551,3152.607,3043.355,9014.918,20003.842,80613.883,0.002,0.003,0.003,0.005,0.005,0.005,0.006,0.006,0.007,0.007,0.156,0.178,0.185,0.202,0.223,0.240,0.257,0.360,0.449,0.633
472.000,0.202,0.239,0.253,0.283,0.321,0.362,0.390,0.625,0.871,1.512,1.405,1.478,1.506,1.566,1.641,1.724,1.779,2.249,2.743,4.025,734.786,1058.123,1195.483,1534.125,2023.239,3243.948,3131.101,9274.413,20577.516,82938.539,0.005,0.008,0.011,0.017,0.021,0.020,0.024,0.026,0.028,0.033,0.035,0.042,0.044,0.049,0.056,0.062,0.067,0.106,0.147,0.254
473.000,0.041,0.052,0.056,0.065,0.076,0.093,0.099,0.190,0.302,0.657,1.083,1.103,1.111,1.129,1.153,1.186,1.198,1.379,1.604,2.314,744.920,1072.929,1212.210,1555.636,2051.567,3288.989,3174.866,9404.187,20862.733,84098.375,0.001,0.002,0.002,0.003,0.004,0.004,0.004,0.005,0.005,0.006,0.201,0.230,0.240,0.263,0.291,0.316,0.339,0.485,0.617,0.899
474.000,0.080,0.099,0.106,0.123,0.145,0.174,0.187,0.346,0.532,1.065,1.159,1.198,1.213,1.247,1.290,1.347,1.374,1.693,2.064,3.129,750.603,1080.321,1220.574,1566.282,2065.690,3311.775,3196.731,9472.081,21016.362,84688.641,0.003,0.004,0.005,0.007,0.008,0.008,0.009,0.010,0.010,0.011,0.101,0.115,0.121,0.132,0.145,0.156,0.167,0.236,0.300,0.448
475.000,0.052,0.065,0.070,0.082,0.096,0.117,0.125,0.238,0.375,0.799,1.105,1.131,1.140,1.163,1.193,1.233,1.250,1.475,1.751,2.597,751.109,1080.357,1220.574,1566.269,2065.787,3311.776,3196.962,9473.225,21027.400,84697.180,0.002,0.002,0.003,0.004,0.005,0.005,0.006,0.006,0.006,0.007,0.158,0.181,0.189,0.206,0.228,0.246,0.264,0.375,0.473,0.686
476.000,0.057,0.070,0.076,0.088,0.104,0.126,0.135,0.259,0.410,0.875,1.113,1.141,1.152,1.176,1.208,1.253,1.271,1.517,1.821,2.750,753.026,1082.851,1223.362,1569.945,2070.240,3319.174,3204.174,9496.025,21085.367,84898.508,0.002,0.003,0.003,0.005,0.006,0.005,0.006,0.007,0.007,0.008,0.147,0.167,0.174,0.190,0.209,0.226,0.242,0.339,0.424,0.601
477.000,0.103,0.127,0.137,0.158,0.185,0.219,0.237,0.429,0.645,1.237,1.206,1.255,1.273,1.316,1.370,1.439,1.474,1.858,2.290,3.474,757.498,1090.235,1231.726,1580.654,2084.536,3342.040,3226.284,9558.277,21218.849,85488.203,0.003,0.005,0.006,0.009,0.011,0.010,0.012,0.013,0.013,0.015,0.078,0.088,0.092,0.101,0.110,0.120,0.128,0.181,0.233,0.359
478.000,0.044,0.054,0.058,0.068,0.080,0.097,0.104,0.199,0.317,0.684,1.087,1.109,1.117,1.136,1.160,1.195,1.208,1.398,1.633,2.367,757.259,1090.251,1231.726,1580.623,2084.510,3342.052,3226.296,9560.169,21237.725,85492.844,0.001,0.002,0.002,0.004,0.004,0.004,0.005,0.005,0.005,0.006,0.193,0.221,0.232,0.253,0.280,0.304,0.326,0.466,0.593,0.864
479.000,0.058,0.072,0.077,0.090,0.106,0.128,0.138,0.261,0.413,0.871,1.115,1.144,1.154,1.179,1.212,1.257,1.275,1.522,1.825,2.743,757.104,1090.236,1231.726,1580.631,2084.466,3342.055,3226.114,9558.431,21248.686,85500.125,0.002,0.003,0.003,0.005,0.006,0.005,0.006,0.007,0.007,0.008,0.144,0.165,0.172,0.188,0.207,0.224,0.240,0.337,0.424,0.610
48.000,0.044,0.055,0.059,0.068,0.081,0.098,0.105,0.200,0.318,0.688,1.088,1.109,1.118,1.137,1.161,1.196,1.210,1.400,1.636,2.375,532.917,765.552,865.552,1110.286,1464.474,2348.833,2265.701,6717.293,14936.225,60198.199,0.002,0.003,0.004,0.005,0.006,0.006,0.007,0.007,0.008,0.009,0.135,0.154,0.162,0.177,0.195,0.212,0.227,0.326,0.414,0.603
480.000,0.072,0.089,0.096,0.111,0.131,0.157,0.169,0.316,0.490,0.995,1.143,1.178,1.191,1.222,1.261,1.314,1.338,1.631,1.980,2.990,771.152,1109.987,1254.029,1609.256,2122.203,3403.040,3284.458,9732.113,21631.119,87054.031,0.002,0.003,0.004,0.006,0.007,0.007,0.008,0.008,0.009,0.010,0.117,0.133,0.139,0.152,0.167,0.181,0.193,0.272,0.345,0.510
481.000,0.044,0.055,0.059,0.068,0.081,0.098,0.105,0.200,0.317,0.683,1.088,1.109,1.117,1.136,1.161,1.196,1.209,1.399,1.635,2.366,771.177,1109.929,1254.030,1609.284,2122.232,3403.061,3284.274,9733.694,21623.036,87058.828,0.001,0.002,0.002,0.004,0.004,0.004,0.005,0.005,0.005,0.006,0.196,0.224,0.234,0.257,0.283,0.308,0.330,0.473,0.602,0.881
482.000,0.052,0.065,0.070,0.081,0.096,0.116,0.124,0.235,0.370,0.771,1.104,1.130,1.140,1.162,1.191,1.231,1.248,1.470,1.739,2.542,771.259,1109.863,1254.030,1609.350,2122.191,3403.050,3284.463,9732.903,21624.662,87064.250,0.002,0.002,0.003,0.004,0.005,0.005,0.005,0.006,0.006,0.007,0.164,0.187,0.195,0.214,0.236,0.256,0.274,0.390,0.497,0.741
483.000,0.047,0.059,0.064,0.074,0.087,0.106,0.113,0.216,0.343,0.747,1.095,1.118,1.127,1.148,1.174,1.211,1.227,1.432,1.686,2.494,771.386,1109.878,1254.031,1609.347,2122.216,3403.079,3284.635,9733.727,21616.151,87067.742,0.001,0.002,0.003,0.004,0.004,0.004,0.005,0.005,0.006,0.006,0.180,0.206,0.216,0.236,0.260,0.282,0.303,0.431,0.545,0.776
484.000,0.048,0.060,0.065,0.076,0.091,0.114,0.120,0.244,0.416,1.067,0.096,0.121,0.130,0.153,0.182,0.227,0.240,0.487,0.833,2.134,1151.185,1654.683,1869.666,2399.268,3164.036,5073.426,4896.685,14511.179,32242.544,129899.570,0.002,0.003,0.004,0.005,0.006,0.006,0.006,0.007,0.007,0.008,0.137,0.157,0.164,0.179,0.198,0.214,0.230,0.327,0.408,0.559
485.000,0.179,0.216,0.230,0.260,0.299,0.345,0.371,0.630,0.923,1.771,0.358,0.431,0.459,0.521,0.598,0.690,0.742,1.259,1.846,3.541,1150.245,1654.792,1869.662,2399.075,3164.051,5073.415,4896.355,14503.837,32278.752,129909.133,0.004,0.007,0.010,0.017,0.020,0.019,0.023,0.026,0.027,0.033,0.036,0.042,0.045,0.050,0.057,0.065,0.070,0.116,0.165,0.296
486.000,0.169,0.203,0.215,0.244,0.280,0.323,0.347,0.587,0.859,1.649,0.338,0.405,0.431,0.488,0.560,0.645,0.694,1.174,1.718,3.297,1192.958,1714.033,1936.572,2485.002,3277.443,5255.067,5071.498,15026.230,33426.505,134531.125,0.003,0.006,0.009,0.015,0.018,0.018,0.021,0.023,0.025,0.030,0.039,0.047,0.050,0.056,0.064,0.073,0.078,0.130,0.186,0.336
487.000,0.167,0.197,0.209,0.234,0.266,0.304,0.326,0.538,0.778,1.479,0.334,0.395,0.418,0.469,0.533,0.608,0.652,1.076,1.557,2.959,1350.556,1937.527,2188.948,2809.041,3704.322,5938.817,5733.815,16986.417,37710.540,151935.203,0.003,0.005,0.007,0.012,0.015,0.015,0.018,0.020,0.021,0.026,0.045,0.054,0.058,0.066,0.076,0.088,0.095,0.162,0.236,0.436
488.000,0.038,0.047,0.051,0.059,0.070,0.086,0.091,0.180,0.301,0.769,0.075,0.094,0.101,0.118,0.140,0.173,0.183,0.361,0.602,1.537,1351.242,1937.435,2188.947,2808.970,3704.252,5938.853,5733.402,16987.121,37724.966,151940.969,0.001,0.002,0.002,0.003,0.004,0.004,0.004,0.005,0.005,0.006,0.206,0.237,0.248,0.273,0.303,0.332,0.356,0.524,0.678,0.964
489.000,0.110,0.139,0.151,0.177,0.212,0.259,0.279,0.538,0.862,2.035,0.221,0.279,0.302,0.355,0.424,0.519,0.558,1.076,1.724,4.069,1358.358,1944.806,2197.312,2819.924,3718.416,5961.065,5754.968,17054.229,37896.309,152496.656,0.004,0.006,0.007,0.010,0.012,0.012,0.013,0.014,0.015,0.017,0.070,0.078,0.082,0.088,0.097,0.106,0.112,0.162,0.210,0.292
49.000,0.046,0.058,0.062,0.073,0.086,0.105,0.112,0.217,0.350,0.777,1.093,1.116,1.125,1.145,1.172,1.210,1.224,1.434,1.699,2.554,538.254,772.958,873.916,1121.063,1478.662,2371.163,2287.681,6781.112,15085.704,60777.051,0.002,0.003,0.004,0.005,0.006,0.006,0.007,0.008,0.008,0.009,0.129,0.147,0.153,0.167,0.184,0.199,0.213,0.299,0.372,0.512
490.000,0.180,0.215,0.228,0.257,0.294,0.340,0.363,0.616,0.934,2.118,0.361,0.430,0.456,0.514,0.587,0.680,0.725,1.233,1.867,4.235,1359.050,1944.899,2197.316,2819.891,3718.509,5961.118,5754.907,17056.520,37888.758,152467.969,0.004,0.006,0.008,0.014,0.017,0.016,0.019,0.022,0.023,0.028,0.042,0.050,0.053,0.060,0.069,0.078,0.085,0.139,0.191,0.277
491.000,0.162,0.191,0.203,0.228,0.260,0.301,0.319,0.543,0.841,2.034,0.323,0.383,0.405,0.456,0.519,0.602,0.639,1.087,1.682,4.067,1449.747,2078.170,2347.858,3013.021,3973.280,6370.343,6149.435,18223.248,40493.067,162818.312,0.004,0.005,0.007,0.011,0.014,0.013,0.016,0.018,0.019,0.023,0.050,0.060,0.064,0.073,0.084,0.095,0.104,0.172,0.231,0.313
492.000,0.063,0.080,0.086,0.101,0.122,0.159,0.164,0.356,0.669,1.933,0.126,0.159,0.172,0.203,0.243,0.317,0.327,0.713,1.337,3.866,1449.753,2078.146,2347.859,3012.793,3973.611,6370.322,6148.833,18221.717,40511.194,162775.453,0.003,0.004,0.004,0.006,0.006,0.006,0.007,0.007,0.008,0.009,0.131,0.149,0.155,0.169,0.184,0.194,0.210,0.273,0.301,0.338
493.000,0.256,0.304,0.323,0.366,0.419,0.488,0.521,0.900,1.368,2.785,0.513,0.609,0.647,0.731,0.839,0.976,1.042,1.800,2.735,5.570,1457.344,2085.613,2356.229,3023.748,3987.420,6393.042,6171.164,18274.479,40657.253,163276.188,0.006,0.009,0.012,0.019,0.023,0.022,0.026,0.030,0.031,0.037,0.031,0.037,0.039,0.044,0.050,0.056,0.061,0.096,0.129,0.203
494.000,0.251,0.298,0.317,0.358,0.411,0.478,0.510,0.881,1.343,2.754,0.503,0.597,0.634,0.717,0.822,0.956,1.021,1.762,2.686,5.507,1459.285,2085.505,2356.232,3023.948,3987.602,6393.058,6171.602,18280.742,40629.522,163198.172,0.006,0.009,0.012,0.019,0.023,0.022,0.026,0.029,0.031,0.037,0.032,0.038,0.040,0.045,0.051,0.057,0.062,0.099,0.132,0.206
495.000,0.244,0.290,0.308,0.348,0.400,0.465,0.496,0.858,1.315,2.718,0.487,0.579,0.615,0.697,0.799,0.930,0.993,1.716,2.630,5.437,1483.837,2115.473,2389.695,3066.886,4044.219,6484.433,6259.040,18538.636,41176.763,165422.906,0.005,0.008,0.011,0.018,0.022,0.021,0.025,0.028,0.029,0.035,0.033,0.040,0.042,0.047,0.053,0.060,0.065,0.103,0.137,0.213
496.000,0.233,0.278,0.296,0.335,0.385,0.448,0.478,0.830,1.282,2.678,0.467,0.556,0.591,0.670,0.769,0.897,0.956,1.660,2.564,5.356,1502.571,2137.704,2414.791,3099.048,4086.875,6552.294,6323.966,18742.416,41600.210,167070.906,0.005,0.008,0.011,0.017,0.021,0.020,0.023,0.026,0.028,0.033,0.035,0.042,0.044,0.050,0.056,0.063,0.069,0.109,0.143,0.220
497.000,0.222,0.265,0.282,0.320,0.368,0.430,0.457,0.799,1.246,2.636,0.444,0.530,0.564,0.640,0.735,0.859,0.914,1.599,2.493,5.272,1538.256,2182.039,2464.985,3163.596,4172.383,6688.021,6455.110,19134.567,42479.758,170443.906,0.005,0.008,0.010,0.016,0.019,0.019,0.022,0.025,0.026,0.030,0.038,0.045,0.047,0.053,0.060,0.068,0.074,0.116,0.151,0.229
498.000,0.209,0.250,0.266,0.302,0.347,0.407,0.432,0.763,1.205,2.589,0.418,0.499,0.531,0.603,0.693,0.814,0.864,1.526,2.409,5.178,1539.998,2182.320,2464.987,3163.540,4172.048,6688.011,6456.250,19129.431,42509.559,170356.656,0.005,0.007,0.010,0.015,0.018,0.017,0.020,0.023,0.024,0.029,0.041,0.048,0.051,0.057,0.064,0.072,0.078,0.122,0.158,0.235
499.000,0.212,0.250,0.265,0.298,0.341,0.399,0.421,0.739,1.177,2.557,0.423,0.500,0.530,0.597,0.681,0.797,0.842,1.479,2.355,5.114,1546.222,2189.837,2473.360,3174.479,4185.964,6710.406,6478.479,19198.249,42633.042,170842.766,0.005,0.007,0.009,0.014,0.018,0.017,0.020,0.023,0.024,0.029,0.040,0.048,0.051,0.058,0.066,0.074,0.081,0.127,0.163,0.240
5.000,0.019,0.024,0.026,0.030,0.036,0.043,0.046,0.086,0.133,0.268,0.238,0.249,0.253,0.261,0.272,0.286,0.293,0.372,0.466,0.737,34.189,51.416,58.237,74.634,98.460,158.039,152.378,452.260,1007.352,4087.096,0.003,0.004,0.005,0.007,0.009,0.008,0.009,0.010,0.011,0.012,0.095,0.109,0.114,0.124,0.135,0.145,0.155,0.213,0.265,0.378
50.000,0.171,0.204,0.217,0.245,0.281,0.322,0.347,0.581,0.843,1.594,1.341,1.408,1.433,1.490,1.561,1.644,1.693,2.162,2.687,4.188,539.503,773.005,873.916,1121.037,1478.631,2371.154,2287.559,6784.881,15083.510,60775.594,0.007,0.010,0.014,0.020,0.024,0.023,0.027,0.030,0.032,0.037,0.031,0.037,0.039,0.043,0.048,0.053,0.057,0.086,0.113,0.171
500.000,0.194,0.229,0.243,0.273,0.312,0.367,0.386,0.689,1.125,2.503,0.389,0.458,0.485,0.546,0.623,0.735,0.771,1.379,2.251,5.007,1546.297,2189.754,2473.357,3174.449,4185.991,6710.451,6478.121,19197.279,42615.085,170750.922,0.005,0.007,0.008,0.013,0.016,0.016,0.018,0.021,0.022,0.026,0.044,0.053,0.056,0.063,0.072,0.081,0.089,0.138,0.172,0.247
501.000,0.170,0.199,0.211,0.237,0.270,0.323,0.335,0.625,1.066,2.446,0.339,0.398,0.421,0.474,0.541,0.647,0.670,1.250,2.133,4.892,1552.951,2196.917,2481.722,3185.233,4200.171,6732.732,6501.159,19256.489,42787.992,171235.984,0.005,0.006,0.008,0.011,0.014,0.013,0.016,0.018,0.019,0.023,0.051,0.061,0.065,0.074,0.085,0.093,0.104,0.155,0.185,0.257
502.000,0.077,0.097,0.105,0.126,0.154,0.212,0.215,0.529,0.996,2.386,0.153,0.194,0.211,0.252,0.308,0.423,0.430,1.058,1.992,4.773,1553.248,2197.019,2481.729,3185.258,4200.362,6732.724,6499.974,19255.715,42804.068,171172.500,0.004,0.006,0.006,0.007,0.008,0.008,0.008,0.009,0.009,0.010,0.116,0.129,0.133,0.143,0.153,0.156,0.167,0.187,0.203,0.266
503.000,0.324,0.381,0.405,0.459,0.527,0.609,0.654,1.117,1.635,3.043,0.647,0.763,0.810,0.918,1.053,1.218,1.309,2.235,3.270,6.085,1599.770,2257.129,2548.863,3271.973,4314.523,6914.892,6676.208,19775.258,43889.215,175141.656,0.006,0.010,0.014,0.023,0.028,0.027,0.031,0.035,0.037,0.044,0.027,0.031,0.033,0.037,0.042,0.047,0.051,0.080,0.111,0.190
504.000,0.321,0.378,0.402,0.455,0.522,0.604,0.649,1.109,1.622,3.019,0.642,0.756,0.803,0.910,1.044,1.208,1.298,2.218,3.243,6.038,1848.235,2611.599,2949.269,3786.271,4992.922,8000.776,7726.385,22880.421,50790.438,202427.906,0.005,0.009,0.012,0.020,0.024,0.023,0.027,0.030,0.032,0.038,0.031,0.037,0.039,0.043,0.049,0.055,0.060,0.094,0.130,0.222
505.000,0.333,0.390,0.413,0.466,0.532,0.613,0.658,1.112,1.618,3.000,0.667,0.780,0.826,0.932,1.065,1.227,1.316,2.224,3.236,6.001,1861.215,2626.618,2966.067,3808.086,5021.248,8045.737,7770.923,23004.686,51061.518,203507.312,0.005,0.009,0.012,0.020,0.024,0.023,0.027,0.031,0.033,0.039,0.030,0.036,0.038,0.043,0.048,0.055,0.059,0.094,0.131,0.225
506.000,0.330,0.385,0.408,0.461,0.526,0.606,0.651,1.098,1.597,2.963,0.659,0.771,0.817,0.921,1.053,1.212,1.301,2.196,3.194,5.926,1859.618,2627.003,2966.077,3808.041,5021.331,8045.771,7772.273,22998.358,51052.727,203457.438,0.005,0.009,0.012,0.019,0.024,0.023,0.027,0.030,0.032,0.038,0.030,0.036,0.038,0.043,0.049,0.055,0.060,0.096,0.133,0.229
507.000,0.325,0.380,0.403,0.455,0.520,0.598,0.642,1.083,1.574,2.924,0.651,0.761,0.806,0.909,1.039,1.197,1.285,2.166,3.149,5.847,1879.836,2649.432,2991.245,3840.367,5063.359,8113.527,7838.229,23191.900,51463.694,205098.078,0.005,0.009,0.012,0.019,0.023,0.022,0.026,0.030,0.031,0.037,0.031,0.037,0.039,0.044,0.050,0.057,0.061,0.098,0.136,0.236
508.000,0.321,0.375,0.397,0.448,0.512,0.589,0.633,1.066,1.549,2.880,0.641,0.749,0.794,0.896,1.024,1.179,1.266,2.133,3.099,5.760,1878.090,2649.293,2991.298,3840.734,5064.263,8113.475,7837.137,23185.505,51478.284,205045.641,0.005,0.008,0.012,0.019,0.023,0.022,0.026,0.029,0.031,0.037,0.031,0.038,0.040,0.045,0.051,0.058,0.062,0.100,0.139,0.241
509.000,0.315,0.368,0.390,0.440,0.504,0.580,0.623,1.048,1.522,2.833,0.630,0.736,0.780,0.881,1.007,1.159,1.245,2.096,3.044,5.666,1961.642,2746.579,3100.361,3981.178,5248.126,8409.349,8123.343,24026.193,53312.824,212107.219,0.005,0.008,0.011,0.018,0.022,0.021,0.025,0.028,0.029,0.035,0.034,0.040,0.042,0.047,0.054,0.061,0.066,0.106,0.148,0.255
51.000,0.144,0.174,0.186,0.212,0.244,0.284,0.305,0.525,0.777,1.519,0.289,0.349,0.372,0.423,0.489,0.567,0.610,1.050,1.555,3.037,749.137,1074.581,1215.043,1558.448,2055.634,3296.757,3180.437,9435.028,20968.473,84575.922,0.005,0.009,0.013,0.021,0.025,0.024,0.029,0.032,0.034,0.040,0.029,0.034,0.036,0.041,0.046,0.052,0.056,0.092,0.131,0.235
510.000,0.308,0.360,0.382,0.431,0.494,0.568,0.610,1.026,1.490,2.778,0.616,0.721,0.764,0.863,0.987,1.135,1.220,2.051,2.981,5.556,1959.657,2746.909,3100.369,3981.167,5248.760,8409.319,8123.138,24033.707,53342.876,212126.312,0.004,0.008,0.011,0.017,0.021,0.020,0.024,0.027,0.029,0.034,0.034,0.041,0.043,0.048,0.055,0.062,0.067,0.108,0.152,0.262
511.000,0.301,0.352,0.374,0.422,0.483,0.555,0.597,1.002,1.456,2.719,0.602,0.704,0.747,0.844,0.966,1.110,1.194,2.004,2.912,5.437,1964.737,2754.204,3108.776,3992.044,5263.250,8432.419,8145.075,24083.976,53462.883,212696.281,0.004,0.007,0.010,0.017,0.021,0.020,0.023,0.026,0.028,0.033,0.035,0.042,0.044,0.050,0.057,0.064,0.069,0.112,0.157,0.271
512.000,0.294,0.343,0.364,0.412,0.471,0.541,0.582,0.976,1.418,2.652,0.587,0.687,0.729,0.823,0.942,1.083,1.164,1.951,2.836,5.304,2074.917,2873.571,3242.977,4164.370,5490.622,8794.842,8497.298,25121.318,55736.090,221538.031,0.004,0.007,0.010,0.016,0.019,0.018,0.022,0.025,0.026,0.030,0.038,0.045,0.047,0.053,0.061,0.069,0.074,0.120,0.169,0.292
513.000,0.285,0.333,0.354,0.400,0.457,0.525,0.564,0.944,1.372,2.571,0.570,0.667,0.707,0.799,0.914,1.049,1.127,1.888,2.744,5.143,2093.841,2896.078,3268.195,4196.863,5533.295,8864.495,8563.096,25314.118,56186.775,223208.672,0.004,0.007,0.009,0.015,0.018,0.018,0.021,0.024,0.025,0.029,0.040,0.047,0.049,0.056,0.063,0.072,0.077,0.126,0.177,0.307
514.000,0.275,0.322,0.342,0.386,0.440,0.506,0.543,0.908,1.320,2.478,0.551,0.644,0.683,0.771,0.881,1.011,1.086,1.816,2.639,4.956,2093.351,2896.030,3268.229,4196.899,5533.185,8864.446,8562.918,25311.786,56220.544,223222.984,0.004,0.006,0.009,0.014,0.018,0.017,0.020,0.023,0.024,0.028,0.041,0.048,0.051,0.058,0.066,0.075,0.081,0.132,0.186,0.323
515.000,0.265,0.309,0.328,0.369,0.421,0.484,0.519,0.867,1.259,2.368,0.529,0.618,0.655,0.739,0.843,0.967,1.038,1.733,2.518,4.736,2112.243,2918.211,3293.329,4229.267,5576.196,8931.577,8627.212,25496.750,56598.656,224890.250,0.003,0.006,0.008,0.014,0.017,0.016,0.019,0.022,0.023,0.027,0.044,0.051,0.054,0.061,0.070,0.079,0.086,0.141,0.199,0.347
516.000,0.251,0.293,0.310,0.349,0.398,0.456,0.489,0.816,1.185,2.233,0.503,0.586,0.621,0.699,0.796,0.913,0.979,1.632,2.371,4.465,2131.099,2940.749,3318.493,4261.448,5618.266,8999.294,8692.339,25693.557,57042.783,226555.766,0.003,0.005,0.008,0.013,0.016,0.015,0.018,0.020,0.021,0.025,0.046,0.054,0.058,0.065,0.075,0.085,0.092,0.152,0.216,0.379
517.000,0.234,0.272,0.288,0.324,0.368,0.422,0.452,0.751,1.090,2.057,0.468,0.544,0.576,0.647,0.737,0.843,0.904,1.502,2.180,4.114,2130.531,2940.639,3318.488,4261.701,5618.107,8999.259,8693.568,25691.464,57055.394,226564.891,0.003,0.005,0.007,0.012,0.014,0.014,0.016,0.019,0.020,0.023,0.050,0.059,0.063,0.071,0.081,0.093,0.100,0.167,0.239,0.423
518.000,0.209,0.242,0.256,0.287,0.326,0.372,0.398,0.657,0.951,1.802,0.418,0.484,0.512,0.574,0.651,0.744,0.796,1.314,1.902,3.605,2161.556,2978.285,3360.491,4315.565,5689.303,9113.286,8802.906,26012.458,57777.016,229330.297,0.002,0.004,0.006,0.010,0.012,0.012,0.014,0.016,0.017,0.020,0.057,0.067,0.072,0.082,0.094,0.108,0.117,0.198,0.285,0.510
519.000,0.054,0.066,0.071,0.083,0.099,0.122,0.130,0.258,0.433,1.072,0.109,0.132,0.142,0.166,0.197,0.245,0.259,0.516,0.866,2.144,2167.386,2985.727,3368.872,4326.394,5703.474,9135.366,8825.164,26079.159,57925.945,229887.156,0.001,0.002,0.002,0.003,0.004,0.003,0.004,0.004,0.005,0.005,0.229,0.258,0.270,0.296,0.328,0.357,0.383,0.552,0.702,0.983
52.000,0.137,0.165,0.176,0.201,0.232,0.269,0.289,0.497,0.737,1.442,0.274,0.331,0.353,0.402,0.463,0.537,0.578,0.995,1.473,2.885,793.476,1133.916,1281.950,1644.349,2168.938,3478.755,3355.842,9955.047,22131.091,89183.672,0.004,0.008,0.011,0.018,0.023,0.022,0.026,0.029,0.030,0.036,0.033,0.038,0.040,0.045,0.051,0.059,0.063,0.103,0.147,0.264
520.000,0.242,0.282,0.299,0.336,0.382,0.437,0.468,0.779,1.132,2.173,0.485,0.564,0.597,0.671,0.764,0.875,0.937,1.557,2.264,4.347,2326.311,3217.576,3630.133,4661.749,6147.047,9843.532,9508.691,28109.127,62386.330,247264.391,0.003,0.005,0.007,0.011,0.014,0.013,0.016,0.018,0.019,0.022,0.053,0.062,0.066,0.075,0.085,0.098,0.106,0.176,0.250,0.429
521.000,0.214,0.249,0.263,0.295,0.335,0.383,0.409,0.676,0.983,1.924,0.429,0.498,0.526,0.590,0.670,0.765,0.819,1.352,1.966,3.849,2326.618,3217.396,3630.109,4661.992,6146.588,9843.490,9508.625,28092.434,62405.183,247275.094,0.002,0.004,0.006,0.009,0.012,0.011,0.014,0.015,0.016,0.019,0.060,0.071,0.075,0.086,0.098,0.113,0.123,0.207,0.296,0.504
522.000,0.063,0.077,0.083,0.097,0.116,0.145,0.153,0.309,0.531,1.416,0.126,0.154,0.166,0.195,0.232,0.290,0.305,0.618,1.062,2.832,2326.320,3217.538,3630.195,4662.110,6146.731,9843.523,9508.982,28087.312,62374.320,247282.047,0.002,0.002,0.002,0.003,0.004,0.004,0.004,0.005,0.005,0.006,0.211,0.238,0.249,0.272,0.300,0.324,0.349,0.491,0.603,0.750
523.000,0.250,0.295,0.313,0.355,0.409,0.476,0.509,0.878,1.331,2.749,0.500,0.589,0.626,0.711,0.817,0.951,1.018,1.756,2.662,5.498,2373.365,3276.784,3697.260,4748.239,6260.145,10025.007,9685.501,28607.376,63494.482,251719.891,0.004,0.006,0.007,0.012,0.014,0.014,0.016,0.018,0.019,0.022,0.052,0.060,0.064,0.071,0.081,0.091,0.098,0.155,0.208,0.315
524.000,0.228,0.270,0.287,0.326,0.376,0.439,0.469,0.818,1.256,2.662,0.456,0.539,0.574,0.653,0.752,0.879,0.939,1.635,2.512,5.323,2373.137,3277.226,3697.194,4748.527,6260.969,10025.076,9684.914,28606.545,63467.190,251726.656,0.004,0.005,0.007,0.011,0.013,0.013,0.015,0.017,0.018,0.020,0.057,0.066,0.070,0.078,0.089,0.099,0.107,0.169,0.224,0.330
525.000,0.216,0.253,0.269,0.304,0.349,0.408,0.434,0.757,1.181,2.579,0.432,0.507,0.538,0.609,0.699,0.816,0.868,1.513,2.363,5.158,2379.669,3284.831,3705.642,4759.010,6275.087,10047.803,9706.556,28681.729,63609.412,252294.391,0.003,0.005,0.006,0.010,0.012,0.012,0.014,0.015,0.016,0.019,0.061,0.071,0.075,0.084,0.096,0.108,0.117,0.185,0.242,0.346
526.000,0.170,0.201,0.214,0.243,0.280,0.334,0.352,0.642,1.061,2.465,0.340,0.402,0.428,0.486,0.561,0.668,0.704,1.284,2.121,4.930,2380.112,3284.693,3705.637,4759.095,6275.229,10047.872,9706.983,28683.510,63618.460,252303.047,0.003,0.004,0.005,0.008,0.010,0.009,0.011,0.012,0.013,0.015,0.078,0.091,0.096,0.107,0.122,0.135,0.147,0.224,0.276,0.368
527.000,0.092,0.114,0.123,0.146,0.177,0.234,0.242,0.549,1.007,2.444,0.183,0.227,0.247,0.293,0.354,0.469,0.484,1.099,2.015,4.887,2559.886,3551.331,4006.336,5145.742,6784.533,10862.166,10492.236,30998.812,68797.149,272414.531,0.003,0.004,0.004,0.005,0.005,0.005,0.006,0.006,0.007,0.007,0.159,0.177,0.183,0.197,0.213,0.221,0.238,0.288,0.317,0.402
528.000,0.328,0.391,0.417,0.477,0.552,0.642,0.693,1.195,1.752,3.243,0.655,0.781,0.834,0.953,1.104,1.283,1.387,2.391,3.504,6.486,2557.508,3550.691,4006.381,5145.759,6784.524,10862.247,10494.264,30992.772,68774.073,272430.312,0.004,0.007,0.010,0.016,0.019,0.018,0.021,0.023,0.024,0.028,0.042,0.048,0.051,0.056,0.063,0.070,0.075,0.116,0.159,0.270
529.000,0.353,0.415,0.441,0.500,0.574,0.662,0.713,1.207,1.754,3.228,0.705,0.829,0.881,0.999,1.148,1.324,1.426,2.413,3.509,6.456,2619.760,3640.449,4107.002,5275.053,6954.635,11135.282,10757.192,31769.251,70432.901,279104.969,0.004,0.007,0.010,0.016,0.019,0.018,0.021,0.024,0.025,0.029,0.040,0.046,0.049,0.055,0.062,0.069,0.074,0.118,0.162,0.278
53.000,0.139,0.165,0.176,0.198,0.226,0.260,0.278,0.469,0.689,1.341,0.278,0.331,0.351,0.396,0.452,0.520,0.557,0.938,1.378,2.683,793.344,1133.808,1281.950,1644.396,2169.082,3478.711,3355.896,9955.494,22122.387,89180.297,0.004,0.007,0.011,0.018,0.022,0.021,0.025,0.029,0.030,0.036,0.032,0.038,0.041,0.046,0.053,0.061,0.065,0.110,0.159,0.289
530.000,0.346,0.407,0.433,0.491,0.564,0.650,0.700,1.184,1.722,3.175,0.692,0.814,0.865,0.982,1.127,1.300,1.400,2.368,3.444,6.350,2616.865,3640.567,4106.896,5275.469,6955.762,11135.328,10756.904,31774.285,70440.543,279121.250,0.004,0.007,0.010,0.015,0.018,0.018,0.021,0.023,0.025,0.029,0.040,0.047,0.050,0.056,0.063,0.071,0.076,0.120,0.166,0.285
531.000,0.339,0.399,0.424,0.481,0.552,0.637,0.686,1.159,1.687,3.117,0.677,0.797,0.848,0.962,1.105,1.273,1.371,2.318,3.373,6.234,2619.319,3647.976,4115.273,5286.011,6969.963,11157.762,10777.725,31842.862,70633.251,279689.562,0.004,0.007,0.009,0.015,0.018,0.017,0.020,0.023,0.024,0.028,0.041,0.048,0.051,0.057,0.064,0.073,0.078,0.124,0.171,0.293
532.000,0.331,0.389,0.414,0.470,0.540,0.622,0.670,1.132,1.648,3.055,0.661,0.779,0.828,0.940,1.079,1.244,1.339,2.264,3.296,6.109,2848.226,3932.044,4435.274,5697.669,7510.743,12021.990,11613.079,34293.327,76083.916,300727.406,0.004,0.006,0.008,0.013,0.016,0.016,0.018,0.021,0.022,0.025,0.046,0.053,0.056,0.063,0.071,0.080,0.086,0.137,0.190,0.325
533.000,0.321,0.378,0.402,0.456,0.524,0.604,0.650,1.100,1.603,2.981,0.642,0.756,0.804,0.913,1.048,1.208,1.301,2.200,3.207,5.963,2851.187,3932.092,4435.286,5697.415,7511.441,12022.013,11616.187,34283.300,76048.217,300744.406,0.003,0.006,0.008,0.013,0.016,0.015,0.018,0.020,0.021,0.024,0.048,0.055,0.058,0.065,0.074,0.083,0.089,0.142,0.197,0.336
534.000,0.327,0.382,0.405,0.457,0.523,0.600,0.644,1.079,1.566,2.908,0.653,0.764,0.810,0.915,1.045,1.200,1.289,2.158,3.131,5.816,2862.683,3947.161,4452.141,5718.965,7539.773,12067.060,11659.334,34412.380,76341.064,301862.875,0.003,0.006,0.008,0.013,0.016,0.015,0.018,0.020,0.021,0.025,0.047,0.055,0.058,0.065,0.074,0.084,0.091,0.146,0.204,0.349
535.000,0.315,0.368,0.390,0.440,0.502,0.577,0.619,1.036,1.504,2.805,0.630,0.736,0.780,0.880,1.005,1.153,1.238,2.072,3.009,5.611,2880.033,3969.361,4477.234,5751.319,7582.431,12137.219,11726.719,34613.684,76722.695,303530.969,0.003,0.005,0.008,0.012,0.015,0.014,0.017,0.019,0.020,0.024,0.049,0.057,0.061,0.068,0.078,0.088,0.095,0.154,0.215,0.370
536.000,0.301,0.351,0.372,0.420,0.479,0.550,0.590,0.988,1.435,2.688,0.603,0.703,0.745,0.840,0.958,1.100,1.180,1.975,2.871,5.375,2880.572,3969.060,4477.264,5751.558,7582.551,12137.205,11726.774,34605.886,76683.004,303543.531,0.003,0.005,0.007,0.012,0.014,0.014,0.016,0.018,0.019,0.022,0.052,0.060,0.064,0.072,0.082,0.093,0.101,0.163,0.229,0.393
537.000,0.284,0.331,0.350,0.395,0.450,0.517,0.554,0.928,1.350,2.540,0.568,0.662,0.701,0.790,0.901,1.034,1.109,1.855,2.699,5.080,2903.903,3999.058,4510.859,5794.923,7639.187,12228.974,11813.726,34860.785,77231.817,305761.094,0.003,0.005,0.007,0.011,0.013,0.013,0.015,0.017,0.018,0.021,0.055,0.065,0.069,0.078,0.089,0.101,0.109,0.177,0.249,0.428
538.000,0.261,0.303,0.321,0.361,0.412,0.473,0.506,0.846,1.234,2.337,0.521,0.606,0.642,0.723,0.823,0.945,1.013,1.693,2.467,4.674,2910.291,4006.985,4519.241,5805.556,7652.964,12251.470,11834.102,34924.768,77402.038,306321.438,0.002,0.004,0.006,0.010,0.012,0.011,0.014,0.015,0.016,0.019,0.061,0.071,0.076,0.086,0.098,0.112,0.121,0.198,0.279,0.481
539.000,0.230,0.267,0.282,0.317,0.361,0.414,0.443,0.739,1.080,2.069,0.461,0.534,0.565,0.635,0.722,0.828,0.886,1.479,2.161,4.137,2911.148,4006.910,4519.291,5805.607,7653.011,12251.479,11832.346,34924.393,77410.994,306328.719,0.002,0.004,0.005,0.008,0.010,0.010,0.012,0.013,0.014,0.017,0.069,0.082,0.087,0.099,0.113,0.129,0.140,0.232,0.328,0.568
54.000,0.125,0.148,0.156,0.175,0.200,0.229,0.245,0.410,0.602,1.180,0.250,0.295,0.312,0.351,0.400,0.458,0.490,0.821,1.205,2.361,798.978,1141.214,1290.313,1655.219,2183.235,3500.886,3377.964,10019.024,22274.295,89752.820,0.003,0.006,0.009,0.015,0.019,0.018,0.022,0.025,0.027,0.032,0.036,0.043,0.046,0.053,0.061,0.070,0.075,0.129,0.187,0.341
540.000,0.091,0.110,0.118,0.138,0.163,0.198,0.211,0.405,0.651,1.432,0.182,0.220,0.237,0.275,0.325,0.396,0.423,0.811,1.301,2.865,2945.213,4051.790,4569.652,5870.266,7738.217,12386.160,11965.584,35309.365,78254.365,309643.500,0.001,0.002,0.003,0.004,0.004,0.004,0.005,0.005,0.006,0.006,0.184,0.208,0.218,0.240,0.266,0.291,0.312,0.460,0.602,0.925
541.000,0.060,0.072,0.078,0.091,0.107,0.132,0.140,0.274,0.449,1.048,0.119,0.145,0.156,0.181,0.215,0.264,0.281,0.548,0.899,2.096,2945.266,4051.595,4569.690,5870.163,7737.975,12386.162,11965.409,35308.050,78251.269,309647.469,0.001,0.001,0.002,0.002,0.003,0.003,0.003,0.003,0.004,0.004,0.283,0.320,0.335,0.368,0.408,0.447,0.479,0.701,0.910,1.361
542.000,0.138,0.160,0.169,0.190,0.216,0.246,0.263,0.432,0.627,1.228,3.277,3.320,3.339,3.380,3.431,3.491,3.526,3.865,4.254,5.457,4886.942,6707.775,7568.786,9715.978,12811.735,20494.041,19808.053,58333.695,129371.932,509662.750,0.001,0.003,0.004,0.007,0.009,0.008,0.010,0.011,0.012,0.014,0.081,0.096,0.102,0.117,0.135,0.159,0.171,0.301,0.452,0.859
543.000,0.041,0.049,0.053,0.062,0.074,0.092,0.097,0.193,0.326,0.853,3.081,3.099,3.106,3.124,3.147,3.184,3.193,3.386,3.653,4.706,4887.385,6707.517,7568.852,9715.978,12811.786,20493.955,19807.746,58332.034,129379.674,509674.281,0.001,0.001,0.002,0.002,0.003,0.003,0.003,0.004,0.004,0.004,0.279,0.315,0.330,0.362,0.402,0.440,0.472,0.690,0.893,1.280
544.000,0.183,0.217,0.231,0.264,0.305,0.354,0.382,0.656,0.969,1.888,3.367,3.434,3.462,3.527,3.610,3.708,3.763,4.312,4.939,6.777,4954.242,6793.372,7665.364,9839.543,12974.895,20754.803,20061.523,59064.819,131033.427,516059.125,0.002,0.004,0.006,0.010,0.012,0.012,0.014,0.015,0.016,0.019,0.062,0.071,0.075,0.085,0.096,0.110,0.118,0.197,0.287,0.535
545.000,0.192,0.224,0.238,0.270,0.310,0.357,0.384,0.648,0.950,1.837,3.383,3.448,3.476,3.539,3.619,3.715,3.768,4.297,4.900,6.674,4955.646,6793.203,7665.657,9839.544,12976.081,20754.895,20064.741,59064.705,131001.258,516079.000,0.002,0.004,0.006,0.010,0.012,0.012,0.014,0.016,0.017,0.020,0.059,0.069,0.073,0.083,0.095,0.109,0.117,0.199,0.293,0.552
546.000,0.187,0.219,0.232,0.263,0.301,0.346,0.372,0.625,0.914,1.765,3.375,3.438,3.465,3.526,3.602,3.693,3.745,4.250,4.828,6.530,4962.367,6801.410,7674.229,9850.303,12990.196,20777.354,20083.489,59129.611,131116.421,516645.875,0.002,0.004,0.006,0.010,0.012,0.011,0.014,0.015,0.016,0.019,0.060,0.071,0.075,0.085,0.097,0.113,0.121,0.207,0.306,0.579
547.000,0.184,0.215,0.228,0.257,0.294,0.337,0.362,0.604,0.882,1.699,3.368,3.429,3.455,3.514,3.587,3.674,3.724,4.209,4.763,6.399,4959.787,6801.124,7674.125,9850.304,12990.628,20777.385,20084.686,59137.483,131062.119,516664.562,0.002,0.004,0.005,0.009,0.012,0.011,0.013,0.015,0.016,0.019,0.061,0.072,0.077,0.087,0.100,0.116,0.125,0.215,0.318,0.604
548.000,0.176,0.205,0.217,0.245,0.279,0.320,0.343,0.570,0.830,1.599,3.352,3.410,3.434,3.490,3.558,3.640,3.686,4.140,4.660,6.198,4963.312,6808.965,7682.321,9861.062,13004.640,20800.516,20103.156,59208.990,131251.791,517232.938,0.002,0.003,0.005,0.009,0.011,0.011,0.013,0.014,0.015,0.018,0.064,0.076,0.080,0.091,0.105,0.123,0.132,0.228,0.340,0.649
549.000,0.167,0.193,0.205,0.230,0.262,0.299,0.321,0.530,0.769,1.482,3.333,3.387,3.409,3.460,3.523,3.599,3.641,4.060,4.538,5.964,5123.289,7011.176,7910.681,10153.129,13390.813,21414.994,20704.864,60945.080,135191.500,532342.062,0.002,0.003,0.005,0.008,0.010,0.010,0.012,0.013,0.014,0.017,0.070,0.083,0.088,0.100,0.116,0.136,0.146,0.254,0.380,0.727
55.000,0.050,0.062,0.067,0.078,0.092,0.111,0.119,0.226,0.361,0.800,0.100,0.125,0.134,0.155,0.183,0.222,0.238,0.452,0.723,1.599,817.371,1163.582,1315.403,1687.437,2225.638,3569.676,3443.781,10213.532,22704.498,91476.578,0.002,0.003,0.005,0.007,0.008,0.008,0.009,0.010,0.011,0.013,0.093,0.107,0.112,0.124,0.138,0.153,0.164,0.248,0.335,0.554
550.000,0.151,0.174,0.183,0.206,0.233,0.266,0.284,0.465,0.670,1.295,3.301,3.347,3.367,3.411,3.466,3.531,3.569,3.930,4.341,5.589,5134.252,7026.220,7927.600,10174.646,13419.811,21459.945,20747.534,61076.947,135470.127,533454.125,0.001,0.003,0.004,0.007,0.009,0.009,0.010,0.012,0.013,0.015,0.078,0.092,0.099,0.113,0.131,0.154,0.165,0.292,0.440,0.848
551.000,0.038,0.046,0.050,0.058,0.069,0.085,0.090,0.178,0.303,0.853,3.076,3.092,3.099,3.116,3.137,3.173,3.180,3.356,3.606,4.706,5134.185,7025.942,7927.674,10174.646,13419.721,21459.961,20747.180,61072.661,135500.733,533434.250,0.001,0.001,0.001,0.002,0.003,0.002,0.003,0.003,0.003,0.004,0.312,0.352,0.369,0.406,0.451,0.494,0.531,0.783,1.008,1.341
552.000,0.173,0.203,0.216,0.246,0.283,0.334,0.353,0.632,1.024,2.323,3.345,3.406,3.432,3.491,3.565,3.668,3.706,4.264,5.047,7.646,5146.526,7040.570,7944.605,10196.164,13449.162,21504.980,20791.036,61188.181,135711.633,534487.750,0.003,0.004,0.005,0.009,0.011,0.010,0.012,0.014,0.015,0.017,0.068,0.079,0.084,0.094,0.108,0.122,0.132,0.212,0.280,0.435
553.000,0.162,0.190,0.203,0.230,0.265,0.315,0.332,0.603,0.995,2.291,3.323,3.381,3.405,3.460,3.530,3.630,3.663,4.207,4.990,7.583,5147.901,7040.910,7944.580,10196.165,13448.394,21505.008,20792.097,61202.752,135689.202,534462.500,0.003,0.004,0.005,0.008,0.010,0.010,0.012,0.013,0.014,0.016,0.073,0.084,0.089,0.101,0.115,0.129,0.141,0.223,0.288,0.442
554.000,0.162,0.188,0.199,0.225,0.257,0.305,0.319,0.583,0.977,2.271,3.324,3.376,3.398,3.449,3.514,3.610,3.637,4.166,4.954,7.543,5155.114,7048.462,7952.659,10206.922,13462.518,21527.863,20811.827,61267.127,135772.976,535015.875,0.003,0.004,0.005,0.008,0.010,0.009,0.011,0.013,0.014,0.016,0.073,0.086,0.091,0.103,0.119,0.134,0.147,0.231,0.295,0.447
555.000,0.144,0.167,0.177,0.199,0.227,0.274,0.282,0.541,0.941,2.236,3.289,3.334,3.353,3.397,3.453,3.550,3.564,4.082,4.882,7.473,5155.717,7048.650,7952.693,10206.924,13462.479,21527.814,20814.703,61260.864,135797.497,535015.812,0.003,0.004,0.005,0.007,0.009,0.008,0.010,0.011,0.012,0.014,0.082,0.097,0.103,0.117,0.135,0.150,0.167,0.250,0.307,0.455
556.000,0.070,0.087,0.094,0.113,0.139,0.191,0.194,0.478,0.896,2.196,3.140,3.173,3.189,3.226,3.277,3.381,3.388,3.957,4.793,7.392,5161.727,7055.713,7961.266,10217.682,13476.008,21551.309,20836.687,61336.438,135903.646,535565.500,0.002,0.004,0.004,0.005,0.005,0.005,0.006,0.006,0.006,0.007,0.171,0.188,0.194,0.208,0.223,0.230,0.245,0.285,0.324,0.465
557.000,0.266,0.310,0.329,0.372,0.427,0.495,0.530,0.909,1.355,2.662,3.532,3.620,3.658,3.745,3.854,3.990,4.060,4.818,5.710,8.323,5211.915,7119.680,8033.027,10309.132,13598.189,21743.857,21021.117,61919.284,137272.713,540246.750,0.003,0.006,0.008,0.013,0.016,0.016,0.019,0.021,0.022,0.026,0.044,0.052,0.055,0.062,0.071,0.081,0.088,0.145,0.207,0.373
558.000,0.264,0.308,0.327,0.370,0.424,0.492,0.526,0.903,1.346,2.642,3.529,3.616,3.654,3.739,3.848,3.983,4.052,4.805,5.692,8.283,5214.394,7119.611,8033.277,10309.134,13598.286,21743.938,21022.355,61912.359,137290.870,540242.312,0.003,0.006,0.008,0.013,0.016,0.016,0.019,0.021,0.022,0.026,0.045,0.052,0.055,0.063,0.072,0.082,0.088,0.146,0.209,0.376
559.000,0.262,0.306,0.324,0.367,0.421,0.488,0.522,0.896,1.336,2.621,3.525,3.611,3.649,3.734,3.842,3.976,4.045,4.792,5.672,8.242,5520.072,7557.745,8527.731,10943.896,14434.735,23089.453,22320.577,65708.083,145641.547,573522.938,0.003,0.005,0.007,0.012,0.015,0.015,0.017,0.020,0.021,0.024,0.048,0.056,0.059,0.067,0.077,0.088,0.094,0.156,0.224,0.403
56.000,0.026,0.033,0.035,0.041,0.049,0.060,0.064,0.125,0.207,0.512,0.053,0.066,0.071,0.083,0.098,0.120,0.128,0.251,0.415,1.024,930.674,1334.382,1508.269,1935.066,2552.071,4093.427,3949.274,11706.706,26005.261,104769.773,0.001,0.002,0.002,0.003,0.004,0.004,0.004,0.005,0.005,0.006,0.203,0.234,0.245,0.270,0.300,0.330,0.354,0.526,0.693,1.054
560.000,0.260,0.303,0.322,0.364,0.417,0.484,0.518,0.889,1.324,2.596,3.520,3.606,3.643,3.728,3.834,3.967,4.036,4.777,5.648,8.192,5522.819,7557.959,8528.027,10943.898,14434.859,23089.611,22319.485,65709.281,145590.495,573516.812,0.003,0.005,0.007,0.012,0.015,0.014,0.017,0.019,0.021,0.024,0.048,0.056,0.060,0.068,0.077,0.088,0.095,0.158,0.226,0.408
561.000,0.258,0.300,0.319,0.361,0.413,0.479,0.513,0.881,1.312,2.570,3.516,3.601,3.638,3.721,3.827,3.959,4.026,4.761,5.624,8.140,5558.118,7595.402,8570.318,10997.691,14506.668,23201.141,22426.265,66050.918,146384.028,576266.875,0.003,0.005,0.007,0.012,0.015,0.014,0.017,0.019,0.020,0.024,0.049,0.057,0.061,0.068,0.078,0.090,0.097,0.160,0.230,0.415
562.000,0.256,0.297,0.316,0.357,0.409,0.475,0.508,0.872,1.298,2.542,3.511,3.595,3.631,3.714,3.819,3.950,4.016,4.744,5.597,8.085,5560.680,7595.093,8570.414,10997.694,14507.898,23201.342,22427.587,66039.755,146449.938,576259.500,0.003,0.005,0.007,0.012,0.015,0.014,0.017,0.019,0.020,0.024,0.049,0.058,0.061,0.069,0.079,0.091,0.098,0.162,0.232,0.420
563.000,0.254,0.295,0.313,0.354,0.406,0.471,0.504,0.865,1.287,2.518,3.508,3.591,3.627,3.709,3.813,3.943,4.009,4.730,5.574,8.037,5563.636,7595.361,8570.162,10997.702,14508.376,23201.527,22428.692,66023.452,146466.693,576250.250,0.003,0.005,0.007,0.012,0.015,0.014,0.017,0.019,0.020,0.023,0.050,0.058,0.062,0.070,0.080,0.091,0.098,0.163,0.235,0.425
564.000,0.251,0.292,0.310,0.351,0.402,0.466,0.499,0.856,1.273,2.489,3.503,3.585,3.620,3.701,3.804,3.933,3.998,4.712,5.545,7.979,5637.521,7685.259,8671.511,11126.802,14679.666,23469.668,22692.449,66787.634,148206.078,582821.125,0.003,0.005,0.007,0.012,0.014,0.014,0.016,0.018,0.020,0.023,0.051,0.059,0.063,0.071,0.082,0.093,0.101,0.167,0.240,0.436
565.000,0.248,0.289,0.306,0.346,0.397,0.460,0.493,0.846,1.256,2.457,3.496,3.577,3.612,3.692,3.794,3.921,3.986,4.691,5.512,7.914,5647.283,7692.422,8680.077,11137.573,14692.910,23492.354,22716.966,66838.836,148311.596,583361.125,0.003,0.005,0.007,0.011,0.014,0.013,0.016,0.018,0.019,0.023,0.052,0.060,0.064,0.072,0.083,0.095,0.102,0.169,0.244,0.443
566.000,0.244,0.284,0.302,0.341,0.391,0.454,0.486,0.834,1.238,2.422,3.488,3.568,3.603,3.682,3.783,3.908,3.972,4.668,5.476,7.844,5650.681,7692.681,8680.310,11137.570,14692.968,23492.266,22714.967,66821.918,148419.970,583348.938,0.003,0.005,0.007,0.011,0.014,0.013,0.016,0.018,0.019,0.022,0.052,0.061,0.065,0.073,0.084,0.096,0.104,0.172,0.248,0.451
567.000,0.240,0.279,0.297,0.336,0.385,0.447,0.479,0.822,1.219,2.385,3.480,3.559,3.593,3.671,3.770,3.893,3.957,4.643,5.438,7.771,5666.014,7707.663,8697.101,11159.085,14721.522,23537.166,22761.941,66957.367,148568.630,584414.688,0.003,0.005,0.007,0.011,0.014,0.013,0.016,0.018,0.019,0.022,0.054,0.062,0.066,0.075,0.086,0.098,0.106,0.175,0.253,0.460
568.000,0.235,0.274,0.291,0.329,0.378,0.439,0.471,0.808,1.198,2.346,3.470,3.548,3.582,3.659,3.757,3.878,3.941,4.616,5.396,7.693,5667.060,7707.687,8696.831,11159.084,14722.521,23537.217,22760.689,66960.741,148580.666,584401.812,0.002,0.005,0.007,0.011,0.013,0.013,0.015,0.017,0.018,0.021,0.055,0.064,0.068,0.076,0.087,0.100,0.107,0.178,0.258,0.469
569.000,0.230,0.268,0.285,0.323,0.371,0.430,0.462,0.793,1.176,2.304,3.460,3.536,3.570,3.645,3.742,3.861,3.923,4.586,5.351,7.609,5766.861,7849.180,8856.190,11363.499,14992.542,23965.367,23176.899,68189.610,151258.041,595102.438,0.002,0.004,0.006,0.010,0.013,0.012,0.015,0.017,0.018,0.020,0.057,0.066,0.070,0.079,0.091,0.104,0.112,0.185,0.268,0.488
57.000,0.173,0.208,0.222,0.253,0.292,0.339,0.365,0.629,0.931,1.823,0.346,0.417,0.444,0.506,0.584,0.678,0.730,1.258,1.862,3.645,933.594,1334.592,1508.269,1934.948,2552.082,4093.440,3948.893,11708.926,26001.924,104774.711,0.005,0.009,0.012,0.020,0.025,0.024,0.028,0.031,0.033,0.039,0.030,0.035,0.037,0.042,0.047,0.054,0.058,0.094,0.132,0.230
570.000,0.224,0.261,0.278,0.315,0.362,0.421,0.451,0.776,1.150,2.257,3.448,3.523,3.556,3.630,3.725,3.841,3.903,4.551,5.300,7.515,5768.212,7848.771,8856.523,11363.499,14992.206,23965.305,23176.595,68197.948,151220.143,595089.812,0.002,0.004,0.006,0.010,0.013,0.012,0.014,0.016,0.017,0.020,0.059,0.068,0.072,0.081,0.093,0.106,0.114,0.190,0.274,0.500
571.000,0.235,0.272,0.288,0.324,0.371,0.428,0.458,0.775,1.140,2.225,3.470,3.543,3.575,3.649,3.741,3.855,3.916,4.550,5.280,7.449,5769.656,7849.147,8856.456,11363.518,14991.869,23965.174,23176.281,68204.450,151219.464,595077.500,0.002,0.004,0.006,0.010,0.013,0.012,0.015,0.017,0.018,0.021,0.056,0.065,0.070,0.079,0.091,0.105,0.113,0.190,0.277,0.509
572.000,0.229,0.265,0.281,0.317,0.362,0.418,0.447,0.756,1.112,2.172,3.458,3.530,3.562,3.634,3.724,3.835,3.895,4.511,5.223,7.343,5771.117,7848.916,8856.583,11363.502,14991.675,23965.139,23174.824,68203.584,151115.767,595065.875,0.002,0.004,0.006,0.010,0.013,0.012,0.014,0.016,0.017,0.020,0.057,0.067,0.071,0.081,0.093,0.107,0.115,0.195,0.285,0.524
573.000,0.223,0.258,0.274,0.308,0.353,0.407,0.436,0.734,1.080,2.114,3.446,3.516,3.547,3.617,3.705,3.813,3.872,4.469,5.160,7.228,5797.781,7886.092,8898.515,11417.305,15062.342,24080.555,23286.314,68549.728,151861.472,597788.938,0.002,0.004,0.006,0.010,0.012,0.012,0.014,0.016,0.017,0.020,0.059,0.069,0.074,0.084,0.096,0.111,0.119,0.202,0.295,0.543
574.000,0.216,0.251,0.266,0.300,0.343,0.395,0.423,0.712,1.047,2.054,3.433,3.502,3.532,3.600,3.686,3.790,3.847,4.424,5.094,7.108,5804.619,7893.754,8906.655,11428.059,15076.558,24103.303,23308.563,68631.933,151971.611,598331.562,0.002,0.004,0.006,0.009,0.012,0.011,0.014,0.015,0.016,0.019,0.061,0.071,0.076,0.086,0.099,0.114,0.123,0.209,0.306,0.562
575.000,0.209,0.242,0.257,0.290,0.331,0.381,0.408,0.686,1.009,1.986,3.418,3.485,3.514,3.580,3.662,3.762,3.817,4.372,5.017,6.971,5803.397,7894.074,8906.464,11428.058,15076.478,24103.268,23307.749,68607.825,151959.776,598325.000,0.002,0.004,0.005,0.009,0.011,0.011,0.013,0.015,0.016,0.018,0.063,0.074,0.079,0.089,0.102,0.119,0.128,0.218,0.318,0.585
576.000,0.201,0.233,0.247,0.279,0.318,0.366,0.391,0.657,0.967,1.911,3.402,3.466,3.494,3.557,3.636,3.731,3.783,4.314,4.934,6.823,5802.171,7893.862,8906.544,11428.047,15076.953,24103.270,23308.424,68597.844,151977.526,598321.125,0.001,0.002,0.004,0.006,0.008,0.007,0.009,0.010,0.011,0.012,0.066,0.077,0.082,0.093,0.107,0.124,0.133,0.228,0.334,0.612
577.000,0.007,0.009,0.010,0.012,0.014,0.017,0.018,0.035,0.056,0.122,0.215,0.219,0.220,0.224,0.228,0.234,0.236,0.270,0.311,0.444,3.293,4.923,5.576,7.147,9.429,15.126,14.591,43.312,96.369,391.132,0.010,0.015,0.019,0.027,0.032,0.031,0.035,0.038,0.040,0.047,0.025,0.029,0.030,0.033,0.037,0.040,0.043,0.062,0.079,0.116
578.000,0.040,0.048,0.051,0.058,0.066,0.075,0.081,0.131,0.185,0.323,0.280,0.297,0.302,0.315,0.332,0.350,0.361,0.463,0.569,0.846,3.360,4.929,5.576,7.149,9.431,15.128,14.591,43.309,96.386,389.392,0.043,0.074,0.100,0.155,0.185,0.178,0.208,0.231,0.243,0.286,0.004,0.005,0.005,0.006,0.006,0.007,0.007,0.012,0.016,0.027
579.000,0.011,0.014,0.015,0.017,0.020,0.024,0.026,0.050,0.079,0.167,0.222,0.227,0.230,0.234,0.240,0.249,0.252,0.300,0.357,0.535,8.255,12.315,13.939,17.870,23.575,37.823,36.482,108.270,240.998,977.091,0.006,0.009,0.012,0.016,0.019,0.018,0.021,0.023,0.024,0.028,0.042,0.049,0.051,0.056,0.062,0.067,0.071,0.101,0.128,0.185
58.000,0.166,0.200,0.213,0.243,0.280,0.325,0.350,0.603,0.894,1.757,0.332,0.400,0.426,0.486,0.561,0.651,0.701,1.206,1.788,3.513,941.209,1342.064,1516.633,1945.886,2566.205,4115.677,3970.887,11774.201,26151.475,105354.398,0.005,0.008,0.012,0.019,0.023,0.022,0.026,0.030,0.031,0.037,0.032,0.037,0.039,0.044,0.050,0.056,0.061,0.099,0.139,0.242
580.000,0.016,0.020,0.022,0.026,0.030,0.037,0.040,0.077,0.125,0.302,0.232,0.241,0.244,0.251,0.261,0.274,0.279,0.354,0.451,0.804,8.273,12.315,13.939,17.869,23.575,37.823,36.479,108.181,241.038,975.277,0.007,0.010,0.011,0.015,0.017,0.017,0.019,0.020,0.021,0.024,0.028,0.032,0.033,0.036,0.039,0.042,0.045,0.059,0.069,0.092
581.000,0.026,0.032,0.034,0.038,0.044,0.050,0.054,0.090,0.128,0.231,0.252,0.263,0.267,0.276,0.287,0.300,0.308,0.379,0.456,0.662,1.656,2.462,2.788,3.573,4.715,7.563,7.295,21.650,48.193,195.443,0.014,0.024,0.033,0.051,0.061,0.059,0.069,0.077,0.081,0.096,0.003,0.004,0.004,0.005,0.005,0.006,0.006,0.010,0.013,0.023
582.000,0.014,0.018,0.020,0.023,0.027,0.032,0.035,0.065,0.101,0.210,0.228,0.236,0.239,0.245,0.253,0.264,0.269,0.330,0.403,0.619,4.903,7.383,8.363,10.718,14.140,22.698,21.884,64.926,144.600,588.067,0.015,0.021,0.026,0.037,0.043,0.041,0.047,0.051,0.053,0.062,0.019,0.022,0.023,0.025,0.027,0.029,0.031,0.044,0.055,0.080
583.000,0.011,0.014,0.015,0.017,0.020,0.024,0.026,0.049,0.078,0.165,0.221,0.227,0.229,0.234,0.240,0.248,0.252,0.299,0.356,0.530,4.924,7.381,8.363,10.718,14.141,22.698,21.886,64.947,144.536,586.490,0.010,0.015,0.019,0.027,0.031,0.030,0.034,0.037,0.039,0.045,0.026,0.030,0.031,0.034,0.037,0.040,0.043,0.061,0.078,0.113
584.000,0.008,0.010,0.010,0.012,0.014,0.017,0.018,0.035,0.056,0.123,0.215,0.219,0.221,0.224,0.228,0.235,0.237,0.271,0.313,0.445,4.934,7.384,8.363,10.718,14.140,22.698,21.886,64.976,144.555,586.147,0.007,0.010,0.013,0.018,0.022,0.021,0.024,0.026,0.027,0.032,0.037,0.043,0.045,0.049,0.054,0.059,0.063,0.091,0.116,0.172
585.000,0.012,0.015,0.017,0.019,0.023,0.028,0.030,0.057,0.090,0.205,0.224,0.231,0.233,0.239,0.246,0.255,0.259,0.313,0.380,0.611,4.938,7.382,8.363,10.718,14.141,22.700,21.883,64.920,144.684,587.551,0.013,0.018,0.022,0.031,0.036,0.035,0.039,0.043,0.045,0.052,0.022,0.026,0.027,0.030,0.032,0.035,0.037,0.052,0.064,0.087
586.000,0.039,0.048,0.052,0.061,0.072,0.087,0.093,0.178,0.284,0.619,1.078,1.097,1.104,1.121,1.143,1.174,1.186,1.355,1.567,2.238,372.807,537.255,607.271,779.083,1027.636,1647.612,1590.201,4712.384,10474.735,42254.320,0.002,0.003,0.004,0.006,0.007,0.007,0.008,0.009,0.009,0.011,0.107,0.123,0.129,0.141,0.156,0.170,0.182,0.262,0.335,0.490
587.000,0.040,0.050,0.054,0.063,0.075,0.091,0.097,0.189,0.306,0.687,1.080,1.100,1.108,1.126,1.149,1.183,1.195,1.378,1.611,2.375,373.180,537.295,607.271,779.055,1027.626,1647.615,1590.063,4712.739,10476.426,42254.008,0.003,0.004,0.005,0.007,0.008,0.008,0.009,0.009,0.010,0.011,0.104,0.118,0.124,0.135,0.149,0.161,0.173,0.244,0.305,0.424
588.000,0.153,0.181,0.192,0.216,0.246,0.280,0.301,0.492,0.701,1.319,1.305,1.363,1.384,1.432,1.492,1.559,1.602,1.984,2.402,3.638,373.892,537.240,607.271,779.099,1027.599,1647.609,1590.116,4713.611,10476.675,42251.578,0.007,0.011,0.016,0.025,0.030,0.029,0.034,0.038,0.040,0.047,0.025,0.029,0.031,0.034,0.039,0.044,0.047,0.075,0.102,0.161
589.000,0.131,0.156,0.165,0.185,0.210,0.239,0.256,0.418,0.602,1.198,1.263,1.311,1.329,1.369,1.420,1.478,1.512,1.837,2.203,3.397,373.862,537.309,607.272,779.104,1027.605,1647.615,1590.086,4714.062,10475.456,42251.074,0.002,0.004,0.005,0.008,0.010,0.009,0.011,0.012,0.013,0.016,0.029,0.035,0.037,0.041,0.047,0.053,0.057,0.092,0.126,0.187
59.000,0.173,0.206,0.218,0.247,0.282,0.325,0.349,0.589,0.867,1.697,0.346,0.411,0.437,0.494,0.565,0.651,0.698,1.179,1.734,3.394,943.914,1341.821,1516.633,1945.941,2566.219,4115.697,3970.781,11775.692,26162.941,105356.695,0.005,0.008,0.011,0.019,0.024,0.023,0.027,0.030,0.032,0.038,0.030,0.036,0.038,0.043,0.049,0.056,0.061,0.101,0.144,0.253
590.000,0.088,0.105,0.111,0.124,0.140,0.157,0.169,0.265,0.363,0.614,0.376,0.411,0.423,0.449,0.481,0.514,0.538,0.729,0.925,1.427,16.060,23.978,27.147,34.795,45.905,73.663,71.038,210.834,469.500,1903.929,0.026,0.043,0.058,0.088,0.104,0.100,0.116,0.128,0.134,0.158,0.007,0.009,0.009,0.010,0.011,0.012,0.013,0.020,0.027,0.044
591.000,0.035,0.044,0.047,0.054,0.064,0.075,0.081,0.146,0.219,0.418,0.269,0.287,0.294,0.309,0.327,0.350,0.363,0.492,0.637,1.036,20.822,31.067,35.174,45.082,59.476,95.464,92.043,273.178,608.067,2465.005,0.010,0.015,0.019,0.025,0.028,0.027,0.031,0.033,0.034,0.039,0.030,0.034,0.035,0.038,0.041,0.044,0.047,0.063,0.077,0.111
592.000,0.023,0.029,0.031,0.036,0.042,0.050,0.054,0.100,0.153,0.304,0.245,0.257,0.262,0.271,0.284,0.300,0.308,0.399,0.505,0.807,20.876,31.061,35.174,45.083,59.476,95.464,92.046,272.963,607.975,2462.534,0.006,0.009,0.011,0.015,0.017,0.017,0.019,0.020,0.021,0.024,0.048,0.055,0.058,0.062,0.068,0.073,0.078,0.106,0.131,0.187
593.000,0.021,0.027,0.029,0.033,0.039,0.047,0.050,0.093,0.144,0.288,0.242,0.253,0.257,0.266,0.278,0.294,0.301,0.387,0.487,0.776,25.797,38.449,43.537,55.803,73.623,118.164,113.931,337.941,753.072,3048.936,0.005,0.007,0.008,0.011,0.013,0.012,0.014,0.015,0.016,0.018,0.065,0.074,0.077,0.084,0.092,0.098,0.105,0.143,0.177,0.252
594.000,0.026,0.033,0.035,0.041,0.048,0.057,0.062,0.114,0.173,0.341,0.252,0.266,0.271,0.282,0.296,0.315,0.324,0.427,0.546,0.882,25.860,38.447,43.537,55.806,73.619,118.163,113.929,337.854,752.696,3048.490,0.006,0.009,0.011,0.014,0.016,0.016,0.018,0.019,0.020,0.023,0.051,0.058,0.061,0.066,0.072,0.076,0.082,0.110,0.136,0.192
595.000,0.031,0.039,0.042,0.049,0.057,0.068,0.073,0.133,0.201,0.392,0.262,0.278,0.284,0.298,0.315,0.336,0.347,0.466,0.602,0.984,32.915,49.022,55.514,71.150,93.878,150.645,145.278,430.798,959.563,3885.157,0.006,0.008,0.010,0.014,0.016,0.015,0.017,0.018,0.019,0.022,0.053,0.061,0.063,0.068,0.074,0.079,0.084,0.113,0.138,0.195
596.000,0.045,0.056,0.060,0.070,0.081,0.096,0.104,0.183,0.272,0.518,0.290,0.313,0.321,0.339,0.363,0.391,0.407,0.567,0.744,1.236,33.033,49.023,55.514,71.160,93.877,150.645,145.265,430.904,959.989,3885.544,0.010,0.013,0.016,0.022,0.024,0.024,0.026,0.028,0.029,0.033,0.035,0.039,0.041,0.044,0.048,0.051,0.054,0.071,0.087,0.122
597.000,0.046,0.058,0.062,0.072,0.084,0.099,0.107,0.192,0.287,0.553,0.292,0.316,0.324,0.344,0.368,0.398,0.415,0.584,0.774,1.307,38.033,56.416,63.877,81.885,108.032,173.346,167.181,495.962,1104.576,4464.689,0.009,0.013,0.015,0.020,0.022,0.021,0.024,0.026,0.026,0.030,0.039,0.044,0.046,0.049,0.053,0.056,0.059,0.077,0.092,0.125
598.000,0.125,0.150,0.158,0.177,0.201,0.225,0.243,0.385,0.530,0.893,0.450,0.499,0.517,0.555,0.601,0.651,0.686,0.970,1.260,1.987,38.318,56.435,63.877,81.894,108.034,173.347,167.176,495.870,1104.703,4462.424,0.022,0.035,0.045,0.064,0.074,0.072,0.082,0.089,0.093,0.106,0.011,0.013,0.013,0.014,0.016,0.017,0.018,0.026,0.033,0.053
599.000,0.092,0.113,0.121,0.138,0.159,0.182,0.198,0.330,0.465,0.797,0.384,0.427,0.442,0.476,0.519,0.565,0.597,0.860,1.130,1.794,38.429,56.434,63.877,81.889,108.039,173.350,167.180,495.943,1104.760,4463.113,0.013,0.021,0.026,0.035,0.040,0.038,0.043,0.046,0.047,0.052,0.017,0.018,0.019,0.020,0.022,0.023,0.025,0.033,0.042,0.065
6.000,0.024,0.030,0.033,0.038,0.044,0.053,0.057,0.105,0.161,0.320,0.248,0.261,0.265,0.276,0.289,0.306,0.315,0.411,0.522,0.839,39.112,58.795,66.600,85.352,112.607,180.780,174.259,517.218,1151.491,4673.403,0.004,0.005,0.006,0.008,0.010,0.009,0.011,0.011,0.012,0.014,0.085,0.098,0.102,0.110,0.120,0.129,0.137,0.187,0.230,0.327
60.000,0.166,0.196,0.208,0.235,0.268,0.308,0.330,0.555,0.816,1.607,0.331,0.393,0.416,0.469,0.536,0.616,0.660,1.110,1.632,3.214,960.520,1364.139,1541.723,1978.129,2608.721,4183.188,4036.981,11970.753,26605.091,107086.961,0.004,0.007,0.011,0.018,0.022,0.021,0.025,0.028,0.030,0.036,0.032,0.039,0.041,0.046,0.053,0.061,0.066,0.110,0.157,0.276
600.000,0.087,0.104,0.110,0.123,0.139,0.155,0.168,0.263,0.359,0.601,0.373,0.408,0.420,0.446,0.478,0.511,0.535,0.726,0.919,1.401,12.634,18.789,21.274,27.271,35.977,57.716,55.674,165.124,367.964,1491.054,0.032,0.055,0.074,0.111,0.131,0.126,0.145,0.160,0.168,0.196,0.006,0.007,0.007,0.008,0.009,0.010,0.010,0.016,0.021,0.036
601.000,0.013,0.016,0.017,0.020,0.024,0.029,0.031,0.058,0.092,0.194,0.225,0.232,0.235,0.240,0.247,0.257,0.262,0.317,0.384,0.587,12.658,18.788,21.274,27.270,35.976,57.716,55.670,165.077,367.684,1489.983,0.004,0.006,0.008,0.011,0.013,0.012,0.014,0.015,0.016,0.018,0.055,0.063,0.066,0.072,0.079,0.085,0.091,0.128,0.160,0.228
602.000,0.114,0.136,0.144,0.160,0.180,0.200,0.216,0.331,0.447,0.738,0.428,0.473,0.488,0.520,0.560,0.600,0.631,0.863,1.095,1.675,24.716,36.925,41.817,53.597,70.708,113.469,109.434,324.814,722.766,2934.195,0.024,0.040,0.054,0.082,0.097,0.093,0.108,0.118,0.124,0.145,0.008,0.009,0.010,0.011,0.012,0.013,0.014,0.021,0.029,0.049
603.000,0.026,0.033,0.036,0.041,0.049,0.058,0.062,0.114,0.174,0.343,0.252,0.266,0.271,0.283,0.297,0.316,0.325,0.429,0.548,0.887,24.780,36.930,41.817,53.598,70.705,113.470,109.427,324.746,722.802,2931.159,0.006,0.009,0.011,0.015,0.017,0.017,0.019,0.020,0.021,0.024,0.049,0.056,0.058,0.063,0.068,0.073,0.078,0.105,0.129,0.183
604.000,0.034,0.042,0.046,0.053,0.062,0.073,0.079,0.143,0.216,0.422,0.267,0.285,0.291,0.305,0.324,0.346,0.358,0.486,0.631,1.044,24.856,36.921,41.817,53.599,70.710,113.469,109.422,324.516,723.030,2928.085,0.005,0.007,0.008,0.011,0.013,0.012,0.014,0.015,0.015,0.017,0.037,0.042,0.043,0.047,0.051,0.054,0.058,0.077,0.094,0.130
605.000,0.039,0.049,0.053,0.061,0.071,0.084,0.091,0.162,0.242,0.460,0.277,0.298,0.306,0.322,0.343,0.368,0.382,0.525,0.683,1.120,29.336,44.290,50.180,64.309,84.841,136.143,131.300,389.400,868.509,3539.796,0.009,0.012,0.015,0.020,0.023,0.022,0.025,0.027,0.028,0.031,0.037,0.042,0.044,0.047,0.051,0.054,0.058,0.077,0.095,0.136
606.000,0.025,0.031,0.034,0.039,0.046,0.055,0.059,0.109,0.166,0.329,0.249,0.263,0.268,0.278,0.292,0.310,0.319,0.418,0.532,0.859,29.395,44.299,50.180,64.309,84.841,136.143,131.303,389.495,868.225,3530.075,0.005,0.007,0.009,0.012,0.013,0.013,0.015,0.016,0.016,0.019,0.062,0.071,0.074,0.080,0.087,0.093,0.099,0.135,0.166,0.235
607.000,0.035,0.044,0.047,0.055,0.064,0.076,0.082,0.147,0.221,0.427,0.269,0.288,0.295,0.309,0.328,0.351,0.364,0.495,0.642,1.054,48.974,73.824,83.634,107.181,141.400,226.937,218.837,649.204,1447.536,5885.902,0.005,0.006,0.008,0.011,0.012,0.012,0.013,0.014,0.015,0.017,0.070,0.080,0.083,0.090,0.097,0.104,0.110,0.147,0.181,0.256
608.000,0.036,0.045,0.049,0.056,0.066,0.079,0.085,0.155,0.234,0.466,0.271,0.291,0.297,0.313,0.332,0.357,0.370,0.509,0.669,1.132,49.069,73.835,83.634,107.181,141.404,226.936,218.801,649.522,1446.236,5869.535,0.005,0.007,0.008,0.011,0.012,0.012,0.013,0.014,0.015,0.017,0.068,0.077,0.080,0.086,0.093,0.099,0.105,0.138,0.165,0.221
609.000,0.239,0.284,0.301,0.338,0.384,0.436,0.470,0.763,1.070,1.866,0.677,0.768,0.801,0.876,0.969,1.072,1.140,1.726,2.341,3.932,50.150,73.978,83.634,107.290,141.544,226.941,219.059,649.212,1443.674,5811.552,0.066,0.094,0.113,0.144,0.159,0.155,0.170,0.180,0.186,0.209,0.006,0.006,0.006,0.007,0.007,0.008,0.008,0.010,0.012,0.018
61.000,0.157,0.185,0.196,0.220,0.250,0.287,0.307,0.514,0.756,1.504,0.314,0.370,0.392,0.440,0.501,0.575,0.615,1.029,1.513,3.007,965.785,1372.057,1550.087,1988.816,2622.793,4205.911,4058.696,12035.302,26741.787,107663.977,0.004,0.007,0.010,0.016,0.020,0.020,0.023,0.027,0.028,0.034,0.034,0.041,0.044,0.050,0.057,0.066,0.071,0.121,0.173,0.303
610.000,0.238,0.283,0.300,0.337,0.384,0.435,0.469,0.763,1.070,1.865,0.676,0.766,0.799,0.874,0.967,1.070,1.139,1.725,2.340,3.931,55.443,81.432,91.999,118.062,155.710,249.613,240.983,713.712,1586.411,6394.680,0.044,0.063,0.075,0.095,0.105,0.102,0.112,0.119,0.123,0.229,0.004,0.007,0.007,0.008,0.008,0.008,0.009,0.011,0.014,0.019
611.000,0.011,0.014,0.015,0.018,0.021,0.026,0.028,0.056,0.092,0.222,0.222,0.229,0.231,0.236,0.243,0.253,0.256,0.311,0.383,0.644,4.897,7.382,8.363,10.718,14.140,22.698,21.884,64.918,144.588,586.645,0.016,0.018,0.022,0.029,0.034,0.033,0.037,0.040,0.042,0.048,0.024,0.028,0.029,0.032,0.035,0.037,0.040,0.053,0.063,0.074
612.000,0.224,0.267,0.284,0.320,0.366,0.416,0.449,0.734,1.032,1.804,0.648,0.735,0.768,0.840,0.931,1.031,1.098,1.668,2.264,3.808,-269.695,6.793,8.268,10.558,14.025,22.698,21.790,65.567,148.153,631.680,-615.621,0.309,0.390,0.520,0.582,0.571,0.627,0.706,1.050,510.982,-0.008,0.000,0.001,0.001,0.001,0.001,0.001,0.001,0.001,0.002
613.000,0.054,0.065,0.069,0.077,0.088,0.099,0.107,0.172,0.239,0.410,0.308,0.330,0.338,0.355,0.376,0.399,0.415,0.544,0.678,1.020,4.998,7.391,8.363,10.723,14.147,22.698,21.889,64.908,144.598,585.381,0.043,0.073,0.099,0.151,0.179,0.173,0.201,0.222,0.233,0.275,0.004,0.005,0.005,0.006,0.006,0.007,0.008,0.012,0.016,0.027
614.000,0.010,0.013,0.014,0.017,0.020,0.024,0.025,0.048,0.076,0.163,0.221,0.226,0.228,0.233,0.239,0.247,0.251,0.297,0.353,0.527,9.890,14.776,16.727,21.443,28.288,45.396,43.772,129.922,288.935,1173.219,0.005,0.007,0.009,0.013,0.015,0.015,0.017,0.018,0.019,0.022,0.053,0.061,0.064,0.070,0.077,0.083,0.089,0.126,0.159,0.230
615.000,0.117,0.140,0.148,0.164,0.185,0.206,0.222,0.341,0.460,0.757,0.435,0.480,0.495,0.528,0.569,0.611,0.643,0.882,1.121,1.715,24.872,36.936,41.817,53.607,70.717,113.470,109.434,324.542,723.060,2929.695,0.025,0.042,0.057,0.085,0.101,0.097,0.112,0.123,0.129,0.150,0.008,0.009,0.009,0.010,0.012,0.013,0.014,0.020,0.028,0.047
616.000,0.020,0.025,0.027,0.031,0.037,0.044,0.048,0.089,0.137,0.277,0.240,0.250,0.254,0.263,0.274,0.289,0.296,0.378,0.474,0.755,24.918,36.937,41.817,53.607,70.724,113.470,109.433,324.524,722.755,2927.530,0.005,0.006,0.008,0.011,0.012,0.012,0.014,0.015,0.015,0.018,0.066,0.076,0.079,0.086,0.094,0.101,0.108,0.147,0.182,0.257
617.000,0.088,0.108,0.115,0.131,0.150,0.171,0.186,0.304,0.425,0.738,0.376,0.417,0.431,0.462,0.501,0.542,0.571,0.807,1.050,1.675,39.819,59.100,66.907,85.772,113.157,181.586,175.097,519.229,1156.611,4683.465,0.015,0.023,0.029,0.041,0.047,0.045,0.051,0.054,0.056,0.064,0.018,0.021,0.021,0.023,0.025,0.027,0.028,0.040,0.051,0.079
618.000,0.042,0.053,0.057,0.066,0.077,0.091,0.098,0.176,0.262,0.504,0.284,0.306,0.314,0.331,0.354,0.381,0.396,0.551,0.725,1.208,44.805,66.488,75.270,96.492,127.302,204.259,196.982,584.241,1301.382,5266.251,0.007,0.009,0.011,0.015,0.017,0.016,0.018,0.019,0.020,0.023,0.051,0.058,0.060,0.064,0.070,0.074,0.078,0.103,0.125,0.173
619.000,0.144,0.170,0.179,0.198,0.222,0.246,0.265,0.402,0.539,0.886,0.488,0.540,0.558,0.597,0.644,0.692,0.729,1.003,1.279,1.971,45.286,66.522,75.270,96.504,127.318,204.261,196.997,584.531,1300.394,5260.242,0.018,0.031,0.041,0.062,0.074,0.071,0.082,0.090,0.094,0.110,0.011,0.012,0.013,0.014,0.016,0.017,0.019,0.028,0.038,0.064
62.000,0.138,0.162,0.171,0.192,0.218,0.251,0.267,0.447,0.662,1.351,0.276,0.324,0.343,0.384,0.437,0.501,0.535,0.894,1.323,2.702,965.954,1371.621,1550.087,1988.943,2622.720,4205.883,4058.318,12029.560,26761.310,107664.195,0.003,0.006,0.008,0.014,0.018,0.017,0.020,0.023,0.025,0.030,0.039,0.047,0.050,0.057,0.066,0.076,0.083,0.141,0.202,0.346
620.000,0.048,0.061,0.065,0.075,0.087,0.102,0.111,0.195,0.288,0.543,0.296,0.321,0.330,0.350,0.375,0.404,0.422,0.590,0.776,1.287,87.720,130.690,147.884,189.588,250.128,401.254,387.013,1147.567,2556.517,10357.717,0.004,0.005,0.007,0.009,0.010,0.010,0.011,0.012,0.012,0.014,0.085,0.096,0.100,0.107,0.116,0.123,0.131,0.173,0.211,0.298
621.000,0.052,0.066,0.071,0.082,0.095,0.111,0.120,0.211,0.310,0.583,0.305,0.332,0.342,0.363,0.390,0.422,0.441,0.622,0.820,1.366,116.750,174.431,197.461,253.134,333.968,535.846,516.728,1533.790,3412.555,13839.984,0.003,0.005,0.006,0.007,0.008,0.008,0.009,0.010,0.010,0.011,0.102,0.115,0.120,0.128,0.139,0.147,0.156,0.206,0.251,0.353
622.000,0.075,0.094,0.100,0.114,0.132,0.153,0.165,0.281,0.408,0.753,0.351,0.388,0.401,0.429,0.464,0.505,0.529,0.762,1.015,1.706,116.985,174.438,197.461,253.137,333.956,535.849,516.799,1532.622,3414.057,13828.322,0.005,0.007,0.009,0.012,0.013,0.013,0.014,0.015,0.016,0.018,0.065,0.074,0.076,0.082,0.089,0.094,0.100,0.132,0.160,0.224
623.000,0.072,0.091,0.097,0.112,0.130,0.152,0.164,0.287,0.423,0.811,0.344,0.381,0.395,0.423,0.460,0.504,0.529,0.773,1.045,1.822,131.825,196.602,222.551,285.295,376.389,603.882,582.467,1727.263,3848.129,15580.359,0.005,0.007,0.008,0.010,0.011,0.011,0.012,0.013,0.013,0.015,0.078,0.087,0.089,0.095,0.102,0.107,0.113,0.144,0.170,0.221
624.000,0.395,0.457,0.479,0.527,0.584,0.640,0.685,1.008,1.327,2.119,0.990,1.115,1.159,1.254,1.368,1.480,1.571,2.216,2.854,4.438,251.128,374.038,423.273,542.701,715.926,1148.343,1107.869,3283.961,7316.988,29641.900,0.016,0.028,0.037,0.055,0.064,0.062,0.071,0.077,0.080,0.094,0.012,0.014,0.015,0.016,0.018,0.020,0.021,0.031,0.042,0.071
625.000,0.385,0.445,0.467,0.513,0.569,0.623,0.667,0.982,1.293,2.064,0.969,1.091,1.134,1.226,1.337,1.446,1.535,2.163,2.785,4.327,258.206,381.616,431.636,553.485,730.238,1171.245,1129.993,3349.704,7458.193,30168.738,0.015,0.026,0.035,0.051,0.060,0.058,0.066,0.072,0.075,0.087,0.013,0.015,0.016,0.018,0.019,0.021,0.023,0.034,0.045,0.075
626.000,0.370,0.428,0.449,0.494,0.548,0.601,0.643,0.948,1.249,1.997,0.940,1.057,1.098,1.187,1.296,1.401,1.487,2.096,2.699,4.194,260.334,381.723,431.637,553.569,730.236,1171.238,1129.845,3348.134,7448.939,30108.859,0.015,0.024,0.032,0.048,0.056,0.054,0.062,0.068,0.071,0.081,0.014,0.016,0.017,0.019,0.021,0.023,0.024,0.036,0.048,0.080
627.000,0.355,0.411,0.431,0.474,0.526,0.577,0.618,0.911,1.201,1.919,0.910,1.022,1.062,1.148,1.252,1.354,1.436,2.022,2.602,4.038,271.949,396.561,448.364,575.108,758.519,1216.482,1173.826,3479.884,7743.316,31233.648,0.013,0.022,0.029,0.043,0.050,0.048,0.056,0.061,0.063,0.073,0.016,0.018,0.019,0.021,0.023,0.025,0.027,0.040,0.054,0.089
628.000,0.335,0.388,0.407,0.448,0.497,0.545,0.584,0.862,1.136,1.815,0.870,0.976,1.014,1.095,1.194,1.290,1.369,1.924,2.473,3.831,277.801,404.005,456.728,585.815,772.788,1239.243,1195.472,3546.108,7890.221,31830.207,0.011,0.019,0.026,0.038,0.045,0.043,0.049,0.054,0.056,0.065,0.018,0.021,0.022,0.023,0.026,0.029,0.030,0.045,0.060,0.101
629.000,0.315,0.374,0.392,0.430,0.476,0.520,0.556,0.813,1.066,1.689,0.829,0.949,0.984,1.059,1.151,1.240,1.313,1.826,2.331,3.578,253.971,403.991,456.728,585.807,772.765,1239.239,1195.713,3542.297,7887.542,31849.566,0.010,0.017,0.023,0.035,0.042,0.040,0.046,0.051,0.053,0.064,0.018,0.022,0.023,0.025,0.028,0.031,0.033,0.050,0.068,0.116
63.000,0.051,0.063,0.068,0.080,0.095,0.120,0.126,0.257,0.438,1.080,0.102,0.127,0.137,0.160,0.191,0.239,0.252,0.514,0.876,2.161,999.553,1416.477,1600.267,2053.282,2707.938,4342.085,4189.640,12425.911,27612.914,111122.852,0.002,0.004,0.004,0.006,0.007,0.007,0.008,0.009,0.009,0.010,0.113,0.128,0.134,0.146,0.161,0.174,0.187,0.264,0.330,0.471
630.000,0.075,0.100,0.107,0.123,0.142,0.164,0.178,0.302,0.436,0.798,0.351,0.401,0.415,0.445,0.484,0.528,0.556,0.804,1.072,1.796,240.450,403.986,456.728,585.807,772.788,1239.237,1195.956,3542.336,7886.925,31853.291,0.003,0.004,0.004,0.006,0.006,0.006,0.007,0.007,0.007,0.009,0.135,0.156,0.161,0.172,0.185,0.196,0.207,0.272,0.331,0.465
631.000,0.092,0.112,0.120,0.137,0.158,0.182,0.197,0.334,0.481,0.880,0.383,0.424,0.439,0.473,0.516,0.564,0.595,0.868,1.162,1.961,289.947,418.802,473.455,607.275,801.063,1284.615,1239.562,3671.524,8173.053,33011.719,0.003,0.004,0.005,0.006,0.007,0.007,0.008,0.008,0.008,0.009,0.126,0.139,0.144,0.153,0.165,0.174,0.184,0.240,0.290,0.404
632.000,0.205,0.244,0.258,0.289,0.328,0.367,0.397,0.622,0.852,1.433,0.609,0.687,0.716,0.779,0.856,0.934,0.993,1.445,1.903,3.066,290.195,418.784,473.455,607.299,801.139,1284.620,1239.411,3672.764,8170.954,33018.773,0.007,0.011,0.014,0.019,0.022,0.021,0.023,0.025,0.026,0.029,0.041,0.045,0.047,0.050,0.054,0.058,0.061,0.083,0.106,0.164
633.000,0.097,0.118,0.126,0.144,0.166,0.191,0.207,0.349,0.501,0.912,0.394,0.436,0.452,0.488,0.532,0.582,0.614,0.898,1.201,2.025,295.810,426.179,481.819,618.039,815.244,1307.257,1261.372,3738.432,8311.940,33597.270,0.003,0.004,0.005,0.007,0.007,0.007,0.008,0.009,0.009,0.010,0.120,0.132,0.136,0.145,0.156,0.165,0.174,0.227,0.275,0.385
634.000,0.148,0.178,0.190,0.215,0.245,0.279,0.302,0.491,0.689,1.209,0.496,0.557,0.580,0.629,0.691,0.757,0.803,1.182,1.578,2.619,316.370,455.845,515.272,660.997,871.914,1398.047,1349.195,3996.754,8888.423,35906.660,0.005,0.007,0.008,0.011,0.013,0.012,0.013,0.014,0.015,0.016,0.071,0.078,0.081,0.086,0.093,0.098,0.104,0.137,0.169,0.245
635.000,0.096,0.116,0.124,0.142,0.164,0.188,0.204,0.343,0.491,0.888,0.391,0.433,0.449,0.484,0.527,0.576,0.608,0.885,1.182,1.976,316.669,455.904,515.273,660.977,871.921,1398.045,1348.969,3998.061,8888.466,35908.445,0.003,0.004,0.005,0.006,0.007,0.007,0.007,0.008,0.008,0.009,0.130,0.144,0.149,0.159,0.170,0.180,0.190,0.250,0.305,0.432
636.000,0.075,0.091,0.098,0.112,0.130,0.150,0.163,0.278,0.403,0.741,0.349,0.383,0.395,0.424,0.459,0.500,0.525,0.757,1.006,1.682,316.880,455.764,515.273,660.981,871.900,1398.043,1348.946,3999.389,8895.104,35908.699,0.002,0.003,0.003,0.004,0.005,0.005,0.005,0.006,0.006,0.006,0.180,0.199,0.206,0.221,0.237,0.251,0.266,0.349,0.425,0.599
637.000,0.091,0.111,0.118,0.135,0.156,0.180,0.195,0.331,0.476,0.871,0.382,0.422,0.437,0.471,0.513,0.561,0.591,0.861,1.153,1.943,321.912,463.182,523.636,671.706,886.100,1420.436,1370.950,4064.253,9038.378,36485.207,0.003,0.004,0.004,0.006,0.006,0.006,0.007,0.007,0.007,0.008,0.142,0.156,0.161,0.172,0.185,0.195,0.206,0.269,0.326,0.454
638.000,0.147,0.177,0.188,0.213,0.243,0.276,0.298,0.485,0.680,1.195,0.493,0.554,0.576,0.625,0.686,0.752,0.797,1.170,1.560,2.590,341.939,492.838,557.090,714.654,942.698,1511.346,1458.728,4321.468,9610.098,38792.988,0.004,0.006,0.008,0.010,0.011,0.011,0.012,0.013,0.014,0.015,0.078,0.086,0.089,0.095,0.102,0.108,0.114,0.151,0.187,0.271
639.000,0.109,0.133,0.142,0.162,0.186,0.214,0.232,0.388,0.555,1.006,0.419,0.466,0.484,0.524,0.573,0.628,0.664,0.976,1.311,2.212,342.293,492.890,557.090,714.647,942.713,1511.328,1458.659,4323.791,9614.436,38792.512,0.003,0.004,0.005,0.007,0.008,0.007,0.008,0.009,0.009,0.010,0.117,0.129,0.133,0.142,0.152,0.161,0.169,0.220,0.266,0.372
64.000,0.149,0.178,0.189,0.214,0.246,0.284,0.305,0.517,0.761,1.469,0.298,0.356,0.378,0.429,0.492,0.567,0.610,1.035,1.521,2.937,1004.592,1423.646,1608.631,2064.148,2721.786,4365.033,4211.927,12477.507,27786.367,111699.773,0.004,0.007,0.009,0.016,0.019,0.018,0.022,0.025,0.026,0.031,0.038,0.045,0.047,0.053,0.061,0.069,0.075,0.124,0.178,0.323
640.000,0.201,0.242,0.257,0.290,0.330,0.370,0.402,0.634,0.861,1.410,0.603,0.684,0.714,0.779,0.860,0.940,1.004,1.467,1.921,3.019,342.534,492.819,557.090,714.661,942.707,1511.349,1458.400,4324.744,9611.245,38787.430,0.002,0.004,0.005,0.007,0.008,0.007,0.008,0.009,0.009,0.010,0.049,0.054,0.055,0.059,0.063,0.067,0.070,0.095,0.122,0.199
641.000,0.051,0.065,0.070,0.081,0.095,0.123,0.122,0.255,0.589,1.970,0.302,0.330,0.340,0.361,0.389,0.446,0.444,0.710,1.378,4.139,29.383,44.296,50.180,64.309,84.842,136.144,131.323,390.566,869.111,3415.966,0.021,0.026,0.028,0.031,0.033,0.034,0.035,0.038,0.055,0.129,0.009,0.021,0.031,0.033,0.035,0.035,0.038,0.042,0.044,0.056
642.000,0.130,0.156,0.165,0.185,0.210,0.268,0.260,0.608,1.115,2.517,0.460,0.512,0.531,0.570,0.620,0.737,0.720,1.417,2.430,5.234,29.842,44.333,50.180,64.333,84.903,136.145,131.648,389.335,853.535,3461.922,0.054,0.081,0.089,0.096,0.105,0.107,0.114,0.129,0.169,0.271,0.004,0.007,0.009,0.010,0.011,0.011,0.012,0.013,0.014,0.022
643.000,0.121,0.145,0.153,0.172,0.196,0.257,0.246,0.612,1.121,2.525,0.442,0.490,0.507,0.544,0.592,0.714,0.693,1.423,2.442,5.249,30.146,44.361,50.180,64.352,84.937,136.147,131.964,384.822,852.800,3701.032,0.054,0.078,0.083,0.088,0.095,0.099,0.103,0.127,0.173,1.157,0.001,0.007,0.009,0.011,0.012,0.012,0.013,0.014,0.015,0.022
644.000,0.118,0.139,0.146,0.163,0.186,0.252,0.239,0.626,1.138,2.543,0.436,0.477,0.492,0.526,0.571,0.703,0.677,1.452,2.476,5.286,-474.132,44.242,50.180,64.345,84.925,136.148,132.009,379.819,869.829,3972.167,-81.360,0.076,0.079,0.083,0.089,0.095,0.096,0.129,0.193,65.701,-0.003,0.006,0.009,0.012,0.013,0.013,0.014,0.015,0.015,0.023
645.000,0.064,0.083,0.091,0.110,0.139,0.214,0.211,0.630,1.145,2.551,0.327,0.366,0.381,0.420,0.478,0.628,0.622,1.459,2.489,5.301,-1157.949,43.860,50.181,64.301,84.822,136.149,131.296,378.693,899.648,4302.634,-2063.671,0.052,0.052,0.053,0.055,0.064,0.066,0.127,0.221,610.515,-0.008,0.005,0.009,0.018,0.021,0.019,0.022,0.022,0.022,0.039
646.000,0.179,0.236,0.260,0.313,0.381,0.463,0.508,0.971,1.488,2.896,0.558,0.673,0.720,0.827,0.962,1.127,1.217,2.142,3.176,5.991,-1522.541,43.377,50.181,64.265,84.689,136.150,129.906,381.257,921.699,4480.676,-634.850,0.096,0.105,0.111,0.115,0.114,0.120,0.133,0.220,70.448,-0.006,0.002,0.004,0.004,0.005,0.004,0.005,0.005,0.005,0.014
647.000,0.302,0.359,0.382,0.436,0.504,0.586,0.631,1.094,1.612,3.019,0.804,0.918,0.965,1.072,1.207,1.372,1.463,2.388,3.423,6.238,-580.406,-30.836,6.136,10.088,13.643,22.694,21.596,72.905,182.647,867.596,-27394.461,-7.779,1.318,2.091,2.431,2.290,2.652,3.965,12.392,38137.141,-0.012,-0.000,0.000,0.000,0.000,0.000,0.001,0.001,0.001,0.002
648.000,0.305,0.362,0.386,0.439,0.507,0.590,0.635,1.098,1.615,3.023,0.810,0.924,0.972,1.079,1.214,1.379,1.470,2.395,3.430,6.245,-1480.615,-135.561,-10.504,9.540,13.686,22.693,23.613,92.761,258.192,1394.771,-15869.398,-13.185,-1.392,1.655,2.260,3.307,2.686,4.766,15.788,128642.156,-0.024,-0.001,-0.000,0.000,0.000,0.000,0.001,0.001,0.002,0.003
649.000,0.309,0.366,0.389,0.443,0.511,0.593,0.639,1.101,1.619,3.026,0.817,0.932,0.979,1.086,1.222,1.387,1.477,2.403,3.438,6.253,-2391.844,-245.115,-30.424,8.907,14.043,22.692,26.299,114.349,336.414,1967.314,-11440.885,-16.022,-1.868,1.309,2.065,2.768,2.684,5.519,19.370,122577.992,-0.033,-0.003,-0.001,0.000,0.000,0.000,0.001,0.001,0.002,0.005
65.000,0.146,0.171,0.181,0.203,0.230,0.263,0.282,0.465,0.676,1.293,0.292,0.342,0.362,0.406,0.461,0.526,0.563,0.931,1.351,2.585,1026.623,1453.276,1642.084,2107.042,2778.521,4455.945,4299.656,12737.559,28361.038,114005.742,0.003,0.006,0.008,0.014,0.018,0.017,0.020,0.023,0.025,0.029,0.039,0.047,0.050,0.057,0.066,0.077,0.083,0.143,0.209,0.387
650.000,0.312,0.370,0.393,0.447,0.515,0.597,0.643,1.105,1.623,3.031,0.825,0.940,0.987,1.094,1.230,1.395,1.485,2.411,3.446,6.261,-3309.540,-357.364,-51.359,8.365,14.464,22.691,29.092,136.659,416.496,2558.874,-54049.082,-18.549,-2.320,1.045,1.875,4.962,2.687,5.964,22.047,727662.125,-0.037,-0.004,-0.001,0.000,0.001,0.000,0.001,0.002,0.003,0.006
651.000,0.316,0.374,0.397,0.451,0.519,0.601,0.647,1.110,1.627,3.035,0.832,0.948,0.995,1.102,1.238,1.403,1.493,2.419,3.454,6.270,-4227.187,-469.594,-72.952,7.938,14.930,22.690,31.935,159.095,498.285,3161.046,-22578.213,-22.177,-2.818,0.845,1.697,3.162,2.672,6.298,25.296,217449.656,-0.043,-0.005,-0.001,0.000,0.001,0.000,0.001,0.002,0.003,0.008
652.000,0.320,0.378,0.401,0.455,0.523,0.605,0.651,1.114,1.631,3.039,0.840,0.955,1.003,1.110,1.245,1.410,1.501,2.427,3.462,6.277,-4392.208,-489.799,-76.797,7.816,15.012,22.690,32.458,163.306,513.277,3269.762,-8852.523,-3.936,-0.507,0.142,0.292,0.242,0.468,1.112,4.374,4309.953,-0.036,-0.005,-0.001,0.000,0.001,0.000,0.001,0.002,0.003,0.008
653.000,0.268,0.319,0.341,0.390,0.453,0.529,0.571,0.993,1.465,2.775,0.735,0.838,0.882,0.981,1.106,1.257,1.341,2.187,3.131,5.750,25.468,37.147,41.909,53.794,71.048,113.467,109.972,322.668,711.277,2788.764,0.081,0.326,0.360,0.399,0.418,0.412,0.430,0.444,0.453,1.523,0.001,0.003,0.003,0.003,0.003,0.003,0.003,0.003,0.004,0.014
654.000,0.269,0.320,0.342,0.392,0.455,0.530,0.573,0.996,1.468,2.778,0.738,0.841,0.885,0.984,1.109,1.260,1.345,2.191,3.136,5.755,-249.273,37.186,41.935,53.809,70.849,113.464,109.103,322.656,723.989,3006.626,-124.683,0.307,0.349,0.401,0.421,0.416,0.434,0.453,0.547,16.629,-0.007,0.002,0.003,0.003,0.003,0.003,0.003,0.003,0.004,0.010
655.000,0.286,0.338,0.360,0.410,0.472,0.548,0.591,1.014,1.486,2.797,0.773,0.876,0.920,1.019,1.145,1.296,1.381,2.228,3.173,5.793,-473.589,43.817,50.200,64.234,84.465,136.143,129.979,389.023,884.413,3778.040,-314.182,0.245,0.290,0.349,0.375,0.372,0.391,0.428,0.620,153.687,-0.013,0.002,0.003,0.003,0.003,0.003,0.003,0.004,0.005,0.007
656.000,0.287,0.339,0.361,0.411,0.474,0.550,0.592,1.016,1.489,2.799,0.775,0.879,0.922,1.022,1.148,1.299,1.385,2.232,3.177,5.798,-1138.211,35.160,49.295,63.132,83.518,136.146,129.005,395.513,926.411,4082.547,-718.010,0.205,0.269,0.343,0.375,0.381,0.396,0.482,0.944,1504.167,-0.020,0.001,0.002,0.003,0.003,0.003,0.003,0.004,0.005,0.009
657.000,0.288,0.341,0.363,0.413,0.476,0.551,0.594,1.018,1.492,2.802,0.777,0.881,0.925,1.025,1.151,1.303,1.388,2.236,3.183,5.804,-1584.046,26.708,56.481,73.179,97.114,158.848,150.365,464.659,1097.184,4889.607,-457.495,0.159,0.226,0.293,0.323,0.325,0.342,0.429,0.909,385.232,-0.025,0.001,0.003,0.003,0.004,0.004,0.004,0.005,0.006,0.011
658.000,0.290,0.342,0.364,0.415,0.478,0.553,0.596,1.021,1.495,2.805,0.780,0.885,0.929,1.029,1.155,1.307,1.393,2.242,3.190,5.811,-2027.828,14.062,63.492,83.280,110.747,181.566,171.747,534.540,1266.734,5696.532,-9251.340,0.124,0.194,0.256,0.284,0.264,0.302,0.388,0.866,2305.934,-0.029,0.000,0.003,0.004,0.004,0.004,0.005,0.006,0.007,0.012
659.000,0.293,0.346,0.368,0.418,0.481,0.557,0.600,1.025,1.499,2.810,0.785,0.891,0.935,1.036,1.162,1.314,1.400,2.250,3.199,5.820,-2245.737,-3.035,62.528,82.941,110.464,181.561,171.885,538.011,1281.109,5804.622,-2348.323,-0.053,0.064,0.086,0.095,0.089,0.102,0.133,0.312,835.169,-0.027,-0.000,0.003,0.004,0.004,0.004,0.004,0.006,0.007,0.013
66.000,0.039,0.048,0.052,0.060,0.071,0.086,0.092,0.178,0.289,0.667,0.078,0.096,0.103,0.120,0.142,0.173,0.184,0.355,0.577,1.334,1026.508,1453.200,1642.084,2106.963,2778.561,4455.916,4299.720,12737.936,28371.244,114005.711,0.001,0.002,0.003,0.004,0.005,0.005,0.006,0.006,0.007,0.008,0.152,0.174,0.183,0.201,0.224,0.247,0.265,0.399,0.533,0.852
660.000,0.015,0.019,0.021,0.024,0.029,0.034,0.037,0.069,0.108,0.225,0.230,0.239,0.242,0.248,0.257,0.269,0.274,0.339,0.417,0.650,19.522,29.527,33.454,42.872,56.561,90.791,87.544,259.620,578.583,2365.571,0.004,0.006,0.007,0.010,0.012,0.011,0.013,0.014,0.014,0.017,0.070,0.081,0.084,0.092,0.101,0.109,0.116,0.161,0.201,0.288
661.000,0.047,0.060,0.064,0.074,0.087,0.105,0.113,0.209,0.324,0.660,1.094,1.119,1.129,1.149,1.175,1.210,1.225,1.419,1.648,2.321,162.257,242.566,274.771,352.134,464.572,745.411,719.051,2134.765,4750.418,19266.326,0.006,0.009,0.012,0.017,0.020,0.020,0.023,0.025,0.026,0.030,0.038,0.045,0.047,0.051,0.057,0.062,0.067,0.098,0.129,0.204
662.000,0.019,0.024,0.026,0.030,0.035,0.043,0.046,0.088,0.142,0.322,1.037,1.047,1.051,1.059,1.070,1.086,1.091,1.175,1.283,1.644,162.447,242.568,274.771,352.134,464.563,745.414,719.059,2134.425,4750.694,19259.779,0.002,0.003,0.004,0.007,0.008,0.008,0.009,0.010,0.010,0.012,0.100,0.116,0.122,0.134,0.149,0.164,0.176,0.260,0.342,0.526
663.000,0.025,0.032,0.034,0.040,0.047,0.058,0.062,0.121,0.197,0.455,1.050,1.064,1.069,1.080,1.095,1.116,1.124,1.241,1.394,1.910,167.554,249.970,283.134,362.852,478.701,768.351,740.869,2199.080,4893.308,19838.652,0.003,0.005,0.006,0.009,0.010,0.010,0.011,0.013,0.013,0.015,0.076,0.088,0.093,0.101,0.112,0.122,0.131,0.189,0.241,0.348
664.000,0.108,0.132,0.140,0.159,0.182,0.209,0.226,0.376,0.539,0.984,1.216,1.263,1.281,1.318,1.365,1.418,1.451,1.751,2.078,2.969,183.254,272.106,308.225,395.021,521.190,836.298,806.459,2392.493,5331.829,21601.268,0.009,0.016,0.022,0.034,0.041,0.040,0.047,0.052,0.055,0.065,0.018,0.021,0.022,0.025,0.028,0.032,0.034,0.054,0.075,0.129
665.000,0.110,0.131,0.139,0.155,0.175,0.199,0.213,0.345,0.489,0.888,1.220,1.262,1.277,1.310,1.351,1.398,1.426,1.690,1.979,2.777,188.733,279.571,316.588,405.759,535.326,859.085,828.578,2457.669,5475.085,22214.451,0.008,0.013,0.019,0.031,0.039,0.037,0.044,0.050,0.053,0.065,0.018,0.022,0.023,0.026,0.030,0.034,0.037,0.062,0.087,0.154
666.000,0.031,0.039,0.042,0.049,0.058,0.072,0.076,0.149,0.242,0.552,1.062,1.078,1.085,1.098,1.117,1.143,1.153,1.298,1.485,2.104,188.670,279.529,316.588,405.777,535.321,859.089,828.455,2458.242,5475.638,22231.621,0.004,0.006,0.007,0.010,0.012,0.011,0.013,0.014,0.015,0.017,0.069,0.080,0.083,0.091,0.101,0.109,0.117,0.167,0.211,0.302
667.000,0.111,0.134,0.142,0.159,0.181,0.207,0.222,0.366,0.524,0.955,1.222,1.267,1.283,1.318,1.362,1.413,1.444,1.732,2.048,2.910,229.416,338.677,383.495,491.586,648.477,1040.620,1003.587,2976.985,6629.892,26882.020,0.007,0.012,0.017,0.027,0.033,0.032,0.038,0.042,0.045,0.054,0.022,0.026,0.028,0.031,0.035,0.040,0.043,0.069,0.097,0.167
668.000,0.043,0.054,0.059,0.068,0.079,0.094,0.102,0.185,0.278,0.623,1.087,1.109,1.117,1.135,1.159,1.189,1.204,1.370,1.556,2.246,229.786,338.669,383.495,491.535,648.495,1040.615,1003.460,2978.271,6629.705,26881.436,0.004,0.005,0.007,0.011,0.013,0.013,0.015,0.016,0.017,0.020,0.059,0.069,0.072,0.079,0.088,0.097,0.104,0.158,0.217,0.314
669.000,0.030,0.037,0.040,0.047,0.056,0.070,0.074,0.151,0.261,0.782,1.059,1.075,1.081,1.094,1.112,1.141,1.148,1.301,1.522,2.563,234.963,346.069,391.858,502.291,662.671,1063.151,1025.453,3042.923,6776.399,27395.428,0.004,0.005,0.006,0.008,0.009,0.009,0.010,0.011,0.011,0.013,0.090,0.103,0.108,0.118,0.130,0.139,0.150,0.204,0.238,0.285
67.000,0.031,0.038,0.041,0.048,0.057,0.070,0.074,0.145,0.238,0.574,0.062,0.077,0.083,0.096,0.114,0.139,0.148,0.289,0.476,1.148,1032.068,1460.609,1650.448,2117.772,2792.754,4478.581,4321.924,12802.627,28513.675,114582.172,0.001,0.002,0.002,0.003,0.004,0.004,0.005,0.005,0.005,0.006,0.192,0.220,0.230,0.253,0.282,0.310,0.333,0.497,0.657,1.015
670.000,0.080,0.112,0.127,0.164,0.219,0.303,0.335,0.790,1.301,2.697,1.160,1.224,1.253,1.328,1.438,1.606,1.671,2.579,3.602,6.394,240.809,353.753,400.234,513.292,677.258,1085.908,1048.420,3107.841,6903.205,27809.615,0.011,0.033,0.035,0.037,0.039,0.040,0.043,0.047,0.050,0.067,0.017,0.023,0.024,0.027,0.030,0.029,0.031,0.033,0.035,0.110
671.000,0.315,0.372,0.396,0.449,0.516,0.598,0.644,1.104,1.616,3.013,1.629,1.744,1.791,1.898,2.033,2.197,2.287,3.207,4.233,7.026,243.036,354.216,400.290,513.737,677.668,1085.924,1049.468,3105.314,6882.156,27662.877,0.018,0.060,0.074,0.101,0.116,0.112,0.127,0.138,0.145,0.170,0.007,0.008,0.008,0.009,0.010,0.011,0.012,0.016,0.019,0.064
672.000,0.322,0.379,0.403,0.456,0.523,0.605,0.650,1.110,1.623,3.020,1.643,1.758,1.805,1.912,2.046,2.210,2.300,3.220,4.246,7.040,244.249,354.379,400.328,513.971,677.852,1085.930,1049.637,3103.987,6882.921,27584.525,0.008,0.027,0.033,0.045,0.051,0.050,0.057,0.062,0.065,0.076,0.007,0.008,0.008,0.009,0.010,0.011,0.011,0.016,0.019,0.065
673.000,0.046,0.057,0.061,0.071,0.082,0.102,0.105,0.197,0.374,1.678,0.292,0.315,0.323,0.341,0.365,0.404,0.410,0.593,0.948,3.556,4.972,7.392,8.363,10.723,14.148,22.698,21.896,65.068,145.884,631.511,0.096,0.116,0.124,0.147,0.165,0.163,0.179,0.192,0.203,1.035,0.001,0.006,0.006,0.007,0.007,0.007,0.008,0.009,0.010,0.012
674.000,0.051,0.062,0.066,0.075,0.087,0.107,0.109,0.204,0.389,1.697,0.302,0.323,0.332,0.350,0.373,0.413,0.418,0.608,0.978,3.594,-264.627,7.364,8.363,10.720,14.138,22.699,21.864,64.594,133.154,855.605,-41.103,0.126,0.130,0.155,0.176,0.175,0.192,0.209,0.223,111.737,-0.003,0.005,0.006,0.006,0.007,0.007,0.007,0.009,0.009,0.018
675.000,0.039,0.050,0.054,0.063,0.075,0.096,0.098,0.200,0.392,1.705,0.278,0.300,0.308,0.326,0.349,0.392,0.396,0.600,0.984,3.611,24.686,36.940,41.817,53.611,70.730,113.471,109.481,325.322,729.987,2932.543,0.017,0.023,0.025,0.027,0.029,0.029,0.031,0.033,0.035,0.143,0.008,0.033,0.036,0.038,0.040,0.040,0.043,0.047,0.050,0.069
676.000,0.233,0.277,0.296,0.338,0.391,0.458,0.491,0.860,1.312,2.729,0.666,0.755,0.792,0.877,0.983,1.116,1.182,1.919,2.824,5.659,25.642,37.129,41.875,53.787,70.966,113.472,109.813,322.973,697.739,3231.205,0.052,0.260,0.280,0.309,0.327,0.323,0.340,0.353,0.361,1.530,0.001,0.003,0.003,0.003,0.004,0.004,0.004,0.004,0.004,0.023
677.000,0.250,0.294,0.313,0.355,0.408,0.475,0.508,0.877,1.330,2.748,0.699,0.788,0.826,0.910,1.017,1.150,1.217,1.955,2.860,5.696,-82.115,37.141,41.903,53.794,71.018,113.472,109.788,321.019,694.787,3368.154,-156.866,0.138,0.151,0.170,0.181,0.179,0.190,0.199,0.204,29.432,-0.000,0.003,0.003,0.003,0.003,0.003,0.004,0.004,0.004,0.026
678.000,0.101,0.126,0.134,0.152,0.175,0.200,0.217,0.356,0.500,0.873,0.402,0.452,0.468,0.505,0.550,0.599,0.633,0.912,1.200,1.946,71.582,107.918,122.258,156.680,206.703,331.763,319.887,949.124,2114.562,8616.521,0.011,0.017,0.021,0.028,0.032,0.031,0.034,0.037,0.038,0.043,0.027,0.031,0.032,0.034,0.037,0.039,0.041,0.056,0.070,0.107
679.000,0.046,0.058,0.063,0.072,0.084,0.099,0.107,0.190,0.281,0.533,0.292,0.317,0.325,0.344,0.369,0.398,0.415,0.579,0.761,1.266,76.580,115.315,130.621,167.398,220.830,354.344,341.792,1013.970,2257.982,9187.621,0.004,0.006,0.007,0.010,0.011,0.011,0.012,0.013,0.013,0.015,0.079,0.089,0.092,0.099,0.107,0.114,0.121,0.160,0.195,0.273
68.000,0.067,0.083,0.089,0.104,0.122,0.147,0.158,0.297,0.469,1.016,0.135,0.166,0.179,0.207,0.244,0.294,0.315,0.594,0.939,2.032,1105.866,1570.549,1774.147,2276.597,3002.100,4814.593,4645.316,13775.531,30609.959,123147.133,0.002,0.003,0.005,0.007,0.008,0.008,0.009,0.010,0.011,0.012,0.094,0.108,0.113,0.125,0.139,0.154,0.165,0.251,0.339,0.562
680.000,0.066,0.083,0.089,0.102,0.119,0.138,0.150,0.259,0.377,0.702,0.333,0.367,0.379,0.405,0.438,0.477,0.500,0.718,0.955,1.605,76.787,115.320,130.621,167.398,220.870,354.340,341.784,1014.061,2257.552,9163.769,0.007,0.010,0.012,0.015,0.017,0.017,0.019,0.020,0.020,0.023,0.051,0.057,0.059,0.063,0.068,0.072,0.076,0.099,0.120,0.168
681.000,0.080,0.101,0.108,0.123,0.143,0.165,0.178,0.303,0.437,0.798,0.361,0.402,0.416,0.447,0.485,0.529,0.557,0.806,1.073,1.797,151.560,228.227,258.520,331.308,437.075,701.406,676.437,2006.684,4469.121,18171.354,0.004,0.006,0.008,0.010,0.011,0.011,0.012,0.013,0.013,0.015,0.078,0.087,0.090,0.097,0.104,0.110,0.116,0.153,0.187,0.265
682.000,0.075,0.094,0.100,0.115,0.133,0.154,0.167,0.285,0.413,0.759,0.349,0.387,0.401,0.430,0.466,0.508,0.534,0.770,1.025,1.718,151.802,228.226,258.520,331.308,437.112,701.413,676.418,2007.718,4469.108,18141.766,0.004,0.006,0.007,0.009,0.010,0.010,0.011,0.012,0.012,0.014,0.086,0.096,0.100,0.107,0.115,0.122,0.128,0.169,0.206,0.290
683.000,0.080,0.100,0.107,0.123,0.142,0.164,0.178,0.301,0.434,0.792,0.360,0.401,0.415,0.446,0.484,0.528,0.555,0.803,1.069,1.785,161.812,243.007,275.247,352.744,465.418,746.657,720.274,2136.967,4757.633,19306.539,0.004,0.006,0.007,0.009,0.010,0.010,0.011,0.012,0.012,0.014,0.084,0.094,0.097,0.104,0.111,0.118,0.125,0.164,0.201,0.286
684.000,0.074,0.093,0.099,0.113,0.132,0.152,0.165,0.283,0.409,0.755,0.348,0.385,0.398,0.427,0.463,0.505,0.530,0.765,1.019,1.710,162.051,242.930,275.247,352.744,465.393,746.661,720.366,2138.305,4757.655,19294.756,0.004,0.005,0.006,0.008,0.009,0.009,0.010,0.011,0.011,0.012,0.093,0.104,0.108,0.115,0.124,0.131,0.139,0.182,0.222,0.311
685.000,0.093,0.116,0.124,0.141,0.162,0.186,0.202,0.337,0.481,0.881,0.386,0.431,0.447,0.481,0.524,0.572,0.604,0.875,1.162,1.963,172.117,257.729,291.974,374.180,493.658,792.050,764.098,2268.030,5048.155,20456.135,0.005,0.006,0.008,0.011,0.012,0.012,0.013,0.014,0.014,0.016,0.073,0.082,0.085,0.091,0.098,0.104,0.110,0.145,0.179,0.250
686.000,0.088,0.110,0.118,0.134,0.155,0.180,0.194,0.331,0.482,0.965,0.376,0.420,0.435,0.469,0.511,0.559,0.589,0.862,1.165,2.129,172.420,257.761,291.974,374.180,493.657,792.047,764.022,2266.701,5052.332,20447.850,0.005,0.007,0.008,0.010,0.011,0.011,0.012,0.013,0.013,0.015,0.079,0.088,0.091,0.097,0.104,0.110,0.116,0.150,0.178,0.221
687.000,0.152,0.187,0.199,0.225,0.257,0.296,0.316,0.526,0.817,2.070,0.504,0.573,0.597,0.649,0.714,0.792,0.831,1.252,1.834,4.340,177.663,265.129,300.337,384.899,507.824,815.061,785.823,2332.287,5189.791,20896.625,0.012,0.015,0.017,0.021,0.023,0.023,0.025,0.026,0.027,0.030,0.039,0.043,0.044,0.047,0.050,0.053,0.056,0.070,0.076,0.096
688.000,0.214,0.251,0.264,0.290,0.322,0.366,0.379,0.615,1.018,2.429,0.628,0.703,0.728,0.780,0.843,0.932,0.958,1.430,2.235,5.058,177.593,265.110,300.337,384.900,507.819,815.062,785.935,2334.033,5199.113,20834.658,0.004,0.006,0.006,0.008,0.009,0.009,0.011,0.012,0.012,0.014,0.023,0.027,0.029,0.032,0.035,0.037,0.041,0.052,0.059,0.082
689.000,0.147,0.175,0.184,0.203,0.227,0.256,0.269,0.413,0.669,2.064,0.495,0.549,0.568,0.606,0.654,0.712,0.739,1.027,1.537,4.329,49.228,73.827,83.634,107.182,141.416,226.937,218.836,649.790,1451.266,5759.861,0.027,0.036,0.040,0.058,0.069,0.066,0.076,0.084,0.089,0.104,0.011,0.013,0.014,0.015,0.017,0.018,0.020,0.029,0.032,0.043
69.000,0.034,0.042,0.046,0.053,0.063,0.078,0.082,0.162,0.268,0.651,0.068,0.085,0.091,0.106,0.126,0.155,0.165,0.323,0.535,1.302,1111.306,1577.926,1782.510,2287.423,3016.266,4836.764,4667.420,13839.302,30765.770,123726.039,0.001,0.002,0.002,0.004,0.004,0.004,0.005,0.005,0.005,0.006,0.187,0.214,0.225,0.247,0.274,0.301,0.323,0.478,0.627,0.950
690.000,0.058,0.074,0.080,0.093,0.110,0.144,0.145,0.306,0.647,2.080,0.315,0.348,0.359,0.386,0.421,0.487,0.491,0.812,1.495,4.360,49.408,73.844,83.634,107.185,141.427,226.938,218.880,650.542,1454.586,5631.671,0.016,0.021,0.022,0.023,0.025,0.025,0.026,0.027,0.039,0.087,0.013,0.030,0.043,0.045,0.047,0.047,0.050,0.052,0.056,0.072
691.000,0.347,0.410,0.435,0.494,0.568,0.657,0.707,1.201,1.748,3.221,0.895,1.019,1.071,1.189,1.337,1.513,1.615,2.601,3.696,6.642,50.412,74.189,83.746,107.527,141.874,226.938,219.582,646.657,1429.913,5641.259,0.109,0.232,0.255,0.292,0.309,0.304,0.321,0.333,0.341,0.377,0.003,0.003,0.003,0.004,0.004,0.004,0.004,0.005,0.005,0.011
692.000,0.349,0.411,0.437,0.496,0.570,0.658,0.709,1.203,1.751,3.224,0.898,1.022,1.074,1.192,1.340,1.517,1.619,2.606,3.702,6.648,56.160,81.615,92.133,118.296,156.095,249.607,241.599,711.125,1572.394,6184.771,0.034,0.073,0.080,0.092,0.097,0.096,0.101,0.105,0.107,0.118,0.003,0.004,0.004,0.004,0.004,0.004,0.004,0.005,0.005,0.012
693.000,0.180,0.213,0.228,0.260,0.301,0.351,0.378,0.653,0.966,1.885,0.560,0.627,0.655,0.720,0.803,0.901,0.957,1.505,2.132,3.970,-244.558,-27.833,-5.477,-0.205,0.131,0.000,0.779,5.767,20.010,162.518,-inf,-763.965,-84.621,-5.681,5.334,nan,19.571,279.571,881210.000,inf,-0.003,-0.001,-0.000,-0.000,0.000,0.000,0.000,0.000,0.000,0.001
694.000,0.035,0.045,0.048,0.055,0.065,0.077,0.083,0.150,0.225,0.440,0.270,0.289,0.296,0.311,0.330,0.354,0.366,0.500,0.651,1.080,53.209,80.498,91.190,116.864,154.175,247.436,238.631,707.651,1577.262,6447.250,0.004,0.006,0.007,0.010,0.011,0.011,0.012,0.013,0.014,0.015,0.076,0.086,0.089,0.096,0.104,0.111,0.118,0.157,0.191,0.266
695.000,0.146,0.175,0.185,0.205,0.231,0.257,0.276,0.424,0.575,1.059,0.493,0.550,0.569,0.611,0.661,0.713,0.752,1.048,1.351,2.318,53.736,80.501,91.190,116.866,154.187,247.436,238.634,707.992,1576.538,6386.403,0.020,0.028,0.037,0.055,0.064,0.062,0.071,0.078,0.081,0.094,0.012,0.014,0.015,0.016,0.018,0.020,0.021,0.031,0.041,0.058
696.000,0.094,0.115,0.122,0.137,0.154,0.170,0.182,0.272,0.423,0.985,0.387,0.430,0.444,0.473,0.508,0.540,0.564,0.745,1.046,2.170,54.036,80.515,91.190,116.865,154.151,247.438,238.570,708.347,1576.498,6357.418,0.014,0.017,0.018,0.029,0.035,0.034,0.039,0.043,0.045,0.051,0.023,0.026,0.027,0.030,0.033,0.037,0.040,0.064,0.069,0.081
697.000,0.041,0.054,0.058,0.070,0.085,0.120,0.120,0.308,0.592,1.396,1.083,1.107,1.117,1.139,1.171,1.239,1.240,1.617,2.183,3.793,148.915,219.595,248.596,318.689,420.448,674.514,650.546,1931.929,4295.577,17240.395,0.014,0.019,0.020,0.021,0.022,0.022,0.023,0.025,0.026,0.029,0.040,0.045,0.047,0.050,0.052,0.053,0.055,0.059,0.063,0.080
698.000,0.083,0.117,0.131,0.164,0.208,0.261,0.292,0.586,0.899,1.717,1.167,1.233,1.261,1.327,1.415,1.521,1.584,2.171,2.799,4.434,149.367,219.797,248.623,318.874,420.646,674.509,651.067,1930.767,4287.848,17178.941,0.027,0.039,0.047,0.057,0.059,0.058,0.060,0.062,0.064,0.079,0.015,0.018,0.019,0.019,0.020,0.020,0.020,0.025,0.030,0.044
699.000,0.191,0.233,0.249,0.287,0.333,0.386,0.419,0.715,1.029,1.846,1.381,1.466,1.499,1.573,1.667,1.771,1.839,2.430,3.057,4.692,155.691,227.405,257.036,329.773,434.976,697.234,673.259,1994.973,4426.893,17727.240,0.029,0.047,0.061,0.088,0.102,0.098,0.112,0.121,0.127,0.146,0.008,0.009,0.010,0.010,0.011,0.012,0.013,0.019,0.025,0.039
7.000,0.031,0.039,0.042,0.049,0.057,0.068,0.073,0.133,0.201,0.393,0.262,0.278,0.284,0.297,0.314,0.336,0.347,0.467,0.603,0.985,39.179,58.786,66.600,85.352,112.611,180.781,174.280,517.194,1151.027,4670.197,0.005,0.007,0.009,0.012,0.013,0.013,0.014,0.015,0.016,0.018,0.064,0.073,0.076,0.082,0.089,0.095,0.101,0.135,0.166,0.233
70.000,0.149,0.176,0.187,0.210,0.239,0.274,0.293,0.487,0.708,1.351,0.299,0.353,0.373,0.420,0.478,0.547,0.586,0.975,1.417,2.702,1116.961,1585.234,1790.874,2298.178,3030.364,4859.088,4689.721,13892.426,30937.819,124309.359,0.003,0.005,0.008,0.013,0.017,0.016,0.019,0.022,0.023,0.028,0.042,0.050,0.053,0.060,0.070,0.080,0.087,0.148,0.216,0.400
700.000,0.190,0.232,0.249,0.286,0.333,0.385,0.419,0.714,1.027,1.843,1.381,1.464,1.498,1.572,1.665,1.770,1.837,2.427,3.054,4.687,173.578,249.755,282.189,362.155,477.539,765.431,739.094,2187.388,4852.959,19426.883,0.027,0.043,0.056,0.080,0.093,0.089,0.102,0.110,0.115,0.131,0.009,0.010,0.011,0.011,0.013,0.014,0.014,0.021,0.027,0.043
701.000,0.188,0.230,0.247,0.284,0.330,0.382,0.416,0.711,1.024,1.839,1.376,1.460,1.493,1.567,1.661,1.765,1.832,2.421,3.047,4.678,190.087,272.078,307.370,394.515,520.261,833.376,805.155,2380.884,5280.062,21096.748,0.025,0.039,0.051,0.073,0.084,0.081,0.092,0.100,0.104,0.118,0.010,0.011,0.012,0.013,0.014,0.015,0.016,0.023,0.030,0.047
702.000,0.203,0.245,0.262,0.299,0.345,0.397,0.431,0.725,1.037,1.852,1.407,1.490,1.523,1.598,1.691,1.795,1.862,2.450,3.075,4.703,293.232,423.865,478.857,614.577,810.427,1298.553,1254.188,3711.702,8230.485,33035.422,0.016,0.026,0.034,0.049,0.057,0.055,0.063,0.069,0.072,0.083,0.014,0.016,0.017,0.018,0.020,0.022,0.024,0.035,0.045,0.073
703.000,0.203,0.244,0.261,0.298,0.344,0.396,0.430,0.722,1.033,1.843,1.406,1.489,1.522,1.596,1.688,1.792,1.859,2.444,3.066,4.687,310.915,446.132,504.028,646.857,853.022,1366.584,1320.333,3905.427,8663.596,34733.254,0.015,0.024,0.032,0.047,0.054,0.052,0.060,0.065,0.068,0.079,0.015,0.017,0.018,0.019,0.021,0.023,0.025,0.037,0.048,0.077
704.000,0.200,0.241,0.257,0.294,0.340,0.392,0.425,0.716,1.025,1.831,1.400,1.482,1.515,1.588,1.680,1.783,1.850,2.432,3.050,4.661,328.499,468.503,529.201,679.192,895.492,1434.801,1386.096,4095.991,9097.572,36429.543,0.014,0.023,0.030,0.044,0.051,0.049,0.056,0.061,0.064,0.073,0.016,0.018,0.019,0.021,0.023,0.025,0.027,0.039,0.051,0.082
705.000,0.213,0.253,0.270,0.306,0.352,0.403,0.436,0.725,1.032,1.832,1.425,1.507,1.539,1.613,1.704,1.806,1.873,2.451,3.065,4.664,328.893,468.611,529.266,679.304,895.724,1434.810,1386.116,4097.921,9083.597,36395.082,0.014,0.023,0.031,0.045,0.053,0.051,0.059,0.065,0.068,0.078,0.015,0.017,0.018,0.020,0.022,0.024,0.026,0.038,0.050,0.082
706.000,0.206,0.246,0.262,0.299,0.344,0.395,0.428,0.715,1.020,1.813,1.412,1.493,1.525,1.598,1.689,1.790,1.856,2.430,3.040,4.625,346.690,490.971,554.459,711.587,938.335,1502.662,1452.050,4291.869,9512.536,38088.664,0.013,0.022,0.029,0.042,0.049,0.048,0.055,0.060,0.063,0.072,0.016,0.019,0.019,0.021,0.024,0.026,0.028,0.041,0.054,0.087
707.000,0.199,0.238,0.254,0.290,0.335,0.386,0.419,0.703,1.005,1.790,1.397,1.476,1.509,1.581,1.671,1.772,1.837,2.406,3.010,4.580,364.269,513.299,579.646,743.854,980.914,1570.808,1517.846,4482.183,9944.666,39781.512,0.013,0.020,0.027,0.039,0.046,0.044,0.050,0.055,0.057,0.067,0.017,0.020,0.021,0.023,0.025,0.028,0.030,0.044,0.057,0.093
708.000,0.209,0.248,0.264,0.300,0.345,0.395,0.427,0.709,1.007,1.784,1.418,1.497,1.529,1.600,1.690,1.789,1.854,2.417,3.014,4.567,365.042,513.336,579.691,743.919,981.051,1570.794,1517.929,4481.749,9950.429,39744.406,0.012,0.020,0.027,0.040,0.047,0.046,0.052,0.058,0.060,0.132,0.009,0.019,0.020,0.022,0.025,0.027,0.029,0.043,0.057,0.093
709.000,0.201,0.240,0.256,0.291,0.335,0.385,0.417,0.695,0.989,1.757,1.402,1.480,1.511,1.582,1.671,1.769,1.834,2.389,2.978,4.514,215.856,528.232,596.496,765.529,1009.509,1616.379,1561.591,4610.256,10231.771,40860.715,0.012,0.019,0.026,0.038,0.044,0.043,0.049,0.054,0.056,0.243,0.005,0.021,0.022,0.024,0.026,0.029,0.031,0.046,0.060,0.098
71.000,0.034,0.042,0.045,0.052,0.062,0.076,0.081,0.157,0.257,0.615,0.068,0.084,0.090,0.105,0.124,0.152,0.161,0.314,0.514,1.230,1122.713,1592.595,1799.238,2308.928,3044.524,4882.104,4711.802,13957.809,31084.190,124886.953,0.001,0.002,0.002,0.003,0.004,0.004,0.005,0.005,0.005,0.006,0.191,0.219,0.230,0.253,0.282,0.310,0.333,0.498,0.660,1.024
710.000,0.192,0.230,0.246,0.281,0.325,0.373,0.405,0.679,0.969,1.727,1.384,1.461,1.492,1.562,1.649,1.747,1.810,2.358,2.938,4.454,-43.802,528.274,596.528,765.563,1009.492,1616.392,1561.368,4608.534,10221.090,40866.688,-1.193,0.019,0.025,0.036,0.043,0.041,0.047,0.051,0.054,0.061,-0.001,0.022,0.023,0.025,0.027,0.030,0.032,0.047,0.062,0.101
711.000,0.212,0.250,0.266,0.301,0.344,0.391,0.423,0.693,0.978,1.726,1.425,1.501,1.532,1.601,1.687,1.783,1.846,2.385,2.956,4.452,467.954,652.929,737.187,946.130,1247.611,1996.895,1929.640,5694.171,12623.339,50436.184,0.009,0.015,0.021,0.031,0.037,0.036,0.041,0.046,0.048,0.055,0.021,0.024,0.025,0.028,0.031,0.035,0.037,0.056,0.076,0.125
712.000,0.221,0.258,0.273,0.306,0.348,0.394,0.425,0.686,0.964,1.694,1.442,1.515,1.545,1.613,1.696,1.789,1.850,2.372,2.927,4.388,474.740,660.348,745.600,956.991,1261.754,2019.577,1951.619,5758.005,12768.314,51003.875,0.009,0.015,0.020,0.031,0.037,0.036,0.042,0.047,0.049,0.057,0.020,0.024,0.025,0.028,0.031,0.035,0.037,0.058,0.078,0.130
713.000,0.212,0.247,0.262,0.294,0.334,0.379,0.408,0.659,0.927,1.637,1.424,1.495,1.524,1.588,1.668,1.757,1.815,2.317,2.854,4.274,475.317,660.364,745.610,956.971,1261.873,2019.590,1951.310,5757.260,12767.592,51005.832,0.008,0.014,0.019,0.029,0.035,0.034,0.040,0.044,0.047,0.054,0.022,0.025,0.026,0.029,0.033,0.037,0.040,0.061,0.083,0.137
714.000,0.202,0.235,0.249,0.279,0.317,0.359,0.387,0.626,0.884,1.570,1.403,1.470,1.498,1.559,1.634,1.719,1.773,2.251,2.767,4.140,475.507,660.358,745.618,956.993,1261.755,2019.598,1951.668,5755.635,12771.470,51006.508,0.008,0.013,0.018,0.027,0.033,0.032,0.037,0.042,0.044,0.051,0.023,0.026,0.028,0.031,0.035,0.039,0.042,0.066,0.089,0.147
715.000,0.189,0.220,0.233,0.261,0.296,0.336,0.361,0.585,0.830,1.489,1.379,1.440,1.466,1.522,1.592,1.672,1.722,2.171,2.660,3.978,509.736,707.295,798.575,1024.994,1351.487,2163.047,2090.103,6164.632,13676.366,54572.074,0.007,0.011,0.015,0.023,0.028,0.027,0.032,0.036,0.038,0.044,0.026,0.031,0.032,0.036,0.041,0.046,0.049,0.077,0.105,0.171
716.000,0.167,0.194,0.205,0.229,0.260,0.296,0.317,0.517,0.742,1.361,1.334,1.388,1.409,1.459,1.520,1.591,1.634,2.035,2.483,3.722,510.046,707.246,798.596,1024.968,1351.486,2163.052,2090.410,6164.045,13675.056,54571.836,0.006,0.009,0.013,0.020,0.024,0.023,0.027,0.031,0.033,0.038,0.030,0.036,0.038,0.042,0.048,0.054,0.058,0.091,0.123,0.198
717.000,0.074,0.091,0.098,0.115,0.136,0.167,0.179,0.347,0.551,1.135,1.148,1.182,1.196,1.229,1.273,1.334,1.358,1.694,2.101,3.270,518.444,718.409,811.172,1041.104,1372.796,2197.003,2123.209,6261.702,13882.478,55418.879,0.004,0.006,0.007,0.010,0.011,0.011,0.012,0.013,0.014,0.015,0.076,0.084,0.088,0.095,0.103,0.110,0.117,0.156,0.189,0.266
718.000,0.197,0.229,0.242,0.270,0.306,0.344,0.370,0.590,0.822,1.422,1.394,1.458,1.484,1.541,1.611,1.689,1.741,2.181,2.644,3.844,670.483,937.939,1059.003,1359.158,1792.154,2869.080,2771.993,8179.670,18137.790,72399.148,0.005,0.008,0.011,0.018,0.022,0.021,0.025,0.028,0.030,0.035,0.033,0.039,0.041,0.046,0.052,0.059,0.064,0.101,0.141,0.244
719.000,0.045,0.055,0.060,0.069,0.082,0.100,0.107,0.206,0.330,0.733,1.091,1.111,1.119,1.139,1.164,1.200,1.214,1.411,1.660,2.467,682.781,952.877,1075.771,1380.688,1820.496,2914.589,2815.509,8307.421,18419.066,73531.383,0.002,0.002,0.003,0.004,0.005,0.005,0.005,0.006,0.006,0.007,0.168,0.189,0.198,0.216,0.238,0.258,0.276,0.390,0.488,0.673
72.000,0.035,0.044,0.047,0.055,0.066,0.081,0.086,0.172,0.291,0.753,0.071,0.088,0.095,0.110,0.131,0.163,0.172,0.344,0.581,1.506,1128.458,1600.086,1807.601,2319.616,3058.778,4904.664,4733.725,14020.998,31227.437,125463.977,0.001,0.002,0.003,0.004,0.004,0.004,0.005,0.005,0.006,0.006,0.184,0.210,0.219,0.241,0.267,0.291,0.313,0.455,0.582,0.815
720.000,0.208,0.244,0.258,0.290,0.330,0.378,0.404,0.669,0.979,1.978,1.417,1.488,1.516,1.580,1.660,1.756,1.809,2.337,2.959,4.955,683.111,952.728,1075.795,1380.725,1820.672,2914.612,2816.303,8308.218,18423.950,73501.820,0.008,0.011,0.013,0.020,0.024,0.023,0.027,0.030,0.032,0.037,0.032,0.037,0.039,0.043,0.048,0.053,0.058,0.087,0.111,0.150
721.000,0.184,0.214,0.227,0.255,0.290,0.334,0.356,0.601,0.906,1.926,1.367,1.429,1.454,1.510,1.580,1.669,1.711,2.202,2.813,4.852,683.273,952.823,1075.803,1380.724,1820.635,2914.596,2816.333,8303.832,18415.041,73465.852,0.007,0.009,0.012,0.017,0.021,0.020,0.023,0.026,0.027,0.032,0.037,0.043,0.045,0.050,0.057,0.062,0.068,0.100,0.124,0.158
722.000,0.092,0.114,0.124,0.146,0.175,0.221,0.234,0.481,0.806,1.877,1.185,1.229,1.248,1.292,1.350,1.441,1.468,1.961,2.612,4.755,689.058,960.289,1084.180,1391.510,1834.791,2936.978,2838.359,8372.714,18566.793,73989.227,0.007,0.008,0.009,0.010,0.011,0.011,0.012,0.013,0.013,0.015,0.079,0.088,0.091,0.097,0.104,0.107,0.114,0.137,0.148,0.169
723.000,0.229,0.272,0.290,0.331,0.383,0.445,0.481,0.825,1.214,2.363,1.458,1.544,1.580,1.663,1.767,1.891,1.962,2.649,3.428,5.726,701.309,975.094,1101.006,1413.145,1863.356,2981.907,2881.785,8500.295,18850.872,75012.625,0.010,0.014,0.018,0.025,0.028,0.028,0.031,0.034,0.035,0.040,0.029,0.033,0.034,0.037,0.041,0.044,0.047,0.066,0.082,0.113
724.000,0.212,0.254,0.272,0.312,0.364,0.425,0.460,0.801,1.189,2.342,1.425,1.508,1.544,1.625,1.727,1.850,1.920,2.601,3.378,5.685,720.523,997.494,1126.214,1445.550,1905.949,3051.028,2947.893,8693.731,19279.245,76639.188,0.010,0.013,0.017,0.023,0.026,0.025,0.028,0.031,0.032,0.036,0.033,0.036,0.038,0.041,0.045,0.048,0.051,0.070,0.086,0.117
725.000,0.179,0.221,0.239,0.280,0.332,0.393,0.428,0.768,1.156,2.317,1.358,1.443,1.479,1.561,1.664,1.786,1.857,2.535,3.312,5.634,720.560,997.588,1126.226,1445.547,1906.043,3051.018,2948.001,8695.738,19265.154,76571.156,0.010,0.013,0.016,0.021,0.023,0.022,0.025,0.026,0.027,0.029,0.040,0.043,0.044,0.047,0.050,0.053,0.056,0.074,0.090,0.119
726.000,0.276,0.321,0.341,0.384,0.437,0.498,0.535,0.875,1.264,2.434,1.551,1.643,1.681,1.767,1.874,1.996,2.070,2.749,3.528,5.867,736.178,1019.953,1151.417,1477.917,1948.793,3118.320,3013.753,8884.552,19706.005,78100.984,0.011,0.015,0.018,0.027,0.032,0.031,0.036,0.040,0.042,0.048,0.024,0.028,0.029,0.032,0.036,0.040,0.043,0.063,0.080,0.110
727.000,0.269,0.314,0.332,0.374,0.425,0.485,0.520,0.853,1.241,2.413,1.538,1.627,1.664,1.747,1.851,1.970,2.041,2.706,3.481,5.826,748.279,1034.774,1168.216,1499.509,1977.006,3163.479,3057.711,9015.838,19986.659,79141.367,0.010,0.014,0.018,0.026,0.031,0.030,0.034,0.038,0.040,0.046,0.025,0.029,0.031,0.034,0.038,0.042,0.045,0.066,0.084,0.112
728.000,0.259,0.302,0.320,0.360,0.410,0.468,0.501,0.827,1.212,2.389,1.519,1.604,1.640,1.720,1.819,1.936,2.003,2.653,3.424,5.778,798.783,1099.365,1241.000,1592.957,2100.172,3360.105,3247.747,9574.112,21235.319,83866.508,0.010,0.013,0.016,0.023,0.027,0.027,0.031,0.034,0.036,0.041,0.028,0.033,0.034,0.038,0.042,0.046,0.050,0.074,0.092,0.121
729.000,0.244,0.284,0.301,0.339,0.386,0.443,0.474,0.790,1.174,2.359,1.488,1.568,1.602,1.678,1.772,1.886,1.948,2.580,3.349,5.718,799.555,1099.355,1241.011,1592.976,2100.101,3360.078,3248.118,9572.235,21201.778,83841.688,0.009,0.012,0.015,0.022,0.025,0.025,0.028,0.032,0.033,0.038,0.031,0.035,0.037,0.041,0.046,0.050,0.054,0.079,0.097,0.123
73.000,0.206,0.245,0.260,0.294,0.337,0.389,0.418,0.710,1.042,2.009,0.412,0.489,0.520,0.588,0.675,0.779,0.837,1.420,2.083,4.018,1130.024,1600.144,1807.601,2319.700,3059.063,4904.661,4733.060,14024.715,31205.864,125458.609,0.005,0.008,0.012,0.020,0.024,0.023,0.027,0.031,0.032,0.038,0.030,0.036,0.038,0.043,0.049,0.055,0.060,0.098,0.138,0.242
730.000,0.222,0.259,0.275,0.310,0.355,0.410,0.438,0.744,1.130,2.327,1.443,1.518,1.550,1.620,1.709,1.821,1.875,2.488,3.260,5.655,799.815,1099.492,1241.010,1592.981,2100.204,3360.086,3248.240,9574.209,21199.100,83815.562,0.009,0.011,0.014,0.019,0.023,0.022,0.026,0.028,0.030,0.034,0.034,0.039,0.041,0.046,0.051,0.055,0.060,0.086,0.103,0.126
731.000,0.184,0.218,0.232,0.264,0.305,0.360,0.383,0.682,1.076,2.294,0.368,0.436,0.464,0.529,0.610,0.720,0.765,1.363,2.152,4.587,1004.737,1389.049,1568.030,2012.712,2653.915,4246.865,4103.655,12104.442,26876.881,105876.867,0.007,0.010,0.013,0.020,0.025,0.024,0.028,0.031,0.033,0.038,0.030,0.035,0.037,0.042,0.047,0.052,0.057,0.088,0.114,0.171
732.000,0.176,0.209,0.223,0.254,0.293,0.347,0.368,0.661,1.053,2.266,0.353,0.418,0.446,0.508,0.587,0.693,0.736,1.321,2.105,4.532,1026.455,1418.899,1601.616,2055.904,2710.684,4337.694,4191.576,12363.353,27390.066,108012.391,0.007,0.010,0.012,0.019,0.023,0.022,0.026,0.029,0.031,0.036,0.032,0.037,0.040,0.044,0.050,0.056,0.061,0.093,0.120,0.177
733.000,0.183,0.215,0.228,0.258,0.296,0.348,0.367,0.652,1.042,2.252,0.367,0.430,0.456,0.516,0.591,0.695,0.735,1.305,2.084,4.504,1033.488,1426.273,1610.049,2066.691,2724.782,4360.287,4214.243,12428.006,27519.914,108540.891,0.006,0.010,0.012,0.019,0.023,0.022,0.027,0.030,0.032,0.037,0.031,0.037,0.039,0.044,0.050,0.056,0.061,0.095,0.122,0.179
734.000,0.175,0.204,0.217,0.245,0.280,0.331,0.348,0.625,1.014,2.220,0.350,0.409,0.434,0.490,0.561,0.662,0.696,1.250,2.027,4.440,1032.594,1426.446,1610.004,2066.799,2725.009,4360.306,4214.760,12425.315,27521.244,108517.750,0.006,0.009,0.012,0.018,0.022,0.021,0.025,0.028,0.030,0.035,0.033,0.039,0.041,0.046,0.053,0.059,0.065,0.100,0.126,0.183
735.000,0.164,0.191,0.202,0.228,0.260,0.310,0.324,0.593,0.982,2.186,0.327,0.381,0.404,0.455,0.521,0.619,0.647,1.186,1.963,4.373,1079.588,1485.701,1677.224,2152.958,2838.539,4542.270,4390.027,12938.549,28651.743,112854.391,0.006,0.009,0.011,0.016,0.020,0.019,0.022,0.025,0.027,0.032,0.037,0.043,0.046,0.052,0.060,0.066,0.073,0.111,0.137,0.194
736.000,0.144,0.167,0.177,0.199,0.228,0.276,0.285,0.548,0.942,2.147,0.288,0.334,0.354,0.399,0.456,0.552,0.570,1.096,1.884,4.294,1086.190,1493.350,1685.622,2163.781,2852.921,4564.732,4412.352,13006.822,28827.097,113407.578,0.006,0.008,0.010,0.014,0.017,0.016,0.019,0.022,0.023,0.027,0.042,0.050,0.053,0.060,0.069,0.075,0.084,0.121,0.144,0.200
737.000,0.070,0.087,0.095,0.114,0.140,0.193,0.197,0.484,0.894,2.104,0.140,0.175,0.190,0.228,0.280,0.385,0.394,0.967,1.788,4.209,1110.448,1523.156,1719.301,2206.995,2909.612,4655.655,4500.266,13261.667,29396.812,115577.344,0.006,0.007,0.008,0.009,0.010,0.010,0.011,0.011,0.012,0.013,0.090,0.099,0.103,0.109,0.117,0.119,0.127,0.142,0.157,0.209
738.000,0.272,0.318,0.337,0.381,0.437,0.506,0.543,0.925,1.364,2.583,0.545,0.635,0.674,0.763,0.875,1.012,1.085,1.851,2.728,5.167,1110.996,1523.083,1719.415,2207.079,2909.850,4655.631,4499.879,13259.591,29433.076,115593.133,0.007,0.012,0.017,0.027,0.033,0.032,0.038,0.043,0.045,0.052,0.022,0.026,0.027,0.031,0.035,0.039,0.042,0.068,0.093,0.158
739.000,0.271,0.316,0.336,0.379,0.435,0.503,0.539,0.920,1.355,2.564,0.543,0.632,0.671,0.759,0.870,1.006,1.079,1.839,2.710,5.128,1151.277,1573.740,1776.466,2280.041,3006.407,4809.744,4649.687,13695.121,30382.524,119262.039,0.007,0.012,0.017,0.026,0.032,0.031,0.036,0.041,0.043,0.050,0.023,0.027,0.028,0.032,0.036,0.041,0.044,0.070,0.097,0.165
74.000,0.198,0.235,0.250,0.283,0.325,0.375,0.403,0.683,1.002,1.939,0.396,0.471,0.500,0.567,0.650,0.750,0.805,1.366,2.005,3.878,1135.269,1607.570,1815.965,2330.413,3073.132,4927.412,4754.851,14093.408,31329.171,126028.961,0.005,0.008,0.011,0.019,0.023,0.022,0.026,0.029,0.031,0.037,0.032,0.037,0.040,0.045,0.051,0.058,0.062,0.103,0.145,0.254
740.000,0.272,0.316,0.335,0.379,0.434,0.501,0.537,0.915,1.346,2.544,0.543,0.632,0.670,0.757,0.867,1.003,1.075,1.829,2.693,5.089,1158.212,1581.407,1784.955,2290.851,3020.680,4831.993,4671.640,13761.919,30542.752,119815.992,0.007,0.012,0.016,0.026,0.032,0.031,0.036,0.041,0.043,0.050,0.023,0.027,0.029,0.032,0.037,0.041,0.045,0.071,0.099,0.167
741.000,0.273,0.317,0.336,0.379,0.433,0.500,0.536,0.910,1.338,2.524,0.545,0.633,0.671,0.757,0.867,1.001,1.072,1.821,2.676,5.049,1159.513,1581.237,1785.003,2290.851,3020.528,4831.982,4670.887,13763.076,30513.039,119830.172,0.007,0.012,0.016,0.026,0.032,0.031,0.036,0.041,0.043,0.050,0.023,0.027,0.029,0.032,0.037,0.041,0.045,0.072,0.099,0.169
742.000,0.273,0.316,0.335,0.377,0.432,0.498,0.534,0.905,1.328,2.503,0.545,0.632,0.670,0.755,0.863,0.996,1.067,1.809,2.656,5.005,1256.736,1718.430,1939.533,2488.621,3282.348,5249.344,5076.309,14938.658,33133.964,129891.789,0.006,0.011,0.015,0.024,0.029,0.028,0.033,0.037,0.040,0.046,0.025,0.029,0.031,0.035,0.040,0.045,0.049,0.078,0.109,0.186
743.000,0.271,0.314,0.333,0.375,0.428,0.494,0.529,0.896,1.313,2.474,0.542,0.628,0.665,0.750,0.857,0.988,1.058,1.792,2.627,4.947,1256.459,1718.222,1939.505,2488.620,3282.465,5249.320,5075.954,14937.322,33133.600,129906.211,0.006,0.011,0.015,0.024,0.029,0.028,0.033,0.037,0.039,0.046,0.025,0.030,0.031,0.035,0.040,0.046,0.049,0.079,0.110,0.189
744.000,0.270,0.312,0.330,0.372,0.425,0.490,0.525,0.887,1.298,2.443,0.539,0.624,0.661,0.744,0.850,0.980,1.049,1.773,2.595,4.886,1275.469,1740.734,1964.859,2520.897,3325.190,5317.522,5141.547,15134.028,33580.119,131538.172,0.006,0.010,0.014,0.023,0.028,0.027,0.032,0.036,0.039,0.053,0.022,0.030,0.032,0.036,0.041,0.047,0.050,0.081,0.113,0.194
745.000,0.267,0.309,0.327,0.368,0.421,0.484,0.519,0.876,1.280,2.409,0.535,0.618,0.655,0.737,0.841,0.969,1.038,1.751,2.559,4.817,1218.005,1748.143,1973.318,2531.659,3339.435,5339.987,5164.513,15204.842,33722.328,132092.453,0.006,0.010,0.014,0.023,0.028,0.027,0.032,0.036,0.038,0.071,0.016,0.031,0.032,0.037,0.042,0.047,0.051,0.083,0.116,0.199
746.000,0.264,0.305,0.323,0.363,0.415,0.478,0.512,0.862,1.259,2.370,0.527,0.610,0.645,0.726,0.829,0.955,1.023,1.725,2.518,4.741,752.251,1748.085,1973.257,2531.657,3339.189,5339.994,5164.996,15204.287,33706.580,132108.109,0.006,0.010,0.014,0.022,0.027,0.026,0.031,0.035,0.038,0.115,0.010,0.031,0.033,0.037,0.042,0.048,0.052,0.084,0.118,0.204
747.000,0.259,0.299,0.317,0.357,0.407,0.469,0.503,0.847,1.236,2.329,0.518,0.598,0.634,0.713,0.815,0.939,1.006,1.694,2.472,4.658,420.865,1763.098,1990.161,2553.174,3367.874,5385.219,5209.003,15333.166,33993.400,133203.016,0.006,0.010,0.013,0.022,0.027,0.026,0.030,0.034,0.036,0.205,0.006,0.032,0.034,0.038,0.044,0.050,0.053,0.087,0.122,0.210
748.000,0.253,0.292,0.310,0.349,0.399,0.459,0.493,0.829,1.210,2.282,0.505,0.585,0.620,0.698,0.798,0.919,0.985,1.658,2.420,4.564,11.308,1763.029,1990.064,2553.175,3367.856,5385.210,5207.915,15331.852,34041.407,133220.469,0.005,0.009,0.013,0.021,0.026,0.025,0.030,0.034,0.036,7.642,0.000,0.033,0.035,0.039,0.045,0.051,0.055,0.089,0.125,0.216
749.000,0.246,0.285,0.302,0.340,0.389,0.449,0.481,0.810,1.181,2.233,0.492,0.570,0.604,0.681,0.779,0.897,0.963,1.620,2.363,4.465,422.315,1862.424,2102.363,2696.553,3557.953,5686.717,5502.490,16188.466,35878.743,140422.047,0.005,0.009,0.012,0.020,0.024,0.023,0.027,0.031,0.033,0.205,0.006,0.035,0.038,0.042,0.048,0.055,0.059,0.097,0.136,0.235
75.000,0.187,0.223,0.237,0.268,0.308,0.355,0.382,0.649,0.954,1.855,0.373,0.445,0.473,0.536,0.615,0.710,0.763,1.297,1.908,3.711,1216.294,1720.438,1943.123,2493.618,3288.653,5272.579,5088.078,15079.257,33525.119,134804.297,0.004,0.007,0.010,0.016,0.020,0.019,0.023,0.026,0.027,0.032,0.036,0.043,0.045,0.051,0.058,0.066,0.071,0.116,0.165,0.289
750.000,0.238,0.276,0.293,0.330,0.378,0.435,0.467,0.785,1.146,2.171,0.476,0.552,0.585,0.660,0.756,0.870,0.934,1.570,2.292,4.341,115.667,1862.377,2102.366,2696.528,3558.066,5686.761,5502.191,16196.123,35876.953,140440.516,0.005,0.008,0.012,0.019,0.023,0.022,0.027,0.030,0.032,0.749,0.002,0.037,0.039,0.044,0.050,0.057,0.061,0.100,0.142,0.244
751.000,0.230,0.268,0.284,0.320,0.367,0.422,0.453,0.760,1.110,2.108,0.461,0.535,0.568,0.641,0.733,0.843,0.906,1.521,2.221,4.215,-102.740,1869.829,2110.747,2707.294,3572.142,5709.746,5523.906,16251.131,36027.786,141000.297,-0.846,0.008,0.011,0.018,0.022,0.022,0.026,0.029,0.031,0.036,-0.001,0.038,0.040,0.045,0.052,0.059,0.064,0.104,0.148,0.255
752.000,0.222,0.258,0.274,0.309,0.353,0.406,0.436,0.731,1.067,2.032,0.443,0.516,0.547,0.617,0.706,0.812,0.872,1.461,2.135,4.065,-312.393,1869.814,2110.736,2707.297,3572.030,5709.747,5523.113,16258.279,36034.679,141021.594,-0.280,0.008,0.011,0.017,0.022,0.021,0.025,0.028,0.029,0.037,-0.004,0.040,0.042,0.047,0.054,0.062,0.066,0.109,0.155,0.268
753.000,0.213,0.248,0.263,0.297,0.339,0.389,0.417,0.698,1.021,1.950,0.426,0.496,0.526,0.593,0.677,0.778,0.834,1.396,2.042,3.901,1500.534,2041.094,2303.954,2955.162,3899.405,6232.882,6030.070,17747.430,39318.180,153900.109,0.004,0.007,0.009,0.015,0.019,0.018,0.022,0.024,0.026,0.030,0.039,0.045,0.048,0.054,0.062,0.071,0.076,0.126,0.179,0.309
754.000,0.200,0.232,0.246,0.277,0.316,0.363,0.389,0.649,0.948,1.827,0.400,0.464,0.492,0.554,0.632,0.725,0.777,1.298,1.897,3.654,1661.318,2277.389,2570.610,3297.113,4351.402,6954.614,6728.267,19795.055,43886.577,171715.938,0.003,0.005,0.008,0.013,0.016,0.015,0.018,0.020,0.022,0.025,0.046,0.054,0.057,0.065,0.074,0.085,0.092,0.153,0.217,0.375
755.000,0.175,0.203,0.215,0.241,0.275,0.315,0.337,0.561,0.821,1.615,0.350,0.406,0.429,0.483,0.550,0.630,0.674,1.122,1.643,3.230,1661.449,2277.558,2570.599,3297.136,4351.088,6954.636,6728.356,19799.363,43886.323,171721.734,0.003,0.005,0.006,0.011,0.013,0.013,0.016,0.018,0.019,0.022,0.053,0.062,0.066,0.075,0.086,0.099,0.107,0.180,0.258,0.440
756.000,0.058,0.070,0.076,0.089,0.106,0.132,0.140,0.282,0.482,1.200,0.116,0.141,0.152,0.177,0.211,0.265,0.279,0.565,0.964,2.400,1667.950,2285.026,2579.084,3307.898,4365.370,6976.964,6750.648,19861.055,44030.245,172277.859,0.002,0.002,0.003,0.004,0.005,0.005,0.005,0.006,0.006,0.007,0.165,0.186,0.194,0.212,0.234,0.253,0.272,0.382,0.474,0.642
757.000,0.209,0.245,0.260,0.295,0.338,0.390,0.419,0.709,1.038,1.960,0.418,0.489,0.520,0.589,0.676,0.780,0.838,1.417,2.076,3.919,1668.131,2284.999,2579.127,3307.876,4365.584,6977.028,6751.431,19862.188,44088.049,172284.594,0.003,0.006,0.008,0.014,0.017,0.016,0.019,0.021,0.023,0.026,0.044,0.051,0.054,0.061,0.069,0.079,0.085,0.138,0.196,0.343
758.000,0.194,0.227,0.241,0.273,0.313,0.360,0.387,0.652,0.954,1.805,0.388,0.454,0.482,0.545,0.625,0.720,0.774,1.304,1.909,3.609,1681.082,2300.187,2596.024,3329.399,4394.015,7022.134,6794.407,19987.379,44378.469,173393.859,0.003,0.005,0.008,0.012,0.015,0.015,0.017,0.020,0.021,0.024,0.048,0.056,0.059,0.066,0.076,0.086,0.093,0.153,0.218,0.385
759.000,0.185,0.214,0.226,0.254,0.288,0.329,0.353,0.583,0.844,1.588,0.370,0.427,0.452,0.507,0.577,0.659,0.706,1.165,1.689,3.176,1706.489,2329.741,2629.374,3372.070,4450.271,7112.148,6881.569,20249.666,44925.123,175585.203,0.003,0.005,0.007,0.011,0.014,0.013,0.016,0.018,0.019,0.023,0.051,0.060,0.064,0.073,0.084,0.097,0.104,0.176,0.255,0.460
76.000,0.176,0.210,0.223,0.252,0.289,0.334,0.359,0.610,0.897,1.755,0.353,0.419,0.446,0.505,0.579,0.668,0.718,1.219,1.794,3.510,1217.674,1720.409,1943.123,2493.718,3288.436,5272.605,5088.087,15083.826,33497.816,134797.297,0.004,0.007,0.009,0.015,0.019,0.018,0.022,0.024,0.026,0.030,0.038,0.045,0.048,0.054,0.062,0.070,0.076,0.125,0.177,0.310
760.000,0.048,0.058,0.063,0.073,0.086,0.106,0.112,0.218,0.357,0.837,0.096,0.116,0.125,0.146,0.172,0.211,0.225,0.436,0.715,1.673,1706.423,2329.763,2629.377,3372.038,4450.393,7112.166,6881.194,20245.853,44937.663,175588.297,0.001,0.002,0.002,0.003,0.004,0.004,0.004,0.005,0.005,0.006,0.204,0.230,0.241,0.265,0.294,0.323,0.346,0.512,0.671,1.009
761.000,0.049,0.059,0.064,0.074,0.088,0.109,0.116,0.228,0.380,0.924,0.098,0.118,0.128,0.149,0.176,0.218,0.231,0.456,0.760,1.849,1712.801,2337.162,2637.823,3382.800,4464.559,7135.700,6903.042,20310.571,45079.891,176143.656,0.001,0.002,0.002,0.003,0.004,0.004,0.004,0.005,0.005,0.006,0.201,0.226,0.237,0.260,0.288,0.314,0.337,0.490,0.630,0.900
762.000,0.172,0.200,0.212,0.239,0.273,0.316,0.338,0.576,0.863,1.718,0.345,0.400,0.424,0.478,0.547,0.633,0.676,1.153,1.725,3.436,1719.079,2344.661,2646.189,3393.436,4478.852,7157.952,6924.452,20367.705,45220.295,176697.391,0.003,0.005,0.006,0.011,0.013,0.013,0.015,0.017,0.018,0.021,0.056,0.065,0.069,0.078,0.089,0.101,0.110,0.180,0.251,0.418
763.000,0.084,0.101,0.109,0.127,0.151,0.186,0.199,0.390,0.636,1.413,0.167,0.202,0.218,0.255,0.303,0.373,0.398,0.781,1.273,2.826,1766.014,2406.850,2716.633,3483.514,4597.473,7347.199,7109.834,20919.248,46361.300,181319.469,0.002,0.003,0.004,0.006,0.007,0.007,0.008,0.008,0.009,0.010,0.120,0.135,0.141,0.154,0.170,0.185,0.198,0.284,0.365,0.551
764.000,0.115,0.138,0.147,0.170,0.198,0.235,0.252,0.454,0.695,1.426,0.231,0.275,0.295,0.339,0.396,0.469,0.505,0.909,1.390,2.851,1786.878,2436.740,2750.270,3526.592,4654.949,7437.581,7198.001,21173.219,46915.497,183566.234,0.002,0.003,0.005,0.007,0.009,0.009,0.010,0.011,0.012,0.013,0.088,0.100,0.105,0.116,0.130,0.146,0.156,0.243,0.334,0.552
765.000,0.054,0.066,0.071,0.083,0.099,0.123,0.130,0.260,0.439,1.090,0.109,0.132,0.142,0.166,0.197,0.246,0.260,0.520,0.878,2.179,1792.447,2444.222,2758.667,3537.355,4669.149,7460.360,7219.924,21236.830,47055.657,184123.406,0.002,0.002,0.003,0.004,0.004,0.004,0.005,0.005,0.005,0.006,0.189,0.212,0.222,0.243,0.268,0.291,0.313,0.446,0.562,0.772
766.000,0.217,0.254,0.270,0.305,0.350,0.403,0.433,0.730,1.068,2.023,0.434,0.508,0.539,0.610,0.699,0.806,0.866,1.461,2.136,4.045,1819.210,2481.551,2800.723,3591.132,4740.230,7575.105,7329.567,21559.958,47761.124,186932.719,0.003,0.006,0.008,0.013,0.016,0.015,0.018,0.021,0.022,0.025,0.046,0.053,0.057,0.064,0.072,0.082,0.089,0.145,0.205,0.357
767.000,0.200,0.233,0.248,0.280,0.321,0.370,0.397,0.669,0.978,1.861,0.399,0.467,0.495,0.560,0.642,0.740,0.795,1.338,1.956,3.722,1829.849,2496.474,2817.626,3612.677,4768.801,7619.912,7373.848,21690.099,48043.995,188051.766,0.003,0.005,0.007,0.012,0.015,0.014,0.017,0.019,0.020,0.023,0.051,0.059,0.062,0.070,0.080,0.091,0.098,0.161,0.229,0.401
768.000,0.190,0.219,0.232,0.260,0.296,0.338,0.362,0.597,0.865,1.646,0.380,0.439,0.464,0.521,0.592,0.676,0.724,1.194,1.730,3.293,1840.183,2511.437,2834.506,3634.215,4797.068,7664.786,7417.901,21819.356,48333.526,189171.828,0.002,0.004,0.006,0.011,0.013,0.013,0.015,0.017,0.018,0.022,0.054,0.063,0.067,0.076,0.088,0.101,0.109,0.185,0.267,0.473
769.000,0.053,0.065,0.070,0.081,0.097,0.120,0.127,0.252,0.422,1.043,0.107,0.129,0.139,0.163,0.193,0.239,0.254,0.503,0.845,2.085,1839.935,2511.510,2834.482,3634.223,4797.095,7664.767,7418.057,21819.512,48337.860,189165.547,0.001,0.002,0.002,0.004,0.004,0.004,0.005,0.005,0.005,0.006,0.198,0.222,0.232,0.255,0.282,0.307,0.330,0.474,0.602,0.837
77.000,0.159,0.190,0.202,0.228,0.262,0.303,0.325,0.553,0.816,1.615,0.318,0.379,0.403,0.457,0.524,0.606,0.650,1.107,1.632,3.231,1217.275,1720.360,1943.123,2493.859,3288.149,5272.632,5088.621,15081.446,33481.529,134790.234,0.003,0.006,0.008,0.014,0.017,0.016,0.019,0.022,0.023,0.027,0.043,0.050,0.053,0.060,0.068,0.078,0.084,0.139,0.198,0.346
770.000,0.147,0.177,0.190,0.220,0.258,0.307,0.330,0.600,0.924,1.879,0.294,0.354,0.380,0.440,0.516,0.614,0.661,1.200,1.848,3.758,1851.095,2526.463,2851.319,3655.704,4825.700,7709.791,7462.266,21953.621,48634.498,190281.781,0.003,0.005,0.006,0.010,0.011,0.011,0.013,0.014,0.015,0.016,0.071,0.079,0.083,0.092,0.102,0.113,0.121,0.185,0.249,0.401
771.000,0.179,0.208,0.220,0.248,0.283,0.326,0.348,0.590,0.882,1.769,0.359,0.416,0.440,0.495,0.566,0.653,0.697,1.180,1.763,3.538,1856.852,2534.014,2859.739,3666.440,4840.071,7732.628,7484.279,22010.506,48799.270,190835.281,0.003,0.004,0.006,0.010,0.013,0.012,0.014,0.016,0.017,0.020,0.058,0.067,0.072,0.081,0.093,0.106,0.115,0.189,0.264,0.435
772.000,0.077,0.094,0.101,0.119,0.142,0.177,0.188,0.379,0.634,1.458,0.154,0.188,0.203,0.237,0.283,0.354,0.375,0.757,1.268,2.916,1857.101,2533.917,2859.754,3666.427,4839.850,7732.679,7483.244,22000.988,48804.169,190826.312,0.002,0.003,0.004,0.005,0.006,0.006,0.007,0.007,0.008,0.008,0.137,0.153,0.160,0.174,0.192,0.207,0.222,0.309,0.386,0.558
773.000,0.184,0.216,0.229,0.260,0.298,0.344,0.369,0.625,0.916,1.749,0.368,0.432,0.459,0.519,0.596,0.687,0.739,1.249,1.831,3.499,1937.935,2653.001,2994.110,3838.679,5067.599,8095.814,7834.851,23045.894,51041.509,199884.047,0.003,0.004,0.006,0.010,0.013,0.012,0.014,0.016,0.017,0.020,0.059,0.068,0.072,0.081,0.092,0.105,0.113,0.185,0.264,0.462
774.000,0.148,0.173,0.183,0.206,0.236,0.270,0.290,0.484,0.706,1.370,0.296,0.345,0.366,0.412,0.471,0.541,0.580,0.968,1.412,2.741,1938.029,2652.978,2994.140,3838.696,5067.637,8095.820,7834.677,23044.133,51048.241,199882.578,0.000,0.000,0.000,0.000,0.000,0.000,0.000,0.000,0.000,0.000,0.073,0.086,0.091,0.103,0.118,0.136,0.146,0.247,0.357,0.632
775.000,0.059,0.075,0.080,0.092,0.107,0.125,0.135,0.235,0.343,0.643,0.318,0.349,0.360,0.384,0.414,0.449,0.470,0.669,0.887,1.486,116.048,175.589,198.908,254.911,336.294,539.745,520.515,1543.721,3439.916,14066.812,0.004,0.005,0.007,0.009,0.010,0.009,0.011,0.011,0.012,0.013,0.088,0.099,0.103,0.110,0.119,0.126,0.133,0.176,0.214,0.302
776.000,0.076,0.095,0.102,0.116,0.135,0.156,0.169,0.288,0.417,0.767,0.351,0.390,0.404,0.433,0.470,0.512,0.538,0.776,1.033,1.733,116.296,175.567,198.908,254.911,336.296,539.746,520.473,1543.537,3441.889,14025.059,0.005,0.007,0.009,0.012,0.013,0.013,0.014,0.015,0.016,0.018,0.065,0.073,0.075,0.081,0.087,0.092,0.097,0.128,0.156,0.220
777.000,0.091,0.110,0.116,0.130,0.148,0.168,0.180,0.293,0.418,0.769,1.183,1.220,1.233,1.261,1.296,1.336,1.360,1.587,1.836,2.539,131.825,197.722,223.998,287.066,378.758,607.720,586.124,1739.555,3874.417,15723.446,0.009,0.015,0.022,0.036,0.045,0.043,0.051,0.058,0.062,0.076,0.015,0.019,0.020,0.023,0.026,0.030,0.032,0.053,0.076,0.134
778.000,0.027,0.034,0.037,0.043,0.051,0.062,0.066,0.130,0.213,0.493,1.053,1.068,1.073,1.085,1.101,1.125,1.132,1.260,1.426,1.986,136.976,205.109,232.362,297.784,392.879,630.542,607.996,1804.387,4016.535,16299.795,0.005,0.006,0.008,0.012,0.014,0.013,0.015,0.016,0.017,0.020,0.059,0.068,0.071,0.078,0.086,0.093,0.100,0.143,0.181,0.258
779.000,0.096,0.118,0.126,0.143,0.164,0.188,0.203,0.341,0.491,0.896,1.192,1.236,1.251,1.285,1.328,1.376,1.407,1.682,1.981,2.792,142.787,212.533,240.725,308.520,407.026,653.133,629.930,1869.458,4163.147,16866.818,0.010,0.018,0.024,0.039,0.047,0.045,0.053,0.059,0.062,0.074,0.016,0.019,0.020,0.022,0.025,0.028,0.030,0.048,0.066,0.115
78.000,0.153,0.179,0.190,0.213,0.242,0.277,0.296,0.494,0.724,1.450,0.306,0.359,0.379,0.426,0.484,0.555,0.593,0.987,1.447,2.899,1247.877,1757.552,1984.941,2547.556,3358.975,5385.968,5198.007,15405.188,34203.289,137664.609,0.003,0.005,0.007,0.012,0.015,0.015,0.018,0.020,0.021,0.025,0.046,0.055,0.058,0.066,0.076,0.088,0.095,0.162,0.233,0.405
780.000,0.101,0.121,0.128,0.143,0.162,0.184,0.197,0.320,0.454,0.820,1.202,1.242,1.256,1.286,1.324,1.367,1.395,1.640,1.909,2.639,148.127,219.978,249.088,319.251,421.185,675.816,651.785,1932.722,4304.661,17455.350,0.009,0.015,0.022,0.036,0.045,0.043,0.051,0.058,0.062,0.075,0.015,0.019,0.020,0.023,0.026,0.030,0.032,0.053,0.076,0.136
781.000,0.019,0.025,0.027,0.031,0.037,0.044,0.047,0.091,0.147,0.336,1.039,1.049,1.053,1.062,1.073,1.089,1.095,1.183,1.295,1.671,148.119,219.973,249.088,319.242,421.195,675.818,651.830,1933.459,4307.139,17467.502,0.003,0.004,0.005,0.008,0.009,0.009,0.010,0.011,0.012,0.013,0.087,0.101,0.106,0.117,0.129,0.142,0.152,0.226,0.296,0.453
782.000,0.023,0.029,0.031,0.036,0.043,0.053,0.056,0.111,0.184,0.463,1.045,1.057,1.062,1.072,1.085,1.106,1.112,1.221,1.368,1.926,153.690,227.356,257.452,329.977,435.342,698.541,673.836,1998.484,4452.304,18050.516,0.004,0.005,0.006,0.009,0.010,0.010,0.011,0.012,0.013,0.015,0.077,0.090,0.094,0.103,0.114,0.123,0.133,0.189,0.237,0.322
783.000,0.087,0.109,0.118,0.142,0.175,0.223,0.243,0.498,0.796,1.672,1.173,1.218,1.237,1.284,1.351,1.445,1.485,1.995,2.591,4.344,153.971,227.441,257.477,330.152,435.592,698.547,674.156,1998.173,4442.539,17925.256,0.018,0.029,0.036,0.045,0.048,0.047,0.050,0.052,0.054,0.073,0.016,0.021,0.022,0.023,0.024,0.025,0.026,0.032,0.040,0.064
784.000,0.066,0.095,0.108,0.137,0.175,0.222,0.247,0.507,0.806,1.684,1.132,1.190,1.215,1.274,1.350,1.444,1.494,2.014,2.613,4.369,154.047,227.473,257.486,330.176,435.662,698.547,674.368,1996.925,4441.008,17917.736,0.002,0.004,0.005,0.007,0.007,0.007,0.007,0.007,0.008,0.011,0.015,0.021,0.023,0.024,0.025,0.026,0.026,0.032,0.040,0.090
785.000,0.013,0.017,0.018,0.021,0.025,0.030,0.033,0.062,0.097,0.206,0.227,0.234,0.237,0.243,0.250,0.261,0.265,0.324,0.395,0.612,9.774,14.762,16.727,21.436,28.280,45.396,43.771,129.812,289.358,1180.708,0.007,0.010,0.012,0.017,0.020,0.019,0.022,0.024,0.025,0.029,0.040,0.046,0.049,0.053,0.058,0.063,0.067,0.093,0.116,0.164
786.000,0.075,0.094,0.100,0.114,0.132,0.152,0.164,0.278,0.402,0.753,0.350,0.387,0.400,0.428,0.463,0.504,0.528,0.755,1.005,1.706,9.843,14.765,16.727,21.436,28.283,45.396,43.773,129.920,289.147,1172.525,0.012,0.017,0.021,0.028,0.031,0.031,0.034,0.037,0.038,0.043,0.006,0.006,0.006,0.007,0.008,0.008,0.009,0.011,0.014,0.019
787.000,0.041,0.052,0.056,0.064,0.075,0.089,0.096,0.172,0.255,0.482,0.283,0.304,0.312,0.329,0.351,0.378,0.392,0.544,0.710,1.164,24.660,37.197,42.142,54.008,71.254,114.358,110.269,327.111,729.014,2968.817,0.011,0.016,0.020,0.026,0.029,0.028,0.032,0.034,0.035,0.040,0.029,0.033,0.034,0.037,0.040,0.042,0.045,0.060,0.073,0.105
788.000,0.036,0.046,0.049,0.057,0.067,0.078,0.085,0.150,0.224,0.434,0.271,0.291,0.298,0.314,0.333,0.357,0.370,0.501,0.649,1.068,24.754,37.205,42.142,54.008,71.254,114.360,110.261,327.233,728.344,2956.783,0.009,0.013,0.016,0.022,0.025,0.024,0.027,0.029,0.030,0.035,0.034,0.039,0.040,0.043,0.047,0.050,0.053,0.072,0.089,0.125
789.000,0.035,0.044,0.047,0.054,0.064,0.076,0.082,0.149,0.228,0.462,1.069,1.088,1.094,1.109,1.127,1.151,1.163,1.298,1.457,1.925,59.481,88.877,100.686,129.037,170.244,273.193,263.444,781.483,1740.220,7063.018,0.010,0.016,0.022,0.033,0.040,0.038,0.044,0.049,0.051,0.060,0.019,0.023,0.024,0.026,0.029,0.032,0.035,0.053,0.072,0.121
79.000,0.054,0.066,0.071,0.083,0.099,0.123,0.130,0.259,0.434,1.092,0.107,0.133,0.143,0.167,0.198,0.245,0.260,0.517,0.869,2.184,2141.516,3027.557,3419.826,4388.767,5787.418,9278.929,8955.171,26539.473,58899.603,237203.281,0.001,0.002,0.002,0.003,0.004,0.003,0.004,0.004,0.004,0.005,0.229,0.261,0.273,0.300,0.332,0.361,0.389,0.561,0.711,0.992
790.000,0.015,0.020,0.021,0.024,0.029,0.035,0.038,0.072,0.116,0.264,1.031,1.039,1.042,1.049,1.058,1.070,1.075,1.144,1.233,1.528,64.535,96.279,109.049,139.755,184.388,295.888,285.346,846.344,1885.764,7656.695,0.004,0.007,0.009,0.014,0.016,0.016,0.018,0.020,0.021,0.024,0.048,0.056,0.059,0.065,0.072,0.079,0.085,0.127,0.169,0.267
791.000,0.014,0.018,0.019,0.022,0.026,0.032,0.034,0.066,0.107,0.245,1.028,1.036,1.038,1.045,1.053,1.064,1.069,1.132,1.213,1.490,64.630,96.293,109.049,139.761,184.396,295.886,285.412,846.492,1885.711,7663.401,0.004,0.006,0.008,0.012,0.015,0.014,0.016,0.018,0.019,0.022,0.053,0.062,0.065,0.071,0.079,0.087,0.094,0.140,0.186,0.292
792.000,0.015,0.019,0.020,0.023,0.028,0.034,0.036,0.070,0.115,0.270,1.029,1.037,1.040,1.047,1.055,1.068,1.072,1.140,1.229,1.540,64.671,96.274,109.049,139.764,184.379,295.889,285.377,846.810,1886.281,7668.130,0.004,0.007,0.009,0.013,0.015,0.015,0.017,0.019,0.020,0.023,0.051,0.059,0.062,0.068,0.075,0.083,0.089,0.131,0.172,0.260
793.000,0.052,0.065,0.070,0.080,0.094,0.110,0.119,0.214,0.322,0.627,1.104,1.130,1.139,1.160,1.187,1.221,1.238,1.427,1.643,2.254,110.394,162.803,184.320,236.292,311.727,500.115,482.354,1430.736,3184.954,12899.505,0.008,0.013,0.018,0.028,0.033,0.032,0.037,0.040,0.042,0.049,0.024,0.027,0.029,0.032,0.035,0.039,0.042,0.064,0.087,0.147
794.000,0.017,0.022,0.024,0.028,0.032,0.040,0.042,0.081,0.132,0.307,1.035,1.044,1.047,1.055,1.065,1.079,1.085,1.163,1.264,1.615,116.360,170.247,192.683,247.019,325.876,522.810,504.246,1495.680,3329.411,13478.918,0.003,0.004,0.006,0.009,0.010,0.010,0.011,0.013,0.013,0.015,0.076,0.088,0.092,0.102,0.113,0.124,0.133,0.198,0.260,0.392
795.000,0.023,0.029,0.032,0.037,0.044,0.056,0.058,0.119,0.210,0.665,1.046,1.058,1.063,1.074,1.088,1.111,1.116,1.239,1.419,2.331,116.334,170.232,192.684,247.021,325.881,522.815,504.297,1495.388,3331.014,13464.718,0.006,0.008,0.009,0.012,0.014,0.014,0.015,0.017,0.018,0.020,0.057,0.066,0.069,0.075,0.083,0.088,0.095,0.130,0.151,0.193
796.000,0.109,0.142,0.157,0.189,0.231,0.281,0.309,0.589,0.911,1.840,1.218,1.285,1.314,1.379,1.462,1.562,1.617,2.178,2.822,4.680,116.736,170.489,192.764,247.247,326.126,522.820,504.808,1495.127,3321.902,13399.530,0.015,0.049,0.061,0.080,0.087,0.084,0.092,0.096,0.100,0.127,0.009,0.012,0.012,0.013,0.013,0.014,0.015,0.019,0.024,0.075
797.000,0.105,0.139,0.154,0.187,0.229,0.280,0.307,0.588,0.911,1.840,1.210,1.279,1.308,1.374,1.458,1.559,1.615,2.176,2.821,4.679,116.285,170.600,192.816,247.367,326.267,522.825,505.117,1493.874,3311.446,13359.785,0.004,0.019,0.023,0.030,0.033,0.032,0.034,0.036,0.037,0.046,0.010,0.012,0.012,0.013,0.013,0.014,0.015,0.019,0.023,0.103
798.000,0.040,0.052,0.055,0.064,0.075,0.088,0.095,0.169,0.251,0.477,0.281,0.303,0.311,0.328,0.349,0.375,0.390,0.538,0.701,1.155,34.190,51.664,58.544,75.027,98.977,158.854,153.198,454.441,1012.707,4135.130,0.008,0.011,0.014,0.018,0.021,0.020,0.022,0.024,0.025,0.028,0.041,0.046,0.048,0.052,0.056,0.060,0.064,0.085,0.104,0.149
799.000,0.036,0.046,0.049,0.057,0.067,0.079,0.085,0.153,0.229,0.440,0.272,0.292,0.299,0.314,0.333,0.357,0.370,0.506,0.657,1.081,34.284,51.678,58.544,75.027,98.981,158.854,153.189,454.412,1013.131,4119.491,0.007,0.010,0.012,0.016,0.018,0.017,0.019,0.021,0.022,0.025,0.047,0.053,0.055,0.060,0.065,0.069,0.073,0.098,0.120,0.170
8.000,0.050,0.064,0.069,0.079,0.093,0.109,0.118,0.210,0.308,0.561,0.301,0.328,0.337,0.358,0.385,0.418,0.437,0.620,0.817,1.321,46.628,69.859,79.145,101.429,133.823,214.765,207.130,614.818,1368.636,5547.170,0.008,0.011,0.014,0.018,0.020,0.020,0.022,0.023,0.024,0.027,0.043,0.048,0.050,0.053,0.057,0.061,0.064,0.083,0.101,0.151
80.000,0.192,0.229,0.243,0.276,0.319,0.376,0.401,0.718,1.098,2.222,0.385,0.458,0.487,0.553,0.638,0.752,0.802,1.437,2.196,4.443,2192.200,3094.751,3495.497,4485.961,5915.659,9484.022,9153.987,27127.466,60203.636,242389.625,0.003,0.005,0.006,0.010,0.012,0.011,0.013,0.015,0.016,0.018,0.063,0.074,0.079,0.088,0.100,0.111,0.121,0.186,0.250,0.408
800.000,0.037,0.046,0.050,0.058,0.068,0.080,0.087,0.157,0.235,0.455,0.273,0.293,0.300,0.316,0.336,0.360,0.374,0.513,0.670,1.111,34.382,51.683,58.544,75.027,98.987,158.854,153.172,454.586,1011.811,4107.353,0.007,0.010,0.012,0.016,0.018,0.018,0.020,0.021,0.022,0.025,0.046,0.052,0.054,0.059,0.063,0.067,0.071,0.095,0.115,0.160
801.000,0.120,0.143,0.151,0.168,0.188,0.209,0.225,0.344,0.463,0.762,0.440,0.486,0.502,0.535,0.577,0.618,0.650,0.889,1.127,1.725,34.549,51.688,58.544,75.027,98.984,158.856,153.176,454.490,1013.059,4102.143,0.002,0.003,0.004,0.005,0.006,0.006,0.007,0.008,0.008,0.009,0.010,0.012,0.013,0.014,0.016,0.017,0.019,0.028,0.038,0.065
802.000,0.052,0.062,0.066,0.074,0.084,0.094,0.102,0.162,0.225,0.389,0.303,0.324,0.331,0.347,0.367,0.388,0.403,0.524,0.650,0.978,4.979,7.387,8.363,10.721,14.144,22.698,21.887,64.899,144.627,585.818,0.034,0.057,0.078,0.121,0.144,0.139,0.162,0.180,0.190,0.225,0.004,0.005,0.006,0.006,0.007,0.008,0.008,0.013,0.018,0.030
803.000,0.087,0.104,0.110,0.123,0.139,0.155,0.167,0.261,0.356,0.598,0.374,0.409,0.420,0.446,0.478,0.510,0.534,0.722,0.912,1.397,14.858,22.160,25.090,32.158,42.427,68.072,65.659,194.892,433.990,1759.571,0.027,0.046,0.062,0.094,0.111,0.107,0.124,0.136,0.143,0.168,0.007,0.008,0.009,0.009,0.010,0.012,0.012,0.019,0.025,0.043
804.000,0.027,0.035,0.037,0.043,0.051,0.061,0.065,0.119,0.181,0.356,0.255,0.270,0.275,0.287,0.302,0.321,0.331,0.439,0.562,0.912,19.798,29.552,33.454,42.879,56.569,90.792,87.547,259.899,578.514,2345.037,0.008,0.012,0.015,0.020,0.023,0.022,0.025,0.027,0.028,0.032,0.037,0.042,0.044,0.047,0.051,0.055,0.059,0.079,0.097,0.138
805.000,0.028,0.035,0.038,0.044,0.052,0.062,0.067,0.124,0.189,0.377,0.256,0.271,0.276,0.288,0.304,0.324,0.334,0.447,0.578,0.953,19.867,29.544,33.454,42.881,56.568,90.792,87.544,259.591,578.097,2341.401,0.009,0.013,0.015,0.020,0.023,0.023,0.025,0.027,0.028,0.032,0.036,0.041,0.043,0.046,0.050,0.053,0.057,0.075,0.091,0.125
806.000,0.114,0.136,0.144,0.161,0.183,0.204,0.221,0.345,0.469,0.778,0.427,0.472,0.488,0.523,0.565,0.608,0.641,0.889,1.138,1.757,25.086,36.952,41.817,53.612,70.722,113.472,109.434,324.733,722.285,2920.243,0.026,0.043,0.058,0.085,0.099,0.095,0.109,0.118,0.123,0.142,0.008,0.009,0.010,0.011,0.012,0.013,0.014,0.020,0.027,0.045
807.000,0.115,0.136,0.143,0.159,0.178,0.197,0.212,0.324,0.436,0.712,0.431,0.471,0.486,0.517,0.555,0.594,0.624,0.848,1.071,1.624,25.243,36.963,41.817,53.616,70.729,113.473,109.436,324.534,722.965,2921.433,0.022,0.038,0.052,0.080,0.095,0.091,0.106,0.117,0.123,0.144,0.008,0.009,0.010,0.011,0.012,0.014,0.015,0.022,0.030,0.052
808.000,0.023,0.029,0.031,0.036,0.042,0.050,0.054,0.101,0.157,0.323,0.245,0.257,0.261,0.271,0.284,0.301,0.309,0.403,0.514,0.845,25.244,36.968,41.817,53.617,70.732,113.474,109.435,324.576,722.924,2921.838,0.002,0.002,0.003,0.003,0.004,0.004,0.004,0.005,0.005,0.005,0.058,0.066,0.069,0.074,0.081,0.086,0.092,0.124,0.150,0.202
809.000,0.018,0.023,0.025,0.029,0.035,0.042,0.046,0.087,0.139,0.296,0.236,0.247,0.250,0.259,0.270,0.285,0.291,0.375,0.477,0.791,4.915,7.384,8.363,10.718,14.142,22.698,21.885,64.947,144.587,586.072,0.025,0.032,0.039,0.051,0.058,0.056,0.063,0.068,0.071,0.081,0.014,0.016,0.017,0.018,0.020,0.021,0.023,0.030,0.036,0.047
81.000,0.122,0.152,0.165,0.194,0.232,0.286,0.308,0.606,0.965,2.028,0.244,0.305,0.330,0.388,0.465,0.573,0.616,1.213,1.930,4.057,2197.719,3101.745,3503.861,4496.770,5929.874,9507.384,9175.711,27187.603,60344.964,242940.078,0.003,0.004,0.005,0.007,0.008,0.008,0.009,0.010,0.010,0.011,0.102,0.114,0.119,0.128,0.140,0.151,0.161,0.226,0.293,0.462
810.000,0.066,0.080,0.085,0.095,0.109,0.123,0.133,0.217,0.304,0.528,0.331,0.360,0.369,0.391,0.418,0.447,0.467,0.633,0.807,1.255,9.962,14.773,16.727,21.442,28.290,45.397,43.774,129.843,289.320,1169.287,0.033,0.053,0.069,0.102,0.119,0.115,0.131,0.144,0.151,0.175,0.007,0.008,0.008,0.009,0.010,0.011,0.011,0.017,0.022,0.035
811.000,0.043,0.054,0.058,0.066,0.077,0.089,0.097,0.167,0.242,0.438,0.287,0.308,0.315,0.332,0.354,0.379,0.394,0.535,0.684,1.076,10.075,14.782,16.727,21.446,28.294,45.398,43.780,129.840,288.861,1166.361,0.024,0.037,0.047,0.066,0.075,0.073,0.082,0.089,0.092,0.105,0.011,0.013,0.013,0.014,0.015,0.017,0.018,0.025,0.031,0.049
812.000,0.019,0.024,0.026,0.030,0.036,0.043,0.046,0.087,0.134,0.273,0.239,0.249,0.253,0.261,0.272,0.286,0.293,0.373,0.469,0.746,14.979,22.177,25.090,32.168,42.442,68.075,65.667,194.767,433.572,1752.298,0.007,0.010,0.013,0.017,0.020,0.019,0.022,0.024,0.025,0.028,0.041,0.047,0.049,0.053,0.058,0.062,0.067,0.091,0.112,0.158
813.000,0.050,0.062,0.067,0.076,0.089,0.103,0.112,0.193,0.279,0.506,0.300,0.324,0.333,0.353,0.378,0.406,0.424,0.585,0.758,1.212,19.971,29.565,33.454,42.891,56.586,90.795,87.556,259.686,578.061,2336.260,0.015,0.023,0.029,0.040,0.045,0.044,0.049,0.053,0.055,0.062,0.019,0.021,0.022,0.024,0.026,0.027,0.029,0.040,0.050,0.076
814.000,0.029,0.036,0.039,0.045,0.053,0.063,0.068,0.125,0.191,0.379,0.257,0.272,0.278,0.290,0.306,0.326,0.336,0.450,0.581,0.958,20.041,29.565,33.454,42.892,56.580,90.795,87.552,259.828,578.047,2332.563,0.009,0.013,0.016,0.021,0.024,0.023,0.026,0.028,0.029,0.033,0.036,0.040,0.042,0.045,0.049,0.052,0.056,0.074,0.090,0.124
815.000,0.090,0.108,0.114,0.128,0.145,0.164,0.177,0.283,0.396,0.702,0.379,0.415,0.428,0.456,0.491,0.528,0.554,0.766,0.992,1.603,20.161,29.568,33.454,42.895,56.588,90.797,87.562,259.719,578.366,2334.596,0.027,0.041,0.053,0.076,0.089,0.086,0.098,0.107,0.112,0.129,0.009,0.010,0.011,0.012,0.013,0.014,0.015,0.022,0.029,0.043
816.000,0.064,0.077,0.082,0.093,0.107,0.124,0.133,0.227,0.334,0.637,0.327,0.355,0.365,0.387,0.414,0.448,0.466,0.655,0.869,1.473,20.175,29.576,33.454,42.895,56.589,90.798,87.558,259.825,578.557,2335.289,0.000,0.000,0.000,0.000,0.000,0.000,0.000,0.000,0.001,0.001,0.014,0.016,0.017,0.018,0.020,0.021,0.023,0.031,0.038,0.051
817.000,0.008,0.011,0.012,0.013,0.016,0.019,0.021,0.039,0.063,0.137,0.217,0.221,0.223,0.227,0.232,0.238,0.241,0.279,0.326,0.475,4.890,7.382,8.363,10.718,14.140,22.698,21.886,64.907,144.691,590.171,0.008,0.011,0.015,0.021,0.024,0.023,0.027,0.029,0.031,0.036,0.033,0.038,0.040,0.044,0.048,0.052,0.056,0.080,0.102,0.148
818.000,0.046,0.058,0.062,0.072,0.084,0.098,0.107,0.189,0.280,0.536,0.291,0.316,0.325,0.343,0.368,0.397,0.413,0.577,0.759,1.272,45.856,69.252,78.467,100.559,132.662,212.938,205.329,608.937,1357.760,5535.455,0.007,0.010,0.012,0.016,0.018,0.017,0.019,0.021,0.022,0.024,0.048,0.054,0.056,0.060,0.065,0.069,0.073,0.097,0.118,0.164
819.000,0.056,0.071,0.076,0.087,0.102,0.119,0.129,0.225,0.332,0.685,0.312,0.342,0.352,0.375,0.403,0.438,0.457,0.649,0.864,1.570,50.887,76.657,86.830,111.277,146.801,235.680,227.203,674.058,1501.083,6089.858,0.009,0.012,0.014,0.019,0.021,0.020,0.023,0.024,0.025,0.028,0.041,0.046,0.048,0.052,0.056,0.059,0.063,0.082,0.099,0.127
82.000,0.201,0.240,0.255,0.290,0.334,0.388,0.417,0.717,1.061,2.065,0.401,0.479,0.510,0.580,0.668,0.775,0.833,1.434,2.122,4.130,2203.821,3109.398,3512.225,4507.552,5943.584,9529.492,9197.366,27254.655,60504.587,243490.734,0.003,0.004,0.006,0.010,0.012,0.012,0.014,0.015,0.016,0.019,0.061,0.071,0.075,0.084,0.096,0.108,0.116,0.187,0.262,0.452
820.000,0.059,0.074,0.080,0.091,0.107,0.127,0.136,0.244,0.385,1.096,0.317,0.348,0.359,0.383,0.413,0.454,0.471,0.688,0.971,2.392,51.065,76.651,86.830,111.278,146.819,235.680,227.244,674.538,1503.005,6036.095,0.012,0.015,0.016,0.020,0.022,0.022,0.024,0.026,0.026,0.030,0.039,0.044,0.045,0.049,0.052,0.054,0.058,0.072,0.078,0.096
821.000,0.080,0.102,0.110,0.128,0.152,0.193,0.200,0.420,0.777,1.925,0.360,0.404,0.420,0.456,0.504,0.587,0.600,1.040,1.753,4.050,61.063,91.432,103.559,132.729,175.132,280.977,271.088,805.554,1789.155,7116.542,0.017,0.026,0.028,0.030,0.031,0.031,0.032,0.034,0.045,0.075,0.016,0.026,0.034,0.036,0.037,0.037,0.039,0.041,0.045,0.070
822.000,0.272,0.318,0.337,0.379,0.432,0.498,0.533,0.898,1.317,2.486,0.744,0.836,0.873,0.957,1.065,1.195,1.265,1.995,2.835,5.172,61.696,91.686,103.642,132.958,175.401,280.984,271.854,803.481,1779.712,6980.296,0.039,0.099,0.119,0.144,0.157,0.154,0.166,0.177,0.184,0.232,0.005,0.006,0.007,0.007,0.007,0.008,0.008,0.010,0.012,0.030
823.000,0.271,0.316,0.335,0.377,0.431,0.496,0.531,0.897,1.318,2.487,0.742,0.833,0.870,0.954,1.062,1.193,1.263,1.995,2.835,5.174,67.199,99.258,112.137,143.854,189.818,303.659,294.122,867.179,1913.457,7449.286,0.047,0.096,0.111,0.132,0.144,0.141,0.152,0.161,0.167,0.191,0.006,0.007,0.007,0.008,0.008,0.008,0.009,0.010,0.012,0.025
824.000,0.269,0.314,0.333,0.375,0.429,0.495,0.530,0.897,1.317,2.488,0.738,0.828,0.865,0.950,1.058,1.189,1.259,1.993,2.834,5.176,88.581,128.959,145.724,186.935,246.683,394.414,382.116,1125.936,2479.002,9654.986,0.046,0.074,0.085,0.101,0.110,0.108,0.116,0.123,0.127,0.143,0.008,0.009,0.009,0.010,0.011,0.011,0.011,0.014,0.016,0.025
825.000,0.280,0.325,0.344,0.386,0.440,0.506,0.541,0.910,1.331,2.503,0.761,0.850,0.887,0.972,1.080,1.212,1.282,2.019,2.863,5.207,89.617,129.081,145.837,187.012,246.956,394.414,382.514,1125.236,2468.671,9553.225,0.051,0.079,0.088,0.105,0.114,0.112,0.121,0.129,0.133,0.151,0.008,0.009,0.009,0.010,0.010,0.011,0.011,0.013,0.015,0.023
826.000,0.277,0.321,0.339,0.382,0.436,0.502,0.538,0.907,1.330,2.503,0.754,0.841,0.879,0.964,1.072,1.205,1.275,2.015,2.860,5.207,35.161,129.184,145.912,187.045,247.045,394.420,382.694,1124.035,2463.906,9525.482,0.006,0.010,0.011,0.013,0.014,0.013,0.014,0.015,0.016,0.081,0.002,0.009,0.009,0.010,0.010,0.011,0.011,0.013,0.014,0.022
827.000,0.014,0.018,0.020,0.023,0.027,0.033,0.035,0.066,0.104,0.221,0.228,0.236,0.239,0.246,0.254,0.265,0.270,0.333,0.409,0.642,14.648,22.144,25.090,32.154,42.421,68.071,65.660,194.742,433.980,1772.773,0.005,0.007,0.009,0.012,0.014,0.014,0.016,0.017,0.018,0.021,0.056,0.065,0.068,0.074,0.081,0.087,0.093,0.128,0.159,0.222
828.000,0.177,0.219,0.235,0.272,0.318,0.371,0.404,0.698,1.011,1.826,0.555,0.637,0.670,0.744,0.837,0.941,1.008,1.596,2.221,3.852,15.458,22.260,25.129,32.269,42.552,68.074,65.800,193.857,429.871,1715.690,0.213,0.284,0.323,0.370,0.388,0.380,0.399,0.408,0.413,0.459,0.003,0.003,0.003,0.003,0.003,0.003,0.003,0.004,0.004,0.005
829.000,0.183,0.224,0.241,0.278,0.325,0.377,0.410,0.705,1.018,1.833,0.566,0.649,0.682,0.756,0.849,0.954,1.021,1.609,2.235,3.866,8.741,22.270,25.140,32.273,42.546,68.075,65.762,193.952,431.115,1734.036,0.056,0.074,0.086,0.100,0.105,0.103,0.108,0.111,0.113,0.826,0.000,0.003,0.003,0.003,0.003,0.003,0.003,0.004,0.004,0.005
83.000,0.165,0.197,0.210,0.240,0.277,0.323,0.347,0.602,0.898,1.784,0.329,0.395,0.421,0.480,0.554,0.645,0.693,1.204,1.796,3.568,2204.562,3109.248,3512.226,4507.537,5943.732,9529.531,9197.184,27259.731,60522.390,243468.547,0.002,0.004,0.005,0.008,0.010,0.010,0.011,0.013,0.013,0.016,0.075,0.087,0.092,0.103,0.117,0.132,0.142,0.229,0.320,0.549
830.000,0.125,0.149,0.157,0.175,0.196,0.219,0.235,0.363,0.494,0.837,0.450,0.498,0.515,0.550,0.593,0.637,0.670,0.925,1.188,1.874,35.876,53.754,60.892,78.038,102.958,165.213,159.350,472.688,1052.350,4273.545,0.020,0.033,0.043,0.064,0.076,0.073,0.084,0.092,0.097,0.113,0.010,0.012,0.013,0.014,0.015,0.017,0.018,0.027,0.036,0.057
831.000,0.059,0.074,0.080,0.092,0.108,0.126,0.137,0.242,0.357,0.672,0.318,0.349,0.360,0.384,0.415,0.453,0.474,0.683,0.914,1.544,40.929,61.155,69.255,88.761,117.106,187.891,181.223,537.976,1197.157,4852.533,0.012,0.017,0.020,0.025,0.028,0.028,0.030,0.032,0.033,0.037,0.031,0.035,0.036,0.038,0.041,0.043,0.046,0.059,0.070,0.096
832.000,0.148,0.175,0.184,0.204,0.228,0.252,0.271,0.410,0.550,0.896,0.496,0.549,0.568,0.607,0.656,0.704,0.742,1.021,1.299,1.992,46.306,68.564,77.618,99.493,131.255,210.567,203.125,602.441,1341.934,5429.255,0.018,0.031,0.042,0.063,0.074,0.072,0.083,0.091,0.095,0.111,0.010,0.012,0.013,0.014,0.016,0.017,0.018,0.028,0.038,0.064
833.000,0.043,0.055,0.059,0.068,0.080,0.094,0.102,0.182,0.273,0.545,0.287,0.309,0.318,0.336,0.359,0.388,0.403,0.564,0.746,1.290,51.288,75.959,85.982,110.221,145.402,233.245,225.001,667.446,1486.457,6010.821,0.007,0.009,0.010,0.014,0.015,0.015,0.017,0.018,0.018,0.021,0.056,0.063,0.066,0.070,0.076,0.080,0.085,0.112,0.134,0.174
834.000,0.198,0.233,0.245,0.271,0.303,0.333,0.356,0.524,0.725,1.433,0.596,0.666,0.691,0.743,0.805,0.865,0.913,1.247,1.649,3.065,48.536,75.937,85.982,110.204,145.388,233.247,224.974,667.766,1487.373,5992.487,0.037,0.045,0.057,0.088,0.105,0.100,0.116,0.127,0.133,0.169,0.007,0.009,0.009,0.010,0.011,0.012,0.013,0.021,0.026,0.031
835.000,0.208,0.243,0.255,0.280,0.310,0.338,0.362,0.518,0.717,1.438,0.616,0.685,0.709,0.760,0.820,0.876,0.923,1.237,1.633,3.075,94.461,139.093,157.407,201.796,266.198,427.187,411.844,1222.562,2722.841,10945.568,0.018,0.023,0.029,0.046,0.056,0.053,0.062,0.069,0.072,0.084,0.013,0.015,0.016,0.017,0.020,0.022,0.024,0.038,0.048,0.060
836.000,0.015,0.019,0.021,0.024,0.028,0.034,0.036,0.068,0.107,0.221,0.230,0.238,0.241,0.248,0.256,0.268,0.273,0.337,0.414,0.643,15.893,24.028,27.224,34.889,46.029,73.870,71.242,211.286,470.884,1924.245,0.005,0.007,0.009,0.012,0.014,0.013,0.015,0.017,0.017,0.020,0.058,0.067,0.070,0.076,0.084,0.090,0.096,0.134,0.167,0.240
837.000,0.035,0.044,0.047,0.053,0.062,0.073,0.078,0.137,0.204,0.397,1.070,1.087,1.093,1.107,1.124,1.145,1.157,1.275,1.409,1.794,34.911,52.350,59.306,76.004,100.280,160.907,155.178,460.562,1025.083,4170.573,0.013,0.024,0.034,0.054,0.066,0.063,0.074,0.083,0.087,0.103,0.011,0.013,0.014,0.016,0.018,0.020,0.021,0.034,0.048,0.087
838.000,0.008,0.010,0.011,0.013,0.015,0.019,0.020,0.038,0.062,0.147,1.016,1.020,1.022,1.026,1.030,1.037,1.039,1.076,1.125,1.294,39.864,59.729,67.670,86.722,114.422,183.619,177.064,525.501,1170.029,4754.567,0.004,0.006,0.008,0.011,0.013,0.013,0.015,0.016,0.017,0.020,0.057,0.067,0.071,0.078,0.087,0.096,0.102,0.154,0.206,0.328
839.000,0.092,0.112,0.119,0.135,0.155,0.179,0.193,0.327,0.473,0.872,1.185,1.224,1.238,1.270,1.311,1.358,1.386,1.654,1.946,2.744,56.837,84.235,95.313,122.206,161.220,258.612,249.452,739.691,1646.885,6675.097,0.024,0.042,0.059,0.092,0.111,0.107,0.125,0.140,0.148,0.177,0.007,0.008,0.008,0.009,0.010,0.012,0.013,0.020,0.027,0.048
84.000,0.068,0.083,0.090,0.105,0.124,0.152,0.162,0.317,0.521,1.230,0.135,0.167,0.180,0.209,0.248,0.305,0.324,0.634,1.041,2.459,2210.619,3116.758,3520.589,4518.180,5957.775,9553.024,9219.624,27325.145,60688.924,244027.766,0.001,0.002,0.003,0.004,0.004,0.004,0.005,0.005,0.005,0.006,0.187,0.213,0.223,0.245,0.271,0.296,0.318,0.465,0.600,0.882
840.000,0.090,0.109,0.117,0.132,0.152,0.176,0.190,0.322,0.467,0.861,1.180,1.219,1.233,1.265,1.305,1.351,1.379,1.644,1.933,2.721,56.413,84.267,95.313,122.226,161.252,258.617,249.483,739.699,1646.562,6653.637,0.024,0.042,0.058,0.090,0.109,0.105,0.123,0.136,0.144,0.174,0.007,0.008,0.009,0.009,0.011,0.012,0.013,0.020,0.028,0.048
841.000,0.088,0.106,0.113,0.129,0.149,0.172,0.186,0.317,0.460,0.848,1.175,1.213,1.227,1.258,1.297,1.344,1.371,1.633,1.919,2.696,91.979,135.084,152.747,195.900,258.376,414.440,399.811,1185.880,2638.798,10675.350,0.015,0.025,0.035,0.055,0.066,0.064,0.074,0.083,0.087,0.103,0.011,0.013,0.014,0.016,0.018,0.020,0.021,0.033,0.046,0.079
842.000,0.098,0.116,0.123,0.138,0.157,0.179,0.192,0.317,0.453,0.824,1.196,1.232,1.246,1.276,1.314,1.358,1.385,1.635,1.906,2.648,97.655,142.519,161.111,206.646,272.572,437.122,421.702,1249.629,2782.149,11244.628,0.013,0.024,0.033,0.054,0.067,0.064,0.076,0.086,0.091,0.110,0.011,0.013,0.014,0.015,0.017,0.020,0.021,0.035,0.049,0.087
843.000,0.092,0.109,0.116,0.130,0.148,0.168,0.181,0.296,0.422,0.768,1.184,1.219,1.231,1.259,1.295,1.336,1.361,1.592,1.844,2.536,98.227,142.527,161.111,206.644,272.600,437.126,421.676,1250.543,2782.655,11231.898,0.012,0.022,0.031,0.051,0.062,0.060,0.071,0.080,0.085,0.103,0.011,0.014,0.015,0.016,0.019,0.021,0.023,0.038,0.054,0.096
844.000,0.085,0.100,0.106,0.118,0.134,0.152,0.163,0.265,0.378,0.686,1.169,1.200,1.211,1.237,1.268,1.305,1.327,1.531,1.755,2.373,103.765,149.927,169.475,217.386,286.723,459.841,443.592,1315.567,2926.496,11819.334,0.010,0.018,0.026,0.043,0.053,0.051,0.061,0.069,0.073,0.088,0.013,0.016,0.017,0.019,0.022,0.025,0.027,0.046,0.065,0.119
845.000,0.018,0.023,0.025,0.029,0.034,0.042,0.044,0.086,0.140,0.323,1.037,1.046,1.050,1.058,1.068,1.084,1.089,1.172,1.280,1.646,113.878,164.711,186.202,238.844,315.052,505.202,487.384,1445.289,3215.814,12977.205,0.003,0.005,0.006,0.010,0.011,0.011,0.012,0.014,0.014,0.016,0.071,0.081,0.085,0.094,0.104,0.114,0.122,0.180,0.234,0.353
846.000,0.086,0.102,0.108,0.121,0.138,0.158,0.170,0.280,0.400,0.732,1.171,1.204,1.216,1.243,1.277,1.316,1.339,1.559,1.801,2.464,114.321,164.726,186.202,238.854,315.042,505.203,487.400,1446.012,3218.120,12986.312,0.010,0.017,0.025,0.041,0.050,0.048,0.057,0.064,0.068,0.081,0.014,0.017,0.018,0.020,0.023,0.027,0.029,0.047,0.067,0.119
847.000,0.011,0.014,0.015,0.017,0.020,0.025,0.026,0.051,0.083,0.190,1.022,1.028,1.030,1.034,1.041,1.049,1.053,1.102,1.165,1.381,114.287,164.742,186.202,238.849,315.060,505.204,487.408,1445.748,3218.096,12988.097,0.002,0.003,0.004,0.006,0.007,0.006,0.007,0.008,0.008,0.010,0.119,0.137,0.144,0.159,0.177,0.195,0.209,0.314,0.419,0.666
848.000,0.048,0.060,0.065,0.075,0.089,0.107,0.115,0.215,0.331,0.685,1.096,1.120,1.130,1.151,1.178,1.214,1.231,1.429,1.662,2.369,114.525,164.732,186.202,238.849,315.035,505.213,487.427,1444.702,3216.620,12993.978,0.009,0.014,0.018,0.026,0.031,0.030,0.034,0.037,0.039,0.044,0.026,0.030,0.031,0.034,0.038,0.041,0.044,0.064,0.085,0.131
849.000,0.069,0.082,0.087,0.098,0.111,0.128,0.137,0.229,0.334,0.657,1.137,1.164,1.173,1.195,1.223,1.256,1.274,1.457,1.667,2.314,114.715,164.754,186.203,238.862,315.039,505.213,487.334,1444.623,3212.454,12998.034,0.001,0.001,0.002,0.003,0.003,0.003,0.004,0.004,0.004,0.005,0.018,0.022,0.023,0.026,0.030,0.034,0.036,0.060,0.084,0.139
85.000,0.068,0.084,0.090,0.105,0.125,0.154,0.164,0.324,0.538,1.283,0.136,0.168,0.181,0.211,0.250,0.309,0.328,0.649,1.075,2.566,2211.067,3116.606,3520.589,4518.131,5957.840,9553.010,9220.477,27325.479,60665.268,244009.922,0.001,0.002,0.003,0.004,0.004,0.004,0.005,0.005,0.005,0.006,0.186,0.212,0.222,0.243,0.269,0.293,0.314,0.453,0.578,0.837
850.000,0.012,0.015,0.017,0.020,0.023,0.030,0.031,0.065,0.116,0.372,0.224,0.231,0.233,0.239,0.247,0.260,0.262,0.330,0.432,0.943,2.460,3.692,4.182,5.359,7.071,11.349,10.944,32.493,72.319,295.321,0.012,0.017,0.018,0.022,0.025,0.024,0.027,0.029,0.030,0.035,0.011,0.013,0.013,0.015,0.016,0.016,0.018,0.022,0.023,0.033
851.000,0.180,0.212,0.223,0.246,0.274,0.302,0.324,0.485,0.645,1.047,0.560,0.624,0.645,0.691,0.748,0.804,0.848,1.170,1.491,2.293,69.150,103.254,116.910,149.837,197.689,317.239,305.930,908.139,2021.194,8199.969,0.016,0.027,0.037,0.056,0.066,0.063,0.073,0.080,0.084,0.099,0.012,0.014,0.014,0.016,0.018,0.020,0.021,0.032,0.043,0.073
852.000,0.053,0.067,0.072,0.082,0.096,0.112,0.122,0.212,0.312,0.585,0.306,0.333,0.343,0.365,0.392,0.424,0.443,0.625,0.824,1.371,69.267,103.247,116.910,149.843,197.673,317.240,305.921,907.917,2020.673,8194.268,0.006,0.008,0.010,0.013,0.014,0.014,0.016,0.017,0.017,0.019,0.060,0.067,0.070,0.075,0.081,0.086,0.091,0.120,0.147,0.207
853.000,0.054,0.068,0.073,0.084,0.098,0.115,0.124,0.217,0.318,0.597,0.308,0.337,0.346,0.368,0.396,0.429,0.448,0.634,0.837,1.394,96.312,143.980,163.067,209.003,275.731,442.421,426.743,1266.493,2819.040,11435.417,0.004,0.006,0.007,0.009,0.011,0.010,0.011,0.012,0.013,0.014,0.081,0.091,0.095,0.102,0.110,0.116,0.123,0.163,0.199,0.279
854.000,0.061,0.076,0.082,0.094,0.110,0.128,0.139,0.243,0.357,0.674,0.321,0.353,0.364,0.388,0.420,0.457,0.478,0.686,0.914,1.548,96.453,144.020,163.067,208.997,275.741,442.421,426.701,1266.313,2819.019,11427.829,0.005,0.007,0.008,0.011,0.012,0.012,0.013,0.014,0.015,0.016,0.071,0.079,0.082,0.088,0.094,0.100,0.105,0.137,0.165,0.226
855.000,0.204,0.240,0.252,0.278,0.309,0.340,0.365,0.543,0.722,1.186,0.609,0.679,0.703,0.755,0.818,0.880,0.929,1.287,1.644,2.571,102.148,151.408,171.430,219.742,289.897,465.063,448.584,1330.811,2963.892,11999.152,0.014,0.022,0.030,0.046,0.054,0.052,0.060,0.066,0.070,0.081,0.014,0.017,0.018,0.019,0.021,0.024,0.025,0.038,0.052,0.085
856.000,0.074,0.092,0.099,0.113,0.132,0.155,0.168,0.296,0.443,0.897,0.347,0.384,0.397,0.427,0.464,0.510,0.535,0.791,1.086,1.995,102.126,151.403,171.430,219.725,289.887,465.064,448.632,1331.016,2962.920,11992.643,0.007,0.008,0.010,0.012,0.013,0.013,0.014,0.015,0.015,0.017,0.059,0.066,0.068,0.072,0.077,0.080,0.085,0.106,0.121,0.146
857.000,0.029,0.037,0.039,0.046,0.054,0.064,0.069,0.125,0.190,0.375,0.257,0.273,0.279,0.291,0.307,0.327,0.338,0.451,0.580,0.950,51.629,78.134,88.505,113.424,149.639,240.114,231.607,687.045,1530.611,6260.472,0.003,0.005,0.006,0.008,0.009,0.009,0.010,0.011,0.011,0.013,0.092,0.105,0.109,0.118,0.128,0.137,0.146,0.196,0.240,0.338
858.000,0.168,0.201,0.212,0.236,0.265,0.294,0.316,0.482,0.647,1.061,0.536,0.602,0.624,0.672,0.730,0.787,0.833,1.164,1.495,2.323,51.926,78.154,88.505,113.425,149.639,240.118,231.597,687.026,1531.422,6232.053,0.002,0.004,0.005,0.008,0.009,0.009,0.010,0.011,0.011,0.013,0.010,0.011,0.012,0.013,0.014,0.016,0.016,0.024,0.032,0.054
859.000,0.023,0.031,0.035,0.043,0.056,0.100,0.094,0.340,0.624,1.372,0.246,0.262,0.269,0.286,0.312,0.400,0.388,0.881,1.449,2.944,4.929,7.389,8.364,10.729,14.172,22.698,22.063,64.447,142.742,580.634,0.045,0.078,0.082,0.083,0.087,0.111,0.108,0.243,0.305,0.488,0.002,0.003,0.004,0.009,0.011,0.010,0.012,0.012,0.013,0.022
86.000,0.116,0.141,0.151,0.174,0.204,0.242,0.260,0.472,0.726,1.546,0.232,0.283,0.303,0.349,0.408,0.484,0.520,0.944,1.451,3.091,2228.575,3138.978,3545.680,4550.496,6000.461,9621.981,9286.495,27519.752,61102.509,245721.781,0.002,0.003,0.004,0.006,0.007,0.007,0.008,0.009,0.009,0.011,0.108,0.125,0.131,0.145,0.163,0.182,0.195,0.303,0.414,0.667
860.000,0.032,0.041,0.044,0.051,0.060,0.072,0.078,0.141,0.212,0.399,0.265,0.282,0.289,0.303,0.321,0.343,0.355,0.482,0.624,0.998,14.700,22.148,25.090,32.154,42.418,68.072,65.653,194.777,433.851,1765.890,0.014,0.020,0.025,0.033,0.037,0.036,0.040,0.043,0.045,0.051,0.023,0.026,0.027,0.029,0.031,0.033,0.035,0.047,0.058,0.086
861.000,0.010,0.012,0.013,0.015,0.018,0.022,0.023,0.045,0.073,0.168,1.019,1.025,1.026,1.031,1.036,1.044,1.047,1.090,1.146,1.336,35.398,53.174,60.233,77.192,101.844,163.421,157.606,467.663,1040.974,4227.304,0.005,0.008,0.010,0.015,0.018,0.017,0.020,0.022,0.023,0.027,0.042,0.050,0.052,0.058,0.064,0.071,0.076,0.116,0.155,0.250
862.000,0.009,0.012,0.013,0.015,0.018,0.022,0.023,0.045,0.073,0.170,1.019,1.024,1.026,1.030,1.036,1.044,1.047,1.090,1.146,1.340,52.981,79.575,90.137,115.516,152.407,244.617,235.853,699.918,1558.081,6326.720,0.003,0.005,0.007,0.010,0.012,0.012,0.013,0.015,0.015,0.018,0.064,0.075,0.079,0.087,0.097,0.107,0.115,0.173,0.231,0.370
863.000,0.057,0.069,0.073,0.082,0.094,0.107,0.115,0.190,0.273,0.516,1.114,1.138,1.146,1.165,1.188,1.215,1.231,1.380,1.546,2.031,53.481,79.581,90.137,115.518,152.408,244.618,235.876,699.831,1558.915,6315.709,0.012,0.022,0.032,0.055,0.067,0.065,0.077,0.087,0.093,0.113,0.010,0.013,0.013,0.015,0.017,0.020,0.021,0.036,0.052,0.094
864.000,0.014,0.018,0.020,0.023,0.027,0.034,0.036,0.073,0.126,0.360,1.028,1.036,1.039,1.046,1.055,1.069,1.072,1.146,1.252,1.720,58.499,86.968,98.501,126.243,166.556,267.277,257.772,764.547,1704.314,6893.210,0.007,0.008,0.010,0.014,0.017,0.016,0.019,0.020,0.021,0.025,0.047,0.055,0.057,0.063,0.069,0.075,0.080,0.113,0.139,0.174
865.000,0.211,0.249,0.265,0.300,0.343,0.391,0.423,0.693,0.979,1.729,1.422,1.498,1.529,1.599,1.686,1.782,1.845,2.386,2.959,4.459,79.811,116.878,132.037,169.414,223.420,358.000,345.806,1023.560,2271.262,9180.288,0.032,0.084,0.114,0.174,0.207,0.199,0.230,0.254,0.268,0.321,0.004,0.004,0.005,0.005,0.006,0.006,0.007,0.010,0.014,0.036
866.000,0.212,0.249,0.265,0.300,0.343,0.391,0.423,0.693,0.979,1.728,1.423,1.499,1.530,1.600,1.686,1.782,1.846,2.386,2.958,4.456,81.647,117.066,132.157,169.614,223.653,358.014,345.959,1021.060,2267.668,9111.966,0.028,0.085,0.114,0.174,0.206,0.199,0.230,0.254,0.267,0.315,0.004,0.004,0.005,0.005,0.006,0.006,0.007,0.010,0.014,0.042
867.000,0.212,0.250,0.265,0.300,0.343,0.391,0.423,0.692,0.978,1.727,1.423,1.499,1.530,1.600,1.686,1.782,1.845,2.385,2.956,4.453,83.261,117.165,132.234,169.729,223.779,358.022,346.004,1019.236,2259.589,9060.200,0.007,0.024,0.033,0.050,0.059,0.057,0.066,0.073,0.076,0.088,0.004,0.004,0.005,0.005,0.006,0.006,0.007,0.010,0.014,0.045
868.000,0.037,0.047,0.050,0.058,0.069,0.081,0.088,0.160,0.239,0.450,0.273,0.294,0.301,0.317,0.337,0.363,0.376,0.519,0.678,1.100,20.615,31.026,35.143,45.038,59.418,95.383,91.946,272.886,607.662,2468.320,0.012,0.017,0.021,0.027,0.031,0.030,0.033,0.035,0.037,0.042,0.028,0.031,0.032,0.035,0.038,0.040,0.042,0.055,0.067,0.098
869.000,0.029,0.037,0.040,0.046,0.054,0.064,0.069,0.126,0.189,0.352,0.258,0.274,0.280,0.292,0.308,0.328,0.339,0.452,0.577,0.904,8.777,13.201,14.952,19.162,25.280,40.571,39.123,116.109,258.517,1050.816,0.017,0.026,0.032,0.043,0.049,0.048,0.053,0.058,0.060,0.068,0.015,0.017,0.018,0.020,0.021,0.023,0.024,0.033,0.041,0.063
87.000,0.060,0.074,0.080,0.094,0.111,0.140,0.147,0.299,0.511,1.325,0.120,0.148,0.160,0.187,0.223,0.279,0.294,0.597,1.023,2.649,2234.611,3146.394,3554.044,4561.397,6014.660,9643.990,9308.077,27584.516,61254.758,246273.875,0.001,0.002,0.002,0.003,0.004,0.004,0.004,0.005,0.005,0.005,0.214,0.242,0.253,0.277,0.305,0.330,0.355,0.500,0.618,0.812
870.000,0.107,0.129,0.137,0.155,0.177,0.211,0.223,0.410,0.640,1.290,0.414,0.458,0.474,0.509,0.555,0.622,0.645,1.019,1.480,2.781,16.514,24.533,27.766,35.605,46.992,75.342,72.793,215.707,477.246,1916.674,0.073,0.102,0.115,0.130,0.143,0.142,0.154,0.166,0.173,0.199,0.006,0.007,0.007,0.008,0.008,0.008,0.009,0.010,0.011,0.016
871.000,0.103,0.124,0.132,0.149,0.171,0.206,0.217,0.408,0.640,1.292,0.406,0.448,0.463,0.497,0.543,0.612,0.635,1.015,1.480,2.785,26.544,39.316,44.493,57.061,75.315,120.711,116.723,345.253,764.230,3059.997,0.046,0.064,0.071,0.078,0.085,0.085,0.091,0.098,0.102,0.117,0.010,0.011,0.012,0.013,0.014,0.014,0.015,0.016,0.018,0.025
872.000,0.072,0.094,0.102,0.122,0.148,0.186,0.202,0.410,0.649,1.305,0.345,0.387,0.404,0.443,0.496,0.572,0.603,1.019,1.499,2.811,26.704,39.337,44.497,57.083,75.350,120.710,116.808,345.037,763.574,3036.013,0.012,0.021,0.023,0.024,0.025,0.025,0.025,0.027,0.027,0.033,0.013,0.015,0.016,0.016,0.017,0.017,0.017,0.018,0.020,0.033
873.000,0.036,0.045,0.048,0.054,0.063,0.077,0.079,0.150,0.286,0.841,0.273,0.289,0.295,0.308,0.326,0.354,0.358,0.500,0.771,1.882,2.518,3.698,4.182,5.364,7.077,11.350,10.957,32.616,71.789,293.412,0.117,0.157,0.167,0.203,0.233,0.230,0.257,0.281,0.295,0.371,0.003,0.004,0.004,0.005,0.005,0.005,0.006,0.007,0.007,0.010
874.000,0.031,0.038,0.041,0.047,0.055,0.070,0.071,0.147,0.288,0.847,0.262,0.276,0.281,0.294,0.310,0.340,0.342,0.493,0.775,1.893,-4.254,3.700,4.182,5.366,7.077,11.351,10.955,32.457,69.964,331.492,-43.354,0.153,0.157,0.178,0.199,0.198,0.216,0.235,0.249,6.879,-0.000,0.005,0.005,0.005,0.006,0.006,0.007,0.007,0.008,0.017
875.000,0.027,0.035,0.038,0.044,0.053,0.069,0.071,0.155,0.302,0.865,0.255,0.270,0.276,0.289,0.306,0.339,0.342,0.509,0.804,1.929,7.519,11.098,12.546,16.094,21.232,34.039,32.880,97.761,215.094,879.243,0.002,0.004,0.004,0.005,0.005,0.005,0.005,0.005,0.006,0.010,0.009,0.015,0.016,0.017,0.018,0.018,0.020,0.021,0.022,0.040
876.000,0.272,0.319,0.336,0.373,0.418,0.463,0.498,0.757,1.019,1.684,0.744,0.839,0.873,0.946,1.036,1.126,1.196,1.714,2.239,3.568,-91.495,32.740,37.045,47.507,62.687,100.526,97.024,287.534,638.725,2582.352,-0.323,0.195,0.252,0.358,0.412,0.397,0.450,0.487,0.508,0.868,-0.004,0.002,0.002,0.003,0.003,0.003,0.003,0.005,0.006,0.009
877.000,0.276,0.323,0.340,0.377,0.421,0.467,0.501,0.760,1.022,1.687,0.751,0.846,0.880,0.953,1.043,1.133,1.203,1.721,2.245,3.573,-369.912,39.690,45.404,58.104,76.748,123.214,118.956,352.574,783.653,3188.532,-39.012,0.158,0.206,0.294,0.341,0.331,0.375,0.407,0.435,201.746,-0.014,0.003,0.003,0.003,0.003,0.004,0.004,0.006,0.007,0.012
878.000,0.278,0.325,0.342,0.379,0.424,0.469,0.503,0.762,1.024,1.687,0.756,0.851,0.884,0.958,1.047,1.137,1.207,1.724,2.247,3.575,145.802,215.289,243.408,312.177,411.850,660.366,637.360,1889.332,4201.198,16991.512,0.018,0.030,0.039,0.056,0.064,0.062,0.070,0.076,0.079,0.091,0.013,0.015,0.015,0.017,0.018,0.020,0.021,0.030,0.039,0.063
879.000,0.279,0.324,0.340,0.376,0.419,0.462,0.495,0.746,1.001,1.649,0.758,0.848,0.881,0.951,1.037,1.124,1.191,1.692,2.201,3.498,149.528,219.032,247.600,317.595,418.992,671.655,648.264,1920.459,4266.875,17240.889,0.017,0.028,0.037,0.053,0.062,0.060,0.068,0.074,0.078,0.089,0.013,0.015,0.016,0.017,0.019,0.021,0.022,0.032,0.041,0.067
88.000,0.274,0.326,0.347,0.394,0.453,0.523,0.562,0.955,1.399,2.654,0.548,0.653,0.694,0.788,0.905,1.045,1.125,1.911,2.798,5.307,2240.880,3153.987,3562.408,4571.838,6029.528,9666.255,9328.944,27647.269,61415.964,246794.297,0.004,0.006,0.009,0.014,0.017,0.016,0.019,0.021,0.022,0.026,0.044,0.052,0.055,0.061,0.070,0.079,0.085,0.136,0.189,0.325
880.000,0.261,0.303,0.318,0.352,0.393,0.435,0.466,0.706,0.952,1.582,0.723,0.806,0.837,0.904,0.985,1.069,1.131,1.612,2.104,3.364,150.621,219.052,247.610,317.645,419.081,671.664,648.555,1921.586,4266.740,17198.533,0.016,0.026,0.033,0.048,0.056,0.054,0.061,0.067,0.070,0.080,0.015,0.017,0.017,0.019,0.021,0.023,0.024,0.035,0.045,0.072
881.000,0.232,0.269,0.283,0.314,0.351,0.391,0.419,0.647,0.883,1.494,0.663,0.738,0.766,0.827,0.902,0.982,1.039,1.494,1.966,3.187,150.664,219.113,247.620,317.679,419.049,671.654,648.498,1919.479,4266.536,17177.822,0.009,0.014,0.018,0.025,0.029,0.028,0.032,0.035,0.036,0.042,0.018,0.020,0.021,0.023,0.025,0.027,0.029,0.041,0.052,0.081
882.000,0.072,0.087,0.094,0.107,0.125,0.155,0.159,0.329,0.587,1.432,0.345,0.375,0.387,0.415,0.449,0.511,0.517,0.859,1.375,3.063,-238.411,-16.194,-2.195,-0.071,0.044,0.001,0.264,2.843,13.796,145.768,-inf,-1262.447,-146.023,-9.077,8.436,nan,34.513,463.985,414726.264,inf,-0.005,-0.001,-0.000,-0.000,0.000,0.000,0.000,0.000,0.001,0.002
883.000,0.076,0.091,0.097,0.111,0.128,0.159,0.162,0.333,0.591,1.435,0.352,0.382,0.395,0.422,0.457,0.518,0.525,0.866,1.383,3.071,-60.511,7.425,8.390,10.759,14.206,22.698,22.034,63.155,140.859,672.375,-876.378,0.237,0.254,0.274,0.300,0.296,0.323,0.345,0.370,151.433,-0.001,0.003,0.003,0.004,0.004,0.004,0.004,0.005,0.005,0.008
884.000,0.091,0.106,0.112,0.126,0.143,0.174,0.177,0.350,0.609,1.454,0.382,0.412,0.424,0.451,0.486,0.548,0.554,0.899,1.419,3.109,-285.753,7.342,8.384,10.750,14.182,22.699,21.882,62.397,149.007,785.602,-994.914,0.244,0.269,0.311,0.349,0.336,0.383,0.417,0.467,317.180,-0.005,0.002,0.003,0.003,0.003,0.003,0.004,0.004,0.005,0.007
885.000,0.091,0.105,0.112,0.125,0.142,0.174,0.176,0.350,0.611,1.457,0.382,0.411,0.423,0.450,0.485,0.547,0.553,0.900,1.422,3.115,-515.602,7.033,8.365,10.697,14.073,22.700,21.379,63.484,160.060,917.553,-217.083,0.209,0.252,0.310,0.349,0.349,0.384,0.423,0.573,354.759,-0.009,0.002,0.003,0.003,0.003,0.003,0.004,0.005,0.005,0.008
886.000,0.091,0.105,0.111,0.125,0.142,0.173,0.176,0.351,0.613,1.460,1.182,1.211,1.223,1.250,1.284,1.346,1.351,1.702,2.225,3.921,41.718,59.310,66.995,85.965,113.396,181.582,175.862,519.319,1128.485,4738.566,0.056,0.084,0.091,0.118,0.143,0.141,0.163,0.185,0.197,0.238,0.005,0.006,0.006,0.007,0.008,0.009,0.010,0.013,0.014,0.021
887.000,0.091,0.105,0.111,0.124,0.141,0.172,0.174,0.350,0.613,1.462,1.182,1.210,1.222,1.248,1.282,1.344,1.348,1.700,2.226,3.923,41.827,59.347,67.019,85.994,113.439,181.582,175.921,516.899,1128.313,4857.634,0.062,0.083,0.092,0.117,0.142,0.140,0.162,0.184,0.195,0.237,0.005,0.006,0.006,0.007,0.008,0.009,0.010,0.013,0.014,0.019
888.000,0.090,0.104,0.109,0.122,0.139,0.170,0.172,0.348,0.612,1.462,1.180,1.207,1.219,1.245,1.278,1.341,1.344,1.696,2.224,3.924,47.677,66.791,75.424,96.773,127.648,204.266,197.979,580.633,1270.916,5469.641,0.054,0.073,0.081,0.102,0.124,0.122,0.142,0.161,0.171,0.206,0.006,0.007,0.007,0.008,0.009,0.010,0.011,0.014,0.016,0.021
889.000,0.087,0.100,0.106,0.119,0.135,0.166,0.167,0.345,0.609,1.461,1.174,1.201,1.212,1.237,1.270,1.333,1.335,1.689,2.219,3.922,47.646,66.803,75.439,96.798,127.675,204.268,198.065,576.236,1273.322,5605.010,0.051,0.071,0.080,0.099,0.120,0.118,0.137,0.156,0.166,0.408,0.003,0.007,0.007,0.008,0.010,0.010,0.012,0.015,0.016,0.023
89.000,0.263,0.313,0.333,0.378,0.434,0.501,0.539,0.916,1.343,2.555,0.527,0.626,0.666,0.756,0.868,1.003,1.078,1.832,2.685,5.110,2303.871,3234.257,3652.693,4687.767,6182.582,9911.271,9565.428,28355.619,62949.229,252967.875,0.003,0.006,0.008,0.013,0.016,0.015,0.018,0.020,0.021,0.024,0.048,0.056,0.059,0.066,0.075,0.084,0.091,0.146,0.204,0.351
890.000,0.083,0.096,0.101,0.113,0.129,0.161,0.161,0.340,0.605,1.458,1.166,1.191,1.202,1.227,1.258,1.322,1.322,1.680,2.211,3.917,53.552,74.243,83.843,107.574,141.892,226.958,220.166,639.905,1415.798,6217.781,0.045,0.063,0.070,0.085,0.103,0.102,0.117,0.133,0.141,0.383,0.003,0.008,0.009,0.010,0.011,0.012,0.014,0.017,0.018,0.026
891.000,0.077,0.089,0.094,0.106,0.121,0.153,0.153,0.334,0.601,1.455,1.154,1.178,1.189,1.212,1.243,1.307,1.306,1.667,2.201,3.910,8.609,74.250,83.846,107.581,141.906,226.960,220.156,637.480,1422.186,6353.570,0.042,0.061,0.067,0.081,0.096,0.096,0.109,0.123,0.131,14.300,0.000,0.009,0.009,0.011,0.012,0.013,0.014,0.017,0.019,0.027
892.000,0.071,0.083,0.088,0.099,0.114,0.147,0.145,0.328,0.597,1.453,1.143,1.166,1.176,1.199,1.228,1.293,1.290,1.657,2.194,3.907,20.263,81.685,92.253,118.346,156.131,249.636,242.194,701.327,1565.999,6966.543,0.038,0.054,0.060,0.069,0.082,0.082,0.092,0.104,0.110,6.092,0.000,0.011,0.011,0.013,0.014,0.015,0.017,0.020,0.021,0.030
893.000,0.065,0.076,0.080,0.091,0.105,0.138,0.135,0.324,0.595,1.453,1.130,1.151,1.161,1.182,1.210,1.276,1.270,1.647,2.189,3.905,-301.897,81.653,92.253,118.346,156.123,249.637,242.119,700.864,1574.016,7103.398,-17.011,0.052,0.057,0.065,0.075,0.075,0.084,0.094,0.101,10.936,-0.003,0.012,0.012,0.014,0.016,0.016,0.018,0.020,0.022,0.036
894.000,0.056,0.065,0.069,0.078,0.090,0.126,0.121,0.320,0.593,1.453,1.112,1.130,1.138,1.156,1.181,1.252,1.243,1.639,2.186,3.906,-537.555,81.613,92.246,118.346,156.104,249.637,241.993,700.825,1582.090,7203.938,-60.901,0.050,0.054,0.058,0.064,0.065,0.071,0.080,0.087,20.029,-0.006,0.013,0.015,0.016,0.018,0.018,0.020,0.021,0.023,0.045
895.000,0.029,0.038,0.042,0.052,0.067,0.107,0.106,0.318,0.593,1.455,1.059,1.076,1.084,1.104,1.134,1.213,1.213,1.636,2.187,3.909,32.895,99.134,111.956,143.577,189.522,302.853,293.994,851.591,1902.248,8398.090,0.006,0.014,0.015,0.015,0.015,0.016,0.016,0.018,0.023,1.194,0.000,0.020,0.025,0.029,0.030,0.029,0.031,0.031,0.032,0.079
896.000,0.223,0.263,0.281,0.321,0.372,0.435,0.467,0.820,1.234,2.447,0.645,0.727,0.762,0.842,0.943,1.070,1.134,1.841,2.669,5.094,29.993,44.508,50.290,64.517,85.140,136.149,131.913,388.281,857.249,3393.018,0.078,0.168,0.203,0.238,0.251,0.247,0.262,0.276,0.288,0.380,0.003,0.004,0.004,0.004,0.005,0.005,0.005,0.006,0.007,0.015
897.000,0.227,0.268,0.286,0.326,0.376,0.440,0.472,0.826,1.240,2.454,0.655,0.736,0.771,0.851,0.953,1.080,1.145,1.852,2.681,5.108,30.755,44.599,50.396,64.598,85.333,136.149,132.287,387.806,847.988,3327.986,0.094,0.194,0.215,0.240,0.255,0.252,0.266,0.278,0.286,0.325,0.004,0.004,0.004,0.004,0.005,0.005,0.005,0.005,0.006,0.012
898.000,0.232,0.273,0.291,0.331,0.382,0.445,0.478,0.832,1.247,2.462,0.665,0.746,0.781,0.861,0.963,1.091,1.156,1.865,2.694,5.123,41.277,59.487,67.226,86.162,113.824,181.563,176.431,516.289,1128.952,4489.641,0.075,0.149,0.164,0.184,0.196,0.193,0.204,0.213,0.219,0.247,0.005,0.005,0.005,0.006,0.006,0.006,0.006,0.007,0.008,0.016
899.000,0.236,0.277,0.295,0.335,0.386,0.450,0.483,0.838,1.254,2.469,0.673,0.754,0.789,0.870,0.972,1.100,1.165,1.876,2.707,5.138,46.729,66.930,75.660,96.968,128.084,204.243,198.451,579.569,1272.608,5118.216,0.052,0.101,0.111,0.125,0.133,0.131,0.139,0.145,0.150,0.268,0.003,0.006,0.006,0.006,0.007,0.007,0.007,0.008,0.009,0.017
9.000,0.012,0.015,0.016,0.019,0.022,0.027,0.029,0.056,0.092,0.214,1.024,1.030,1.033,1.038,1.045,1.054,1.058,1.113,1.184,1.428,59.029,88.324,100.054,128.224,169.171,271.470,261.834,777.196,1730.656,7012.077,0.004,0.006,0.008,0.011,0.014,0.013,0.015,0.017,0.017,0.020,0.057,0.067,0.070,0.077,0.086,0.095,0.101,0.152,0.201,0.314
90.000,0.267,0.315,0.334,0.376,0.430,0.494,0.530,0.889,1.296,2.462,0.534,0.629,0.667,0.753,0.860,0.988,1.060,1.778,2.592,4.924,2305.030,3234.587,3652.694,4688.108,6182.404,9911.229,9564.353,28333.754,63010.588,252919.844,0.003,0.005,0.008,0.013,0.015,0.015,0.018,0.020,0.021,0.025,0.047,0.055,0.059,0.066,0.076,0.086,0.093,0.152,0.213,0.370
900.000,0.242,0.283,0.300,0.341,0.392,0.456,0.489,0.845,1.261,2.477,0.684,0.765,0.801,0.881,0.984,1.112,1.177,1.890,2.722,5.154,-65.951,67.028,75.707,97.017,128.108,204.243,198.141,576.897,1283.775,5301.385,-0.285,0.120,0.134,0.154,0.164,0.161,0.172,0.180,0.186,0.498,-0.004,0.006,0.006,0.006,0.006,0.007,0.007,0.008,0.009,0.014
901.000,0.034,0.045,0.049,0.059,0.075,0.126,0.115,0.404,0.799,1.964,0.267,0.289,0.298,0.319,0.350,0.451,0.429,1.008,1.797,4.127,9.840,14.776,16.729,21.452,28.328,45.396,44.032,129.864,282.256,1129.985,0.035,0.064,0.070,0.072,0.074,0.090,0.083,0.191,0.280,0.466,0.002,0.004,0.006,0.014,0.016,0.014,0.016,0.017,0.018,0.033
902.000,0.216,0.255,0.272,0.311,0.361,0.422,0.454,0.797,1.194,2.361,0.632,0.710,0.744,0.822,0.921,1.045,1.108,1.794,2.588,4.921,10.192,14.861,16.786,21.522,28.433,45.391,44.141,127.482,283.854,1231.004,0.010,0.034,0.039,0.044,0.047,0.046,0.049,0.051,0.053,0.315,0.000,0.001,0.001,0.002,0.002,0.002,0.002,0.002,0.002,0.008
903.000,0.210,0.250,0.267,0.306,0.355,0.417,0.449,0.792,1.189,2.356,0.621,0.699,0.734,0.812,0.911,1.034,1.098,1.784,2.578,4.911,-561.971,-60.616,-11.188,-0.395,0.263,-0.000,1.568,12.265,43.814,359.946,-inf,-1122.644,-123.978,-8.215,7.701,nan,28.270,387.934,1205000.205,inf,-0.009,-0.001,-0.000,-0.000,0.000,0.000,0.000,0.000,0.001,0.001
904.000,0.220,0.259,0.276,0.315,0.365,0.426,0.458,0.801,1.198,2.365,0.639,0.718,0.752,0.830,0.929,1.053,1.116,1.802,2.597,4.930,-882.495,-95.422,-17.659,-0.626,0.415,-0.000,2.474,19.322,68.933,565.525,-inf,-134.039,-14.765,-0.974,0.909,nan,3.364,46.261,146129.651,inf,-0.012,-0.002,-0.001,-0.000,0.000,0.000,0.000,0.000,0.001,0.002
905.000,0.010,0.013,0.014,0.017,0.020,0.024,0.026,0.049,0.078,0.169,0.221,0.227,0.229,0.234,0.240,0.248,0.252,0.298,0.356,0.538,4.891,7.382,8.363,10.718,14.140,22.698,21.885,64.907,144.753,589.718,0.011,0.015,0.019,0.027,0.031,0.030,0.034,0.037,0.039,0.045,0.026,0.030,0.031,0.034,0.038,0.041,0.044,0.062,0.078,0.110
906.000,0.021,0.026,0.028,0.033,0.039,0.048,0.051,0.097,0.156,0.411,0.241,0.253,0.257,0.266,0.278,0.295,0.302,0.394,0.512,1.023,9.813,14.767,16.727,21.436,28.282,45.396,43.767,129.900,289.242,1167.810,0.016,0.019,0.022,0.029,0.033,0.032,0.036,0.039,0.040,0.046,0.025,0.029,0.030,0.032,0.035,0.037,0.040,0.052,0.060,0.072
907.000,0.131,0.156,0.165,0.185,0.209,0.238,0.252,0.410,0.627,1.440,0.462,0.513,0.531,0.570,0.618,0.675,0.704,1.019,1.454,3.080,8.987,14.783,16.728,21.449,28.302,45.397,43.810,130.316,288.976,1110.381,0.099,0.178,0.194,0.260,0.302,0.293,0.332,0.361,0.377,0.497,0.002,0.003,0.003,0.004,0.004,0.004,0.004,0.006,0.007,0.012
908.000,0.134,0.159,0.168,0.187,0.211,0.240,0.254,0.411,0.630,1.444,0.467,0.517,0.535,0.574,0.622,0.679,0.708,1.022,1.459,3.089,30.186,44.379,50.183,64.363,84.907,136.149,131.443,390.624,866.036,3402.878,0.040,0.058,0.066,0.088,0.102,0.099,0.113,0.123,0.128,0.148,0.008,0.009,0.009,0.010,0.011,0.012,0.013,0.018,0.020,0.029
909.000,0.125,0.147,0.155,0.173,0.195,0.224,0.236,0.390,0.619,1.446,0.449,0.494,0.511,0.547,0.591,0.648,0.671,0.981,1.437,3.092,30.526,44.394,50.185,64.376,84.925,136.150,131.484,391.087,866.679,3342.437,0.038,0.054,0.061,0.078,0.091,0.089,0.100,0.110,0.115,0.132,0.009,0.010,0.011,0.012,0.013,0.014,0.015,0.019,0.021,0.031
91.000,0.254,0.299,0.317,0.356,0.407,0.467,0.500,0.837,1.220,2.325,0.509,0.598,0.633,0.713,0.813,0.933,1.001,1.674,2.440,4.650,2317.630,3249.153,3669.424,4709.563,6210.761,9957.306,9608.242,28455.834,63314.291,254084.453,0.003,0.005,0.007,0.012,0.014,0.014,0.016,0.019,0.020,0.023,0.050,0.059,0.062,0.071,0.081,0.092,0.099,0.163,0.231,0.402
910.000,0.100,0.119,0.126,0.142,0.161,0.190,0.197,0.357,0.605,1.445,0.400,0.438,0.452,0.483,0.522,0.580,0.595,0.914,1.410,3.090,30.556,44.398,50.187,64.378,84.925,136.150,131.514,391.314,864.144,3318.201,0.005,0.008,0.009,0.010,0.012,0.011,0.013,0.014,0.014,0.017,0.012,0.014,0.014,0.015,0.017,0.018,0.019,0.022,0.026,0.037
911.000,0.010,0.013,0.014,0.016,0.019,0.023,0.025,0.047,0.074,0.159,0.220,0.226,0.228,0.232,0.238,0.246,0.249,0.293,0.348,0.519,4.894,7.382,8.363,10.718,14.141,22.698,21.884,64.918,144.688,589.418,0.010,0.014,0.018,0.025,0.029,0.028,0.032,0.035,0.037,0.043,0.027,0.032,0.033,0.036,0.040,0.043,0.046,0.066,0.083,0.120
912.000,0.010,0.013,0.014,0.017,0.020,0.025,0.026,0.052,0.088,0.331,0.221,0.226,0.229,0.233,0.240,0.249,0.252,0.303,0.376,0.861,4.906,7.383,8.363,10.718,14.140,22.698,21.885,64.929,144.627,581.349,0.005,0.006,0.007,0.009,0.010,0.010,0.011,0.012,0.013,0.015,0.026,0.030,0.032,0.035,0.038,0.040,0.043,0.058,0.065,0.078
913.000,0.008,0.011,0.011,0.013,0.016,0.019,0.021,0.040,0.065,0.150,0.217,0.221,0.223,0.227,0.232,0.239,0.241,0.280,0.330,0.499,4.890,7.382,8.363,10.718,14.140,22.698,21.885,64.910,144.736,589.446,0.009,0.012,0.015,0.021,0.024,0.023,0.027,0.029,0.030,0.035,0.033,0.038,0.040,0.044,0.048,0.052,0.056,0.078,0.098,0.133
914.000,0.211,0.253,0.271,0.313,0.365,0.426,0.462,0.806,1.195,2.344,0.621,0.707,0.743,0.825,0.929,1.053,1.124,1.811,2.590,4.887,10.494,14.878,16.784,21.525,28.423,45.392,43.945,129.010,285.298,1127.375,0.147,0.404,0.444,0.497,0.518,0.510,0.532,0.546,0.555,0.801,0.001,0.001,0.002,0.002,0.002,0.002,0.002,0.002,0.002,0.006
915.000,0.066,0.080,0.085,0.096,0.109,0.133,0.131,0.252,0.578,1.739,0.332,0.361,0.371,0.392,0.417,0.467,0.463,0.705,1.356,3.678,14.798,22.147,25.090,32.155,42.420,68.072,65.646,196.275,433.694,1668.383,0.038,0.051,0.055,0.069,0.080,0.079,0.089,0.097,0.109,0.206,0.006,0.011,0.012,0.013,0.015,0.015,0.017,0.021,0.023,0.030
916.000,0.035,0.046,0.050,0.059,0.072,0.108,0.101,0.292,0.662,1.829,0.270,0.291,0.299,0.318,0.345,0.416,0.403,0.783,1.524,3.857,14.882,22.154,25.090,32.159,42.428,68.072,65.712,196.484,425.673,1704.174,0.022,0.035,0.038,0.039,0.040,0.044,0.042,0.063,0.113,0.234,0.004,0.009,0.016,0.024,0.024,0.024,0.025,0.026,0.028,0.045
917.000,0.097,0.116,0.122,0.136,0.153,0.174,0.183,0.288,0.473,1.588,0.394,0.431,0.444,0.472,0.505,0.548,0.566,0.777,1.146,3.376,19.766,29.536,33.454,42.875,56.566,90.791,87.543,260.127,581.760,2264.707,0.037,0.050,0.056,0.080,0.095,0.092,0.106,0.117,0.124,0.145,0.008,0.009,0.010,0.011,0.012,0.013,0.014,0.021,0.023,0.032
918.000,0.039,0.050,0.054,0.063,0.076,0.100,0.101,0.217,0.460,1.605,0.278,0.300,0.308,0.326,0.351,0.399,0.401,0.633,1.120,3.409,19.880,29.543,33.454,42.880,56.577,90.792,87.575,260.524,583.601,2204.192,0.017,0.024,0.026,0.028,0.029,0.030,0.031,0.032,0.042,0.108,0.008,0.022,0.028,0.030,0.031,0.031,0.033,0.035,0.038,0.052
919.000,0.120,0.148,0.160,0.187,0.224,0.276,0.295,0.582,0.971,2.181,0.441,0.496,0.519,0.574,0.647,0.753,0.790,1.363,2.141,4.562,19.898,29.616,33.475,42.966,56.703,90.788,87.922,259.572,573.477,2229.048,0.069,0.129,0.151,0.166,0.169,0.170,0.174,0.186,0.207,0.254,0.005,0.006,0.006,0.007,0.007,0.007,0.007,0.008,0.009,0.017
92.000,0.236,0.277,0.293,0.329,0.374,0.429,0.459,0.766,1.116,2.137,0.473,0.553,0.585,0.658,0.749,0.858,0.919,1.531,2.231,4.273,2330.217,3263.849,3686.151,4731.290,6238.796,10002.271,9652.814,28592.510,63556.033,255243.094,0.003,0.004,0.006,0.011,0.013,0.013,0.015,0.017,0.018,0.021,0.054,0.064,0.068,0.077,0.089,0.101,0.110,0.182,0.259,0.453
920.000,0.109,0.137,0.149,0.178,0.215,0.268,0.288,0.577,0.968,2.179,0.419,0.474,0.498,0.555,0.630,0.737,0.776,1.354,2.136,4.559,20.281,29.669,33.513,43.032,56.822,90.786,88.055,258.952,565.988,2258.118,0.067,0.133,0.149,0.156,0.158,0.160,0.163,0.175,0.198,0.324,0.004,0.006,0.007,0.007,0.007,0.007,0.007,0.008,0.009,0.017
921.000,0.094,0.126,0.139,0.170,0.210,0.263,0.284,0.576,0.968,2.181,0.387,0.451,0.479,0.541,0.619,0.726,0.768,1.353,2.137,4.563,20.307,29.673,33.516,43.033,56.831,90.786,88.063,258.737,565.312,2267.741,0.002,0.005,0.005,0.006,0.006,0.006,0.006,0.007,0.008,0.013,0.003,0.006,0.007,0.007,0.008,0.008,0.008,0.008,0.009,0.022
922.000,0.029,0.038,0.041,0.047,0.056,0.070,0.074,0.145,0.241,0.930,0.258,0.275,0.281,0.295,0.313,0.340,0.348,0.490,0.681,2.061,9.027,13.567,15.364,19.691,25.981,41.691,40.220,119.387,265.604,1031.482,0.032,0.040,0.042,0.051,0.056,0.055,0.060,0.064,0.066,0.105,0.011,0.018,0.018,0.019,0.021,0.022,0.023,0.027,0.029,0.036
923.000,0.113,0.132,0.139,0.156,0.176,0.201,0.214,0.347,0.501,1.300,1.225,1.264,1.279,1.312,1.353,1.401,1.429,1.694,2.002,3.601,204.074,289.401,326.816,419.518,553.150,886.597,856.052,2534.085,5633.533,22154.213,0.010,0.013,0.018,0.030,0.037,0.036,0.043,0.049,0.052,0.061,0.019,0.023,0.024,0.027,0.031,0.035,0.038,0.063,0.087,0.114
924.000,0.035,0.044,0.048,0.056,0.067,0.086,0.088,0.185,0.343,1.269,1.071,1.088,1.095,1.112,1.133,1.171,1.177,1.370,1.687,3.539,204.261,289.403,326.817,419.537,553.150,886.598,855.891,2534.245,5635.706,22110.266,0.006,0.007,0.008,0.010,0.011,0.011,0.012,0.013,0.014,0.016,0.065,0.073,0.076,0.083,0.091,0.095,0.103,0.133,0.143,0.167
925.000,0.059,0.073,0.078,0.090,0.104,0.118,0.129,0.213,0.297,0.508,0.318,0.346,0.357,0.380,0.408,0.437,0.459,0.626,0.793,1.217,-33.485,-5.322,-1.321,-0.060,0.035,0.001,0.221,1.205,3.475,39.759,-inf,-1797.212,-129.108,-8.761,9.538,nan,33.415,3284.998,inf,inf,-0.005,-0.001,-0.000,-0.000,0.000,0.000,0.000,0.000,0.000,0.004
926.000,0.079,0.093,0.098,0.110,0.124,0.138,0.149,0.233,0.317,0.529,0.357,0.386,0.397,0.420,0.448,0.477,0.499,0.666,0.833,1.257,9.317,13.594,15.365,19.709,25.996,41.692,40.224,119.194,265.163,1067.282,0.033,0.062,0.085,0.130,0.154,0.149,0.173,0.191,0.201,0.236,0.005,0.006,0.006,0.007,0.008,0.008,0.009,0.014,0.019,0.035
927.000,0.010,0.013,0.014,0.017,0.020,0.025,0.026,0.052,0.087,0.458,0.221,0.226,0.228,0.233,0.239,0.249,0.252,0.304,0.374,1.116,9.319,13.594,15.365,19.710,25.996,41.692,40.227,119.206,265.096,1063.876,0.001,0.001,0.001,0.001,0.001,0.001,0.001,0.001,0.001,0.002,0.039,0.056,0.059,0.064,0.070,0.074,0.080,0.106,0.121,0.138
928.000,0.188,0.223,0.235,0.261,0.293,0.325,0.350,0.531,0.712,1.161,0.577,0.647,0.671,0.723,0.786,0.849,0.899,1.263,1.624,2.521,49.823,74.626,84.494,108.308,142.893,229.266,221.122,656.091,1459.957,5930.542,0.027,0.044,0.059,0.087,0.101,0.097,0.111,0.121,0.127,0.147,0.008,0.009,0.010,0.010,0.011,0.013,0.013,0.020,0.026,0.044
929.000,0.184,0.218,0.230,0.255,0.286,0.317,0.341,0.518,0.693,1.128,0.569,0.637,0.660,0.711,0.773,0.834,0.882,1.235,1.586,2.456,50.563,74.668,84.494,108.330,142.908,229.266,221.128,655.758,1460.945,5910.190,0.025,0.042,0.057,0.084,0.097,0.094,0.107,0.117,0.122,0.141,0.008,0.010,0.010,0.011,0.012,0.013,0.014,0.021,0.027,0.046
93.000,0.203,0.238,0.251,0.282,0.320,0.366,0.392,0.650,0.949,1.849,0.407,0.475,0.502,0.564,0.640,0.733,0.784,1.301,1.898,3.698,2330.004,3264.078,3686.152,4731.127,6238.695,10002.271,9652.961,28592.914,63554.278,255263.500,0.002,0.004,0.005,0.009,0.011,0.011,0.013,0.014,0.015,0.018,0.063,0.075,0.080,0.091,0.105,0.121,0.130,0.220,0.315,0.549
930.000,0.193,0.225,0.237,0.261,0.291,0.320,0.343,0.512,0.679,1.094,0.585,0.651,0.674,0.722,0.782,0.840,0.887,1.224,1.558,2.387,78.144,115.389,130.575,167.414,220.849,354.216,341.704,1013.637,2257.372,9134.891,0.015,0.026,0.036,0.055,0.065,0.062,0.072,0.079,0.083,0.097,0.012,0.014,0.015,0.016,0.018,0.020,0.021,0.032,0.044,0.075
931.000,0.050,0.063,0.068,0.078,0.091,0.107,0.116,0.204,0.302,0.575,0.301,0.326,0.335,0.356,0.382,0.413,0.431,0.608,0.804,1.351,78.284,115.397,130.575,167.404,220.847,354.216,341.707,1013.697,2257.896,9127.362,0.005,0.007,0.008,0.011,0.012,0.012,0.013,0.014,0.014,0.016,0.072,0.081,0.084,0.090,0.097,0.103,0.109,0.143,0.173,0.238
932.000,0.104,0.129,0.138,0.158,0.182,0.211,0.228,0.389,0.564,1.067,0.408,0.458,0.476,0.515,0.565,0.622,0.657,0.977,1.328,2.334,83.537,122.785,138.938,178.138,235.007,376.933,363.615,1078.772,2401.606,9690.406,0.014,0.018,0.021,0.027,0.030,0.029,0.032,0.034,0.035,0.038,0.031,0.034,0.035,0.037,0.039,0.041,0.043,0.055,0.065,0.085
933.000,0.183,0.215,0.227,0.251,0.282,0.314,0.337,0.519,0.713,1.265,0.565,0.630,0.653,0.703,0.764,0.828,0.873,1.238,1.626,2.729,88.942,130.218,147.301,188.870,249.137,399.667,385.588,1142.974,2546.205,10269.130,0.018,0.026,0.033,0.047,0.055,0.053,0.060,0.066,0.069,0.079,0.015,0.017,0.018,0.019,0.021,0.023,0.025,0.036,0.045,0.066
934.000,0.125,0.151,0.160,0.180,0.205,0.234,0.250,0.418,0.611,1.182,0.451,0.502,0.520,0.560,0.610,0.669,0.701,1.036,1.421,2.564,94.235,137.625,155.665,199.601,263.308,422.282,407.368,1208.345,2690.917,10841.609,0.015,0.018,0.021,0.028,0.031,0.031,0.034,0.037,0.038,0.043,0.027,0.030,0.031,0.034,0.037,0.039,0.042,0.054,0.063,0.079
935.000,0.106,0.131,0.141,0.163,0.190,0.224,0.242,0.434,0.652,1.285,0.411,0.463,0.482,0.525,0.580,0.649,0.685,1.067,1.505,2.771,94.348,137.614,155.665,199.618,263.315,422.282,407.471,1207.676,2688.171,10829.149,0.017,0.021,0.023,0.026,0.028,0.028,0.030,0.031,0.032,0.034,0.034,0.037,0.038,0.039,0.041,0.042,0.044,0.051,0.056,0.068
936.000,0.312,0.359,0.376,0.414,0.461,0.506,0.543,0.806,1.069,1.758,0.823,0.917,0.952,1.029,1.121,1.213,1.285,1.813,2.339,3.716,99.058,145.100,164.031,210.397,277.521,445.130,429.464,1273.088,2832.969,11382.572,0.030,0.048,0.064,0.094,0.110,0.106,0.121,0.132,0.138,0.162,0.007,0.008,0.009,0.010,0.011,0.012,0.012,0.018,0.024,0.039
937.000,0.308,0.354,0.372,0.409,0.455,0.501,0.537,0.798,1.058,1.740,0.816,0.908,0.943,1.019,1.111,1.201,1.274,1.796,2.316,3.681,94.656,145.065,164.032,210.420,277.580,445.124,429.596,1273.430,2828.714,11359.495,0.029,0.047,0.063,0.092,0.108,0.103,0.119,0.129,0.135,0.170,0.007,0.009,0.009,0.010,0.011,0.012,0.013,0.019,0.025,0.040
938.000,0.302,0.348,0.365,0.403,0.448,0.493,0.529,0.787,1.044,1.720,0.805,0.896,0.930,1.005,1.096,1.186,1.257,1.774,2.288,3.640,44.709,152.436,172.396,221.137,291.745,467.766,451.517,1338.381,2974.222,11937.938,0.027,0.044,0.058,0.085,0.100,0.096,0.110,0.120,0.125,0.564,0.002,0.009,0.010,0.011,0.012,0.013,0.014,0.020,0.027,0.043
939.000,0.295,0.340,0.357,0.394,0.439,0.483,0.519,0.773,1.026,1.695,0.790,0.880,0.914,0.988,1.078,1.166,1.237,1.747,2.251,3.590,162.636,232.482,262.616,337.045,444.515,712.336,687.914,2036.657,4530.039,18111.633,0.017,0.028,0.037,0.054,0.063,0.061,0.069,0.076,0.079,0.090,0.013,0.015,0.015,0.017,0.018,0.020,0.021,0.031,0.042,0.067
94.000,0.066,0.082,0.088,0.103,0.122,0.152,0.161,0.321,0.537,1.297,0.133,0.163,0.176,0.206,0.245,0.304,0.322,0.642,1.074,2.595,2336.194,3271.223,3694.516,4741.858,6252.571,10024.382,9675.101,28655.731,63723.596,255845.109,0.001,0.002,0.002,0.003,0.004,0.004,0.004,0.005,0.005,0.006,0.201,0.228,0.239,0.261,0.288,0.313,0.336,0.480,0.608,0.866
940.000,0.298,0.341,0.358,0.393,0.436,0.479,0.513,0.758,1.000,1.655,0.797,0.883,0.916,0.987,1.073,1.158,1.226,1.715,2.200,3.509,171.240,243.626,275.167,353.204,465.738,746.383,720.591,2134.529,4737.267,18952.752,0.016,0.025,0.034,0.051,0.060,0.057,0.066,0.073,0.076,0.087,0.013,0.015,0.016,0.018,0.019,0.021,0.023,0.034,0.046,0.074
941.000,0.276,0.316,0.332,0.365,0.405,0.445,0.477,0.705,0.932,1.568,0.753,0.833,0.863,0.930,1.010,1.090,1.153,1.610,2.063,3.337,171.995,243.648,275.172,353.197,465.700,746.387,720.754,2134.486,4739.231,18923.459,0.014,0.022,0.030,0.045,0.053,0.051,0.058,0.064,0.067,0.077,0.015,0.017,0.018,0.020,0.022,0.024,0.026,0.039,0.052,0.082
942.000,0.240,0.276,0.289,0.319,0.354,0.389,0.418,0.620,0.820,1.445,0.680,0.751,0.778,0.837,0.908,0.979,1.035,1.440,1.841,3.090,172.260,243.670,275.172,353.223,465.752,746.394,720.580,2133.989,4739.911,18895.150,0.009,0.013,0.018,0.026,0.031,0.030,0.035,0.038,0.040,0.045,0.019,0.022,0.023,0.025,0.028,0.030,0.032,0.049,0.066,0.100
943.000,0.046,0.056,0.059,0.067,0.077,0.090,0.094,0.163,0.266,1.026,0.293,0.312,0.319,0.334,0.353,0.380,0.389,0.525,0.732,2.251,-172.762,-4.403,-0.872,-0.037,0.020,0.001,0.131,0.831,3.506,110.112,-inf,-4137278.215,-204.419,-11.275,9.391,nan,34.958,1113.664,inf,inf,-0.004,-0.001,-0.000,-0.000,0.000,0.000,0.000,0.000,0.001,0.006
944.000,0.048,0.058,0.061,0.069,0.079,0.092,0.096,0.165,0.268,1.028,0.297,0.316,0.323,0.338,0.357,0.384,0.393,0.530,0.736,2.256,5.083,7.399,8.363,10.728,14.152,22.699,21.907,65.062,144.655,633.935,0.062,0.087,0.094,0.131,0.155,0.151,0.173,0.192,0.202,0.346,0.003,0.006,0.006,0.007,0.008,0.008,0.009,0.012,0.013,0.019
945.000,0.025,0.031,0.034,0.040,0.048,0.064,0.065,0.144,0.266,1.045,0.249,0.263,0.268,0.280,0.297,0.327,0.331,0.487,0.732,2.291,5.125,7.401,8.364,10.731,14.155,22.700,21.912,65.000,143.020,728.376,0.002,0.004,0.004,0.004,0.005,0.005,0.005,0.005,0.005,0.074,0.001,0.012,0.012,0.013,0.014,0.014,0.015,0.015,0.015,0.036
946.000,0.058,0.071,0.075,0.084,0.096,0.110,0.117,0.193,0.286,0.970,0.317,0.341,0.350,0.368,0.391,0.419,0.434,0.585,0.771,2.140,7.453,11.079,12.545,16.081,21.215,34.037,32.838,97.412,217.113,831.272,0.052,0.066,0.078,0.113,0.133,0.129,0.148,0.164,0.172,0.202,0.006,0.007,0.007,0.008,0.009,0.009,0.010,0.015,0.018,0.022
947.000,0.031,0.039,0.042,0.049,0.059,0.073,0.078,0.154,0.259,0.986,0.261,0.278,0.284,0.299,0.318,0.347,0.355,0.508,0.718,2.172,7.536,11.086,12.545,16.085,21.221,34.038,32.848,97.498,217.424,890.513,0.020,0.033,0.034,0.040,0.044,0.043,0.047,0.050,0.052,0.099,0.007,0.014,0.014,0.015,0.016,0.017,0.018,0.021,0.021,0.036
948.000,0.091,0.113,0.120,0.138,0.161,0.202,0.207,0.427,0.796,1.993,0.383,0.425,0.441,0.476,0.522,0.604,0.613,1.053,1.791,4.186,14.914,22.179,25.093,32.179,42.469,68.073,65.818,195.574,429.178,1651.932,0.074,0.109,0.121,0.132,0.139,0.140,0.147,0.157,0.188,0.276,0.004,0.006,0.007,0.008,0.008,0.008,0.009,0.010,0.011,0.016
949.000,0.097,0.118,0.125,0.143,0.167,0.209,0.214,0.440,0.812,2.011,0.393,0.435,0.451,0.487,0.533,0.618,0.628,1.080,1.824,4.223,14.660,22.188,25.095,32.197,42.501,68.075,65.944,195.532,422.190,1740.468,0.076,0.123,0.131,0.138,0.146,0.147,0.155,0.165,0.190,0.449,0.003,0.006,0.007,0.008,0.008,0.008,0.008,0.009,0.009,0.015
95.000,0.208,0.244,0.258,0.290,0.331,0.378,0.405,0.674,0.980,1.886,0.417,0.488,0.517,0.581,0.661,0.757,0.811,1.347,1.960,3.772,2335.912,3271.587,3694.517,4742.078,6253.140,10024.402,9675.589,28656.919,63769.334,255866.578,0.002,0.004,0.005,0.009,0.011,0.011,0.013,0.015,0.016,0.019,0.062,0.073,0.078,0.089,0.102,0.117,0.126,0.212,0.304,0.536
950.000,0.081,0.102,0.110,0.129,0.153,0.197,0.203,0.435,0.810,2.011,0.361,0.404,0.420,0.458,0.507,0.593,0.605,1.069,1.819,4.222,39.723,59.157,66.915,85.825,113.261,181.583,175.528,521.253,1145.041,4416.571,0.012,0.019,0.021,0.023,0.024,0.024,0.024,0.027,0.035,0.051,0.011,0.016,0.021,0.023,0.024,0.024,0.024,0.026,0.030,0.047
951.000,0.020,0.026,0.028,0.032,0.038,0.046,0.049,0.091,0.141,0.285,0.240,0.252,0.256,0.264,0.276,0.291,0.298,0.382,0.481,0.769,16.510,24.943,28.264,36.222,47.785,76.685,73.965,219.370,488.908,1995.873,0.007,0.010,0.012,0.017,0.019,0.018,0.021,0.022,0.023,0.027,0.043,0.050,0.052,0.056,0.061,0.066,0.070,0.096,0.119,0.168
952.000,0.036,0.046,0.049,0.057,0.067,0.079,0.085,0.153,0.229,0.443,0.272,0.291,0.298,0.314,0.333,0.357,0.370,0.506,0.658,1.085,38.241,57.730,65.406,83.821,110.581,177.422,171.140,507.554,1131.957,4612.158,0.006,0.009,0.011,0.014,0.016,0.016,0.017,0.019,0.019,0.022,0.052,0.060,0.062,0.067,0.072,0.077,0.082,0.109,0.134,0.189
953.000,0.048,0.061,0.066,0.076,0.088,0.103,0.112,0.196,0.287,0.534,0.297,0.323,0.332,0.351,0.377,0.406,0.424,0.591,0.774,1.268,38.378,57.740,65.406,83.821,110.585,177.422,171.114,507.944,1131.002,4591.002,0.009,0.012,0.015,0.020,0.023,0.022,0.025,0.027,0.028,0.031,0.037,0.042,0.043,0.047,0.050,0.054,0.057,0.076,0.094,0.136
954.000,0.034,0.043,0.047,0.054,0.063,0.075,0.081,0.146,0.220,0.428,0.268,0.287,0.293,0.308,0.326,0.350,0.362,0.493,0.640,1.056,43.364,65.125,73.769,94.539,124.736,200.158,193.026,572.691,1275.124,5174.033,0.004,0.005,0.006,0.008,0.009,0.009,0.010,0.011,0.011,0.013,0.063,0.072,0.075,0.080,0.087,0.093,0.099,0.132,0.160,0.224
955.000,0.021,0.027,0.029,0.033,0.039,0.047,0.050,0.093,0.143,0.288,0.241,0.253,0.257,0.266,0.278,0.293,0.301,0.386,0.486,0.776,19.124,28.897,32.745,41.965,55.362,88.826,85.688,254.182,566.433,2312.927,0.006,0.009,0.011,0.015,0.017,0.016,0.018,0.020,0.021,0.024,0.049,0.056,0.058,0.063,0.069,0.074,0.079,0.108,0.134,0.191
956.000,0.022,0.029,0.031,0.036,0.042,0.051,0.055,0.101,0.155,0.311,0.245,0.257,0.262,0.272,0.284,0.301,0.309,0.402,0.510,0.821,28.916,43.663,49.472,63.401,83.640,134.245,129.458,383.928,856.086,3490.575,0.005,0.006,0.008,0.011,0.012,0.012,0.013,0.014,0.015,0.017,0.067,0.077,0.080,0.087,0.095,0.102,0.108,0.147,0.181,0.256
957.000,0.121,0.144,0.152,0.169,0.190,0.211,0.227,0.348,0.470,0.774,0.443,0.489,0.505,0.539,0.580,0.622,0.655,0.897,1.139,1.749,29.299,43.692,49.472,63.409,83.649,134.247,129.453,384.208,855.276,3467.665,0.022,0.037,0.050,0.075,0.089,0.085,0.099,0.108,0.114,0.133,0.009,0.010,0.011,0.012,0.013,0.014,0.015,0.023,0.032,0.053
958.000,0.033,0.041,0.044,0.051,0.060,0.071,0.077,0.138,0.207,0.397,0.265,0.282,0.289,0.302,0.320,0.342,0.353,0.476,0.613,0.993,34.254,51.079,57.835,74.129,97.789,156.915,151.342,449.091,1000.251,4052.591,0.006,0.008,0.010,0.014,0.016,0.015,0.017,0.019,0.019,0.022,0.053,0.060,0.062,0.067,0.073,0.078,0.083,0.112,0.139,0.199
959.000,0.029,0.037,0.040,0.046,0.054,0.065,0.070,0.128,0.194,0.381,0.259,0.274,0.280,0.293,0.309,0.330,0.340,0.455,0.587,0.962,34.327,51.067,57.835,74.128,97.795,156.915,151.348,448.854,999.633,4049.974,0.005,0.008,0.009,0.012,0.014,0.014,0.015,0.017,0.017,0.020,0.059,0.067,0.070,0.076,0.082,0.087,0.093,0.125,0.152,0.213
96.000,0.060,0.074,0.079,0.093,0.110,0.137,0.145,0.288,0.483,1.222,0.120,0.147,0.159,0.185,0.220,0.273,0.289,0.575,0.966,2.444,2348.708,3286.540,3711.245,4763.639,6281.378,10069.838,9719.527,28785.456,64061.965,257009.297,0.001,0.002,0.002,0.003,0.004,0.003,0.004,0.004,0.005,0.005,0.224,0.254,0.266,0.292,0.323,0.351,0.377,0.543,0.688,0.937
960.000,0.118,0.140,0.148,0.165,0.185,0.207,0.223,0.347,0.478,0.832,0.435,0.480,0.496,0.530,0.571,0.615,0.646,0.895,1.157,1.864,34.507,51.068,57.835,74.135,97.804,156.917,151.353,449.320,998.988,4050.794,0.007,0.010,0.014,0.020,0.023,0.023,0.026,0.028,0.030,0.035,0.011,0.012,0.013,0.014,0.016,0.017,0.019,0.027,0.036,0.055
961.000,0.033,0.042,0.045,0.052,0.060,0.072,0.077,0.139,0.209,0.401,0.265,0.283,0.289,0.303,0.321,0.343,0.355,0.478,0.617,1.001,19.572,29.527,33.454,42.872,56.560,90.791,87.537,259.655,578.783,2357.819,0.010,0.015,0.018,0.025,0.028,0.027,0.030,0.033,0.034,0.039,0.030,0.034,0.036,0.038,0.042,0.045,0.047,0.064,0.079,0.114
962.000,0.020,0.026,0.028,0.033,0.039,0.046,0.050,0.093,0.143,0.288,0.241,0.252,0.256,0.265,0.277,0.292,0.300,0.385,0.485,0.777,19.621,29.533,33.454,42.872,56.560,90.791,87.535,259.708,578.228,2349.794,0.006,0.008,0.010,0.014,0.016,0.016,0.018,0.019,0.020,0.023,0.051,0.058,0.060,0.066,0.072,0.077,0.082,0.112,0.138,0.194
963.000,0.100,0.120,0.127,0.141,0.159,0.178,0.191,0.297,0.403,0.667,0.401,0.440,0.454,0.483,0.518,0.555,0.583,0.793,1.005,1.534,19.837,29.535,33.454,42.876,56.567,90.793,87.537,259.605,578.187,2344.249,0.025,0.042,0.057,0.086,0.101,0.097,0.112,0.124,0.130,0.152,0.008,0.009,0.009,0.010,0.011,0.013,0.014,0.020,0.028,0.047
964.000,0.020,0.025,0.027,0.031,0.037,0.044,0.047,0.088,0.136,0.277,0.239,0.250,0.254,0.262,0.273,0.288,0.295,0.377,0.473,0.754,19.822,29.537,33.454,42.876,56.568,90.794,87.545,259.728,578.548,2347.739,0.006,0.008,0.010,0.013,0.015,0.015,0.017,0.018,0.019,0.022,0.053,0.061,0.064,0.069,0.076,0.081,0.087,0.119,0.147,0.207
965.000,0.061,0.074,0.079,0.089,0.101,0.117,0.125,0.211,0.305,0.604,1.123,1.148,1.157,1.177,1.203,1.233,1.251,1.421,1.611,2.207,49.722,73.866,83.634,107.208,141.431,226.941,218.878,648.998,1446.475,5851.357,0.016,0.028,0.039,0.065,0.079,0.076,0.090,0.102,0.108,0.131,0.009,0.011,0.011,0.013,0.015,0.017,0.018,0.030,0.042,0.071
966.000,0.057,0.068,0.072,0.081,0.092,0.105,0.113,0.187,0.270,0.556,1.114,1.136,1.144,1.162,1.184,1.211,1.225,1.374,1.541,2.112,50.190,73.881,83.634,107.210,141.442,226.945,218.861,649.365,1445.989,5832.282,0.014,0.024,0.034,0.057,0.071,0.068,0.082,0.092,0.098,0.120,0.010,0.012,0.013,0.014,0.016,0.019,0.020,0.034,0.049,0.080
967.000,0.026,0.033,0.035,0.041,0.048,0.057,0.061,0.112,0.172,0.476,1.052,1.065,1.070,1.081,1.095,1.114,1.122,1.224,1.344,1.952,79.646,118.226,133.814,171.541,226.296,363.170,350.142,1038.511,2314.503,9344.822,0.007,0.009,0.012,0.019,0.022,0.021,0.025,0.027,0.029,0.033,0.035,0.041,0.043,0.047,0.053,0.059,0.063,0.097,0.134,0.174
968.000,0.019,0.025,0.027,0.031,0.037,0.047,0.049,0.099,0.174,0.766,1.039,1.050,1.054,1.063,1.074,1.094,1.098,1.199,1.349,2.531,84.719,125.596,142.178,182.261,240.461,385.824,372.072,1103.350,2457.818,9875.500,0.007,0.008,0.010,0.014,0.016,0.016,0.018,0.019,0.020,0.023,0.050,0.057,0.060,0.066,0.072,0.078,0.084,0.117,0.137,0.156
969.000,0.105,0.134,0.146,0.171,0.202,0.244,0.262,0.486,0.783,1.974,1.210,1.269,1.291,1.342,1.405,1.487,1.524,1.972,2.566,4.947,85.867,125.749,142.179,182.363,240.550,385.831,372.226,1103.990,2455.190,9808.418,0.026,0.044,0.051,0.069,0.078,0.076,0.085,0.091,0.094,0.105,0.009,0.010,0.010,0.011,0.011,0.012,0.013,0.018,0.020,0.035
97.000,0.182,0.217,0.232,0.264,0.305,0.356,0.382,0.668,1.013,2.208,0.365,0.435,0.463,0.528,0.609,0.713,0.764,1.335,2.025,4.415,2354.930,3293.957,3719.609,4773.872,6295.234,10093.809,9740.388,28858.051,64232.674,257595.828,0.003,0.004,0.005,0.009,0.010,0.010,0.012,0.013,0.014,0.016,0.072,0.084,0.088,0.099,0.112,0.126,0.135,0.215,0.294,0.437
970.000,0.020,0.026,0.028,0.032,0.038,0.045,0.049,0.091,0.140,0.284,0.240,0.251,0.255,0.264,0.275,0.290,0.297,0.381,0.479,0.767,19.535,29.523,33.454,42.872,56.560,90.791,87.540,259.639,578.686,2363.124,0.006,0.008,0.010,0.014,0.016,0.015,0.017,0.019,0.020,0.023,0.052,0.059,0.062,0.067,0.073,0.079,0.084,0.115,0.142,0.200
971.000,0.052,0.065,0.070,0.080,0.093,0.108,0.117,0.203,0.298,0.593,0.304,0.331,0.340,0.360,0.386,0.417,0.435,0.606,0.796,1.387,24.413,36.907,41.817,53.591,70.702,113.468,109.435,324.570,723.250,2954.571,0.000,0.001,0.001,0.001,0.001,0.001,0.001,0.001,0.001,0.001,0.022,0.025,0.026,0.028,0.030,0.032,0.034,0.046,0.057,0.075
972.000,0.045,0.058,0.062,0.071,0.083,0.098,0.106,0.187,0.277,0.526,0.291,0.315,0.324,0.343,0.367,0.396,0.412,0.574,0.754,1.253,101.715,153.972,174.410,223.516,294.887,473.341,456.446,1353.844,3016.282,12341.592,0.003,0.004,0.005,0.007,0.008,0.008,0.009,0.009,0.010,0.011,0.106,0.120,0.125,0.134,0.145,0.154,0.164,0.217,0.265,0.375
973.000,0.053,0.067,0.072,0.082,0.095,0.110,0.119,0.201,0.296,0.560,0.306,0.334,0.343,0.364,0.390,0.420,0.439,0.601,0.792,1.319,101.863,153.909,174.410,223.516,294.868,473.345,456.386,1353.835,3016.998,12318.673,0.003,0.005,0.006,0.008,0.010,0.009,0.010,0.011,0.012,0.013,0.088,0.100,0.104,0.112,0.122,0.131,0.139,0.196,0.239,0.337
974.000,0.046,0.058,0.062,0.072,0.085,0.101,0.109,0.202,0.311,0.631,1.091,1.116,1.125,1.144,1.170,1.203,1.218,1.403,1.622,2.262,136.669,205.655,232.954,298.543,393.852,632.170,609.569,1808.423,4026.855,16380.591,0.006,0.010,0.013,0.020,0.023,0.023,0.026,0.028,0.030,0.035,0.033,0.039,0.041,0.045,0.050,0.055,0.059,0.087,0.115,0.185
975.000,0.018,0.023,0.024,0.028,0.034,0.041,0.044,0.084,0.137,0.315,1.035,1.045,1.049,1.057,1.067,1.082,1.087,1.169,1.274,1.630,141.723,213.040,241.318,309.261,407.997,654.831,631.357,1873.851,4170.848,16950.895,0.002,0.004,0.005,0.007,0.009,0.008,0.009,0.010,0.011,0.013,0.091,0.107,0.112,0.123,0.137,0.150,0.161,0.238,0.312,0.476
976.000,0.077,0.095,0.101,0.114,0.131,0.151,0.163,0.278,0.409,0.783,1.155,1.189,1.202,1.228,1.262,1.303,1.325,1.556,1.818,2.567,142.258,213.006,241.318,309.261,408.017,654.838,631.514,1874.058,4171.637,16928.287,0.004,0.007,0.009,0.015,0.018,0.017,0.020,0.022,0.024,0.029,0.020,0.024,0.025,0.028,0.032,0.036,0.039,0.061,0.084,0.141
977.000,0.024,0.031,0.034,0.039,0.046,0.055,0.059,0.109,0.166,0.329,0.249,0.262,0.267,0.278,0.292,0.309,0.318,0.417,0.532,0.858,19.547,29.524,33.454,42.872,56.559,90.791,87.541,259.605,578.761,2361.402,0.007,0.010,0.013,0.017,0.020,0.019,0.022,0.024,0.024,0.028,0.041,0.048,0.049,0.054,0.058,0.062,0.066,0.090,0.111,0.158
978.000,0.014,0.018,0.020,0.023,0.027,0.033,0.035,0.066,0.103,0.214,0.229,0.237,0.240,0.246,0.254,0.265,0.270,0.332,0.407,0.628,19.579,29.526,33.454,42.872,56.561,90.792,87.530,259.648,578.658,2356.587,0.004,0.005,0.007,0.009,0.011,0.011,0.012,0.013,0.014,0.016,0.074,0.085,0.089,0.097,0.107,0.115,0.123,0.172,0.215,0.309
979.000,0.024,0.030,0.033,0.038,0.044,0.053,0.057,0.105,0.161,0.320,0.247,0.261,0.265,0.275,0.289,0.306,0.314,0.410,0.521,0.840,34.248,51.672,58.544,75.027,98.984,158.854,153.185,454.401,1012.686,4126.145,0.004,0.006,0.007,0.010,0.011,0.011,0.012,0.013,0.013,0.015,0.075,0.086,0.090,0.097,0.106,0.113,0.121,0.165,0.203,0.288
98.000,0.122,0.148,0.159,0.183,0.214,0.256,0.273,0.500,0.807,2.020,0.244,0.296,0.317,0.366,0.427,0.512,0.545,1.001,1.614,4.041,2354.895,3293.919,3719.610,4773.805,6295.649,10093.783,9742.056,28860.171,64192.632,257613.594,0.002,0.003,0.004,0.006,0.007,0.007,0.008,0.009,0.009,0.011,0.109,0.125,0.131,0.145,0.163,0.180,0.195,0.298,0.385,0.493
980.000,0.036,0.046,0.050,0.057,0.067,0.079,0.086,0.154,0.232,0.453,0.273,0.292,0.299,0.315,0.334,0.359,0.372,0.509,0.664,1.105,34.325,51.684,58.544,75.027,98.977,158.856,153.192,454.427,1012.006,4112.493,0.005,0.007,0.008,0.011,0.012,0.012,0.013,0.014,0.015,0.017,0.047,0.053,0.055,0.059,0.064,0.068,0.073,0.096,0.117,0.162
981.000,0.213,0.253,0.270,0.307,0.353,0.409,0.440,0.750,1.104,2.145,0.626,0.706,0.739,0.813,0.906,1.017,1.080,1.701,2.408,4.490,-457.247,-53.065,-10.519,-0.407,0.245,-0.000,1.517,11.012,38.358,299.641,-inf,-1200.592,-123.876,-8.387,7.864,nan,28.777,591.370,1817953792.000,inf,-0.010,-0.001,-0.000,-0.000,0.000,0.000,0.000,0.000,0.001,0.003
982.000,0.241,0.281,0.297,0.334,0.381,0.436,0.467,0.778,1.131,2.173,1.481,1.561,1.594,1.668,1.761,1.872,1.935,2.556,3.263,5.345,151.882,223.772,252.684,324.384,427.858,685.365,662.570,1955.337,4331.405,17236.111,0.004,0.006,0.008,0.011,0.013,0.013,0.015,0.017,0.017,0.021,0.006,0.007,0.008,0.008,0.009,0.010,0.011,0.017,0.021,0.030
983.000,0.070,0.088,0.094,0.108,0.126,0.146,0.158,0.271,0.395,0.737,0.340,0.376,0.389,0.416,0.451,0.491,0.516,0.742,0.989,1.674,147.303,222.959,252.554,323.662,426.998,685.405,660.920,1960.468,4367.695,17866.539,0.004,0.005,0.007,0.009,0.010,0.009,0.010,0.011,0.011,0.013,0.091,0.102,0.106,0.113,0.121,0.129,0.136,0.178,0.216,0.301
984.000,0.087,0.109,0.117,0.134,0.155,0.180,0.195,0.337,0.497,0.997,0.373,0.418,0.434,0.467,0.510,0.561,0.590,0.874,1.194,2.195,147.606,222.899,252.554,323.662,426.990,685.406,660.900,1959.779,4369.829,17780.320,0.006,0.008,0.009,0.012,0.013,0.013,0.014,0.015,0.015,0.017,0.069,0.077,0.079,0.084,0.090,0.094,0.100,0.126,0.146,0.181
985.000,0.284,0.334,0.352,0.390,0.438,0.492,0.526,0.830,1.171,2.184,0.769,0.868,0.903,0.981,1.077,1.185,1.252,1.859,2.542,4.567,148.998,223.082,252.561,323.779,427.229,685.407,661.125,1960.687,4360.159,17635.818,0.024,0.036,0.044,0.058,0.066,0.064,0.071,0.077,0.080,0.092,0.013,0.014,0.015,0.016,0.018,0.019,0.020,0.027,0.033,0.048
986.000,0.271,0.317,0.334,0.372,0.419,0.473,0.506,0.809,1.153,2.175,0.741,0.835,0.869,0.945,1.039,1.147,1.212,1.818,2.507,4.550,150.146,223.222,252.572,323.878,427.328,685.403,661.527,1961.140,4352.565,17537.477,0.024,0.035,0.042,0.054,0.061,0.059,0.066,0.071,0.074,0.085,0.014,0.016,0.016,0.018,0.019,0.020,0.022,0.028,0.034,0.049
987.000,0.250,0.294,0.310,0.348,0.394,0.449,0.480,0.786,1.134,2.165,0.699,0.788,0.821,0.895,0.988,1.097,1.160,1.771,2.467,4.530,150.598,223.338,252.584,323.982,427.500,685.395,661.846,1960.368,4352.916,17446.895,0.019,0.028,0.033,0.042,0.047,0.046,0.050,0.053,0.056,0.064,0.015,0.018,0.018,0.020,0.021,0.022,0.024,0.030,0.035,0.052
988.000,0.194,0.231,0.246,0.282,0.327,0.386,0.411,0.734,1.158,2.556,0.587,0.662,0.693,0.764,0.854,0.971,1.023,1.668,2.516,5.311,-305.908,6.983,8.363,10.630,14.002,22.697,21.429,63.954,154.321,796.702,-5000.808,0.756,0.929,1.130,1.220,1.209,1.281,1.447,2.510,1204.628,-0.006,0.000,0.001,0.001,0.001,0.001,0.001,0.001,0.001,0.008
989.000,0.212,0.250,0.265,0.301,0.346,0.405,0.431,0.753,1.178,2.575,0.625,0.700,0.731,0.802,0.892,1.010,1.061,1.706,2.556,5.351,-554.148,-1.348,7.908,10.389,13.782,22.697,21.227,66.288,167.195,944.305,-2627.745,-0.218,0.215,0.291,0.326,0.326,0.350,0.437,0.979,1239.715,-0.008,-0.000,0.001,0.001,0.001,0.001,0.001,0.001,0.002,0.008
99.000,0.082,0.101,0.109,0.128,0.154,0.198,0.206,0.444,0.806,2.122,0.163,0.202,0.218,0.257,0.307,0.396,0.412,0.887,1.611,4.243,2354.977,3293.817,3719.611,4774.066,6295.762,10093.782,9741.835,28863.011,64180.603,257629.906,0.003,0.003,0.003,0.004,0.005,0.005,0.006,0.006,0.006,0.007,0.164,0.185,0.193,0.210,0.229,0.242,0.262,0.340,0.386,0.461
990.000,0.013,0.017,0.018,0.021,0.025,0.030,0.032,0.060,0.095,0.207,0.226,0.233,0.236,0.242,0.249,0.259,0.264,0.321,0.390,0.613,4.901,7.384,8.363,10.718,14.140,22.698,21.884,64.923,144.705,587.331,0.014,0.019,0.024,0.034,0.039,0.038,0.043,0.047,0.049,0.057,0.021,0.024,0.025,0.027,0.030,0.032,0.034,0.048,0.060,0.083
991.000,0.015,0.019,0.021,0.025,0.029,0.036,0.039,0.077,0.130,0.445,0.230,0.239,0.242,0.249,0.259,0.273,0.277,0.354,0.460,1.090,4.937,7.384,8.363,10.719,14.141,22.699,21.886,64.935,144.612,579.088,0.022,0.030,0.033,0.042,0.047,0.046,0.051,0.056,0.058,0.066,0.018,0.020,0.021,0.023,0.025,0.026,0.028,0.035,0.039,0.052
992.000,0.162,0.194,0.205,0.229,0.258,0.289,0.310,0.485,0.681,1.349,0.525,0.589,0.611,0.658,0.715,0.777,0.819,1.169,1.562,2.899,-60.090,6.887,8.286,10.590,14.076,22.700,21.891,65.464,146.555,593.720,-3565.300,0.388,0.491,0.711,0.833,0.798,0.923,1.040,1.324,855.678,-0.004,0.001,0.001,0.001,0.001,0.002,0.002,0.002,0.003,0.005
993.000,0.181,0.213,0.224,0.247,0.276,0.307,0.328,0.503,0.699,1.368,0.562,0.626,0.648,0.695,0.752,0.814,0.856,1.206,1.599,2.936,79.334,118.180,133.814,171.511,226.293,363.167,350.203,1038.659,2313.503,9305.064,0.020,0.027,0.034,0.049,0.058,0.056,0.064,0.071,0.074,0.087,0.013,0.016,0.016,0.018,0.020,0.022,0.024,0.034,0.042,0.059
994.000,0.093,0.116,0.124,0.143,0.167,0.198,0.212,0.382,0.596,1.326,0.386,0.432,0.449,0.486,0.534,0.596,0.624,0.964,1.392,2.852,79.638,118.185,133.816,171.539,226.325,363.166,350.282,1039.530,2314.789,9257.134,0.013,0.017,0.019,0.022,0.023,0.023,0.025,0.026,0.027,0.030,0.034,0.037,0.039,0.041,0.043,0.044,0.047,0.054,0.060,0.077
995.000,0.172,0.206,0.220,0.252,0.294,0.343,0.370,0.644,0.957,1.876,0.545,0.611,0.640,0.705,0.787,0.886,0.941,1.489,2.114,3.952,-8.873,7.448,8.406,10.768,14.185,22.696,21.811,64.415,144.636,611.357,-856.435,0.695,0.804,0.961,1.025,1.011,1.069,1.119,1.293,964.692,-0.000,0.001,0.001,0.001,0.001,0.001,0.001,0.001,0.002,0.007
996.000,0.178,0.211,0.226,0.258,0.299,0.349,0.376,0.650,0.964,1.883,0.556,0.623,0.652,0.717,0.799,0.897,0.952,1.501,2.127,3.965,-257.477,0.897,7.897,10.406,13.830,22.697,21.462,67.059,158.649,740.029,-5381.945,0.100,0.173,0.234,0.262,0.223,0.280,0.358,0.799,585.731,-0.003,0.000,0.001,0.001,0.001,0.001,0.001,0.002,0.002,0.009
997.000,0.006,0.008,0.009,0.010,0.012,0.015,0.016,0.030,0.049,0.111,0.213,0.216,0.217,0.220,0.224,0.229,0.231,0.260,0.298,0.422,2.447,3.691,4.182,5.359,7.070,11.349,10.942,32.456,72.362,294.742,0.012,0.017,0.021,0.031,0.036,0.035,0.040,0.043,0.045,0.053,0.022,0.026,0.027,0.029,0.032,0.035,0.038,0.054,0.069,0.100
998.000,0.103,0.122,0.129,0.144,0.162,0.181,0.195,0.303,0.411,0.767,0.405,0.445,0.458,0.488,0.525,0.562,0.591,0.806,1.022,1.734,-14.842,3.506,4.180,5.322,7.051,11.350,10.949,32.558,72.752,289.377,-1947.644,0.337,0.460,0.700,0.833,0.802,0.931,1.041,1.189,185.425,-0.002,0.001,0.001,0.001,0.001,0.002,0.002,0.003,0.003,0.006
999.000,0.105,0.124,0.131,0.146,0.164,0.183,0.197,0.304,0.412,0.768,0.409,0.448,0.462,0.492,0.528,0.566,0.594,0.808,1.024,1.737,22.544,33.267,37.635,48.256,63.656,102.129,98.500,292.163,650.773,2601.083,0.025,0.039,0.052,0.079,0.094,0.090,0.105,0.115,0.121,0.141,0.008,0.010,0.010,0.011,0.012,0.014,0.015,0.022,0.030,0.046
